0,591.145574285126,591.199483164738,0.0539088796118676,0
0.01,588.13897194087,589.433574522833,1.29460258196309,1.29460258196309
0.02,585.100156000069,587.657990981133,2.55783498106371,3.8524375630268
0.03,582.032194424297,585.824565987027,3.79237156272995,7.64480912575675
0.04,578.942757117496,583.192735769824,4.24997865232831,11.8947877780851
0.05,575.839513983603,580.553450729929,4.71393674632566,16.6087245244107
0.06,572.728600945771,577.893536946739,5.1649360009676,21.7736605253783
0.07,569.616153927151,574.943722785287,5.32756885813626,27.1012293835146
0.08,566.508308850895,572.004347833003,5.49603898210842,32.597268365623
0.09,563.412735620941,569.077940902396,5.66520528145497,38.262473647078
0.1,560.332502198867,566.057079445545,5.72457724667777,43.9870508937557
0.11,557.279880430975,563.069289702183,5.78940927120777,49.7764601649635
0.12,554.256404298052,560.110337062417,5.85393276436503,55.6303929293285
0.13,551.274345646402,557.155730801898,5.88138515549599,61.5117780848245
0.14,548.332170495238,554.242141730232,5.90997123499392,67.4217493198184
0.15,545.445218652437,551.386458776711,5.94124012427358,73.362989444092
0.16,542.611956137212,548.570487545048,5.95853140783561,79.3215208519276
0.17,539.846188776654,545.824700659362,5.9785118827084,85.300032734636
0.18,537.149450551551,543.14355711672,5.9941065651692,91.2941392998052
0.19,534.534013308206,540.544113816806,6.01010050859998,97.3042398084052
0.2,532.002945008195,538.021225756494,6.01828074829905,103.322520556704
0.21,529.559313613093,535.595026527918,6.03571291482456,109.358233471529
0.22,527.216924949992,533.250177017296,6.03325206730403,115.391485538833
0.23,524.974245038103,531.017597775898,6.04335273779463,121.434838276627
0.24,522.840477762154,528.879691687835,6.03921392568111,127.474052202309
0.25,520.821759045297,526.859957292096,6.03819824679886,133.512250449107
0.26,518.919622868318,524.947831829917,6.02820896159892,139.540459410706
0.27,517.138671173583,523.165087876252,6.02641670266928,145.566876113376
0.28,515.491175807394,521.489723467111,5.99854765971725,151.565423773093
0.29,513.972534827387,519.95912161633,5.98658678894253,157.552010562035
0.3,512.587350175926,518.550745969882,5.96339579395578,163.515406355991
0.31,511.338689814587,517.281866088917,5.94317627433048,169.458582630322
0.32,510.237291608886,516.138059050752,5.90076744186598,175.359350072188
0.33,509.283155558821,515.150484784706,5.86732922588544,181.226679298073
0.34,508.473213702817,514.290633667093,5.81741996427627,187.044099262349
0.35,507.813601964026,513.586695940712,5.77309397668591,192.817193239035
0.36,507.299718400085,513.022993352727,5.72327495264199,198.540468191677
0.37,506.940766895719,512.613443183101,5.67267628738182,204.213144479059
0.38,506.735213470143,512.339497147999,5.6042836778563,209.817428156915
0.39,506.683058123355,512.23265496856,5.54959684520492,215.36702500212
0.4,506.77356298984,512.260390070306,5.48682708046601,220.853852082586
0.41,506.992922242508,512.446702827113,5.45378058460489,226.307632667191
0.42,507.347271804509,512.772578968015,5.42530716350564,231.732939830697
0.43,507.842747598996,513.256224836013,5.41347723701648,237.146417067713
0.44,508.480883606757,513.870359347653,5.38947574089633,242.53589280861
0.45,509.264747789366,514.643596607658,5.37884881829194,247.914741626902
0.46,510.186670242885,515.552600426892,5.36593018400725,253.280671810909
0.47,511.252786890466,516.609684322002,5.35689743153586,258.637569242445
0.48,512.46156375132,517.798541410319,5.33697765899899,263.974546901444
0.49,513.805330921508,519.135760039124,5.33042911761629,269.30497601906
0.5,515.281020439454,520.592249422645,5.3112289831912,274.616205002251
0.51,516.888632305158,522.193318239539,5.3046859343807,279.920890936632
0.52,518.626632537832,523.911312581847,5.28468004401452,285.205570980646
0.53,520.491953175901,525.761824492993,5.26987131709211,290.475442297739
0.54,522.475390334637,527.72276960189,5.247379267253,295.722821564992
0.55,524.575410033253,529.807033849412,5.23162381615884,300.95444538115
0.56,526.792012271747,531.98733595454,5.19532368279272,306.149769063943
0.57,529.109857242243,534.284176847629,5.17431960538613,311.324088669329
0.58,531.532012906314,536.668932307666,5.13691940135232,316.461008070682
0.59,534.047741398447,539.15353398184,5.10579258339271,321.566800654074
0.6,536.649372814701,541.720936780228,5.07156396552659,326.638364619601
0.61,539.335373174288,544.369515947968,5.03414277367972,331.672507393281
0.62,542.091936650119,547.090651851963,4.99871520184365,336.671222595124
0.63,544.92059722298,549.882296938242,4.9616997152616,341.632922310386
0.64,547.807549065781,552.731528981926,4.92397991614541,346.556902226531
0.65,550.749724216945,555.636242276655,4.88651805970972,351.443420286241
0.66,553.736384810959,558.582991624672,4.8466068137127,356.290027099954
0.67,556.759860943881,561.569943978213,4.81008303433168,361.100110134285
0.68,559.81555067335,564.585724033372,4.77017336002223,365.870283494308
0.69,562.892716133848,567.626523421422,4.73380728757422,370.604090781882
0.7,565.988289363801,570.680877683511,4.69258831971024,375.296679101592
0.71,569.08693055533,573.74291221575,4.65598166042014,379.952660762012
0.72,572.187105727647,576.803256544732,4.61615081708453,384.568811579097
0.73,575.278077015237,579.853766908162,4.57568989292508,389.144501472022
0.74,578.356776456523,582.889683537245,4.53290708072211,393.677408552744
0.75,581.409398224416,585.897043917622,4.4876456932061,398.16505424595
0.76,584.435942318914,588.877417846238,4.44147552732386,402.606529773274
0.77,587.422602912927,591.811235276375,4.38863236344764,406.995162136721
0.78,590.367846025668,594.702710195591,4.33486416992264,411.330026306644
0.79,593.256331849257,597.533915326253,4.27758347699626,415.60760978364
0.8,596.086526402906,600.310127435695,4.22360103278913,419.83121081643
0.81,598.844623859524,603.005045033224,4.16042117370034,423.99163199013
0.82,601.527556257536,605.633026838564,4.10547058102793,428.097102571158
0.83,604.123051750638,608.168715180075,4.04566342943667,432.142766000594
0.84,606.626508396468,610.622902816307,3.99639441983857,436.139160420433
0.85,609.031790271873,612.968065402199,3.93627513032641,440.075435550759
0.86,611.328159511337,615.219102710256,3.89094319891944,443.966378749679
0.87,613.514082134074,617.346788346593,3.83270621251904,447.799084962198
0.88,615.581888236144,619.372899875598,3.7910116394545,451.590096601652
0.89,617.52237393282,621.265144285811,3.74277035299076,455.332866954643
0.9,619.3355392241,623.042729243005,3.70719001890518,459.040056973548
0.91,621.013714206047,624.672173858857,3.6584596528096,462.698516626358
0.92,622.552296936297,626.177806847955,3.6255099116579,466.324026538016
0.93,623.943617510909,627.531265625372,3.58764811446338,469.911674652479
0.94,625.186141949096,628.750920998588,3.56477904949156,473.476453701971
0.95,626.279870250859,629.810743879278,3.53087362841893,477.00732733039
0.96,627.217132512257,630.733753687714,3.51662117545698,480.523948505847
0.97,627.996394752503,631.487866052039,3.49147129953599,484.015419805383
0.98,628.614589010021,632.101760229776,3.4871712197554,487.502591025138
0.99,629.068647323235,632.54103758313,3.47239025989495,490.974981285033
1,629.352433768994,632.83595086902,3.48351710002623,494.458498385059
1.01,629.464414366509,632.95308052264,3.48866615613144,497.947164541191
1.02,629.413793000509,632.924387520334,3.51059451982485,501.457759061016
1.03,629.220511421235,632.719767864447,3.4992564432124,504.957015504228
1.04,628.881501667113,632.369882362722,3.48838069560918,508.445396199837
1.05,628.398297718929,631.843917551486,3.44561983255664,511.891016032394
1.06,627.773967538259,631.175978986227,3.40201144796765,515.293027480361
1.07,627.008511125104,630.336946758044,3.32843563294034,518.621463113302
1.08,626.094258575524,629.356497957797,3.26223938227315,521.883702495575
1.09,625.032743870308,628.211826912829,3.17908304252092,525.062785538096
1.1,623.825500990242,626.932300450634,3.10679946039181,528.169584998488
1.11,622.467927992963,625.494176989677,3.02624899671389,531.195833995201
1.12,620.961558859259,623.926904907,2.96534604774115,534.161180042943
1.13,619.31406349307,622.208125954764,2.89406246169426,537.055242504637
1.14,617.528509855971,620.367819845445,2.8393099894738,539.894552494111
1.15,615.609499890326,618.387117704212,2.77761781388608,542.672170307997
1.16,613.560101557711,616.291680394605,2.73157883689441,545.403749144891
1.17,611.391052723641,614.069415716585,2.67836299294368,548.082112137835
1.18,609.105421349691,611.741229160624,2.63580781093333,550.717919948768
1.19,606.709343359014,609.301925619896,2.5925822608823,553.310502209651
1.2,604.212022636336,606.770298013959,2.5582753776232,555.868777587274
1.21,601.619595104809,604.140631419507,2.52103631469845,558.389813901972
1.22,598.936662706797,601.42953186813,2.49286916133269,560.882683063305
1.23,596.173963307815,598.634785750332,2.46082244251681,563.343505505822
1.24,593.337632831015,595.778547361524,2.4409145305093,565.784420036331
1.25,590.439943122699,592.858154585787,2.41821146308814,568.202631499419
1.26,587.483962144443,589.885342769353,2.40138062490951,570.604012124329
1.27,584.483495723339,586.866829960843,2.38333423750407,572.987346361833
1.28,581.443145801749,583.816811166015,2.37366536426623,575.361011726099
1.29,578.375184225978,580.734825119564,2.35964089358583,577.720652619685
1.3,575.285746919176,577.635549897966,2.34980297879008,580.070455598475
1.31,572.187105727647,574.53205148698,2.34494575933286,582.415401357808
1.32,569.083862593755,571.423535305563,2.33967271180791,584.755074069616
1.33,565.991357325377,568.329359509209,2.33800218383226,587.093076253448
1.34,562.911123903303,565.248650060144,2.33752615684125,589.430602410289
1.35,559.856968154622,562.198123070141,2.34115491551859,591.771757325808
1.36,556.835026002488,559.179859383407,2.34483338091945,594.116590706727
1.37,553.854501331626,556.212982703629,2.35848137200333,596.47507207873
1.38,550.92766598834,553.291326816436,2.36366082809604,598.838732906827
1.39,548.057587934206,550.440462815319,2.38287488111257,601.221607787939
1.4,545.259606977103,547.650368996551,2.39076201944806,603.612369807387
1.41,542.538325059394,544.95224541075,2.41392035135641,606.026290158744
1.42,539.90754800817,542.331310232173,2.42376222400253,608.450052382746
1.43,537.370343785007,539.815242039074,2.4448982540672,610.894950636813
1.44,534.940518216996,537.393800873215,2.4532826562189,613.348233293032
1.45,532.625741208077,535.089918201982,2.46417699390474,615.812410286937
1.46,530.426012758249,532.892123167343,2.46611040909397,618.278520696031
1.47,528.359740636967,530.83277669954,2.47303606257321,620.751556758604
1.48,526.428458825019,528.888287218623,2.45982839360363,623.211385152208
1.49,524.63523528398,527.097212813669,2.46197752968908,625.673362681897
1.5,522.990807879367,525.430272640073,2.43946476070596,628.112827442603
1.51,521.504380495906,523.924649261773,2.42026876586681,630.53309620847
1.52,520.172885172021,522.561661424066,2.38877625204498,632.921872460515
1.53,518.999389869288,521.368514187372,2.36912431808423,635.290996778599
1.54,517.991564491648,520.317911472083,2.32634698043489,637.617343759034
1.55,517.158612923826,519.449392243218,2.29077931939162,639.908123078425
1.56,516.500535165823,518.727654203663,2.22711903784,642.135242116265
1.57,516.021933160002,518.189644778165,2.16771161816268,644.302953734428
1.58,515.715137002425,517.809332264011,2.09419526158615,646.397148996014
1.59,515.577078731516,517.618204639878,2.04112590836235,648.438274904376
1.6,515.612360289637,517.5790393133,1.96667902366346,650.40495392804
1.61,515.804107888123,517.727807259312,1.9236993711894,652.328653299229
1.62,516.152321526973,518.033755164036,1.8814336370632,654.210086936293
1.63,516.667739071702,518.518182237863,1.85044316616063,656.060530102453
1.64,517.350360522311,519.156291859731,1.80593133741968,657.866461439873
1.65,518.190981994073,519.982471533236,1.79148953916263,659.657950979035
1.66,519.197273390926,520.951620505822,1.75434711489618,661.412298093932
1.67,520.358496847355,522.100378125153,1.74188127779792,663.15417937173
1.68,521.676186344149,523.396287569261,1.72010122511222,664.874280596842
1.69,523.147273919731,524.854237714654,1.70696379492256,666.581244391764
1.7,524.770225593314,526.451638164169,1.68141257085495,668.262656962619
1.71,526.545041364898,528.204113337031,1.65907197213289,669.921728934752
1.72,528.457915407391,530.084098125567,1.6261827181761,671.547911652928
1.73,530.505779759219,532.10919636319,1.60341660397103,673.151328256899
1.74,532.690168401168,534.247580809595,1.55741240842747,674.708740665327
1.75,534.992673563784,536.515698117211,1.52302455342658,676.231765218753
1.76,537.408693304704,538.892158502912,1.48346519820836,677.715230416962
1.77,539.93669364314,541.378296665647,1.44160302250737,679.156833439469
1.78,542.558266809636,543.954815554037,1.39654874440077,680.55338218387
1.79,545.273412804194,546.631028424307,1.35761562011339,681.910997803983
1.8,548.065257838145,549.377372508032,1.31211466988668,683.22311247387
1.81,550.932267930704,552.198321864102,1.26605393339844,684.489166407268
1.82,553.85910327399,555.082671046186,1.22356777219557,685.712734179464
1.83,556.838093964064,558.019113725127,1.18101976106323,686.893753940527
1.84,559.860036116198,560.996171790587,1.13613567438904,688.029889614916
1.85,562.914191864879,564.007796667856,1.0936048029771,689.123494417893
1.86,565.992891306165,567.041354952584,1.04846364641946,690.171958064313
1.87,569.080794632179,570.086841875474,1.00604724329492,691.178005307608
1.88,572.173299900556,573.134320896988,0.961020996432239,692.13902630404
1.89,575.256601284206,576.171510694061,0.914909409855341,693.053935713895
1.9,578.324562859978,579.194111124412,0.869548264434457,693.92348397833
1.91,581.364912781567,582.181021607647,0.81610882608004,694.73959280441
1.92,584.371515125823,585.13544905124,0.763933925417405,695.503526729827
1.93,587.332098046442,588.035001858799,0.702903812357022,696.206430542184
1.94,590.237457658698,590.880460599491,0.643002940793167,696.849433482977
1.95,593.073788135498,593.649065941656,0.575277806158283,697.424711289136
1.96,595.834953553692,596.349119898994,0.514166345302101,697.938877634438
1.97,598.505614105401,598.953111847891,0.447497742489986,698.386375376928
1.98,601.079633867473,601.471357510108,0.391723642634929,698.778099019563
1.99,603.544740993606,603.869509304993,0.324768311387288,699.10286733095
2,605.893265579858,606.16935708749,0.276091507632145,699.378958838582
2.01,608.120605683868,608.334807120125,0.214201436257213,699.593160274839
2.02,610.188411785938,610.384319805346,0.19590801940808,699.789068294247
2.03,612.082878058977,612.276259450624,0.193381391646881,699.982449685894
2.04,613.823946253227,614.039097979657,0.215151726429781,700.197601412324
2.05,615.426956176568,615.638834039502,0.211877862933875,700.409479275258
2.06,616.882703944271,617.098330184734,0.21562624046328,700.625105515721
2.07,618.177383729247,618.382531376857,0.205147647610033,700.830253163331
2.08,619.312529512282,619.513538327894,0.201008815612113,701.031261978943
2.09,620.27893740865,620.459489145648,0.1805517369977,701.211813715941
2.1,621.067403533623,621.252198794483,0.184795260860255,701.396608976801
2.11,621.676393906414,621.847388833277,0.170994926863386,701.567603903665
2.12,622.09977260387,622.285476968961,0.185704365090942,701.753308268756
2.13,622.33907360678,622.527673062345,0.188599455565168,701.941907724321
2.14,622.391228953569,622.600988045627,0.209759092057652,702.151666816378
2.15,622.268510490538,622.476596901208,0.208086410670262,702.359753227049
2.16,621.987792006355,622.191381835367,0.203589829012003,702.563343056061
2.17,621.546005539444,621.705168680944,0.159163141499789,702.722506197561
2.18,620.941617109017,621.057477188464,0.115860079446861,702.838366277007
2.19,620.171558753498,620.217263460338,0.0457047068399561,702.884070983847
2.2,619.231228530524,619.218184341006,-0.0130441895183822,702.897115173366
2.21,618.126762363246,618.033893901536,-0.0928684617105091,702.989983635076
2.22,616.856626270877,616.698698493645,-0.157927777232089,703.147911412308
2.23,615.416218311052,615.188563782403,-0.227654528648713,703.375565940957
2.24,613.8147423685,613.532510281253,-0.282232087247394,703.657798028204
2.25,612.058334366371,611.711128158075,-0.347206208295574,704.0050042365
2.26,610.154664208605,609.757354416143,-0.397309792462352,704.402314028962
2.27,608.10526587599,607.654003245577,-0.451262630412998,704.853576659375
2.28,605.917809272465,605.42545305145,-0.492356221015143,705.34593288039
2.29,603.604566244333,603.06730003568,-0.537266208653364,705.883199089044
2.3,601.168604753171,600.600360532724,-0.568244220446672,706.451443309491
2.31,598.620662664493,598.016009078626,-0.604653585866572,707.056096895357
2.32,595.973011824602,595.341318147326,-0.631693677276189,707.687790572633
2.33,593.228720195075,592.574930423374,-0.653789771701213,708.341580344334
2.34,590.404661564577,589.731989870326,-0.672671694250653,709.014252038585
2.35,587.506971856261,586.818059864563,-0.688911991697751,709.703164030283
2.36,584.549456897218,583.848272731923,-0.70118416529499,710.404348195578
2.37,581.539786591386,580.831814053478,-0.707972537907608,711.112320733485
2.38,578.494834727433,577.777990533963,-0.716844193470479,711.829164926956
2.39,575.419203247722,574.701243269566,-0.717959978155932,712.547124905112
2.4,572.329765940921,571.608704494168,-0.721061446753424,713.268186351865
2.41,569.235726691755,568.51463204722,-0.721094644534901,713.9892809964
2.42,566.149357346529,565.427094852186,-0.722262494343227,714.711543490743
2.43,563.07986178997,562.367217848214,-0.712643941756369,715.4241874325
2.44,560.039511868381,559.331810562478,-0.707701305903242,716.131888738403
2.45,557.040579428064,556.346190321637,-0.694389106426797,716.82627784483
2.46,554.092268353748,553.410313073544,-0.68195528020351,717.508233125033
2.47,551.209918453311,550.545169497221,-0.664748956089738,718.172982081123
2.48,548.399665649905,547.746384739933,-0.653280909972068,718.826262991095
2.49,545.679917712983,545.047643290253,-0.632274422729779,719.458537413825
2.5,543.055276584911,542.433736075122,-0.621540509789043,720.080077923614
2.51,540.544150035142,539.938670875134,-0.605479160007917,720.685557083622
2.52,538.149606025253,537.5476325604,-0.601973464853131,721.287530548475
2.53,535.883916401546,535.295604769777,-0.588311631769443,721.875842180244
2.54,533.7624209719,533.16346054766,-0.598960424239863,722.474802604484
2.55,531.783585755527,531.188817843239,-0.59476791228758,723.069570516772
2.56,529.958148617943,529.345170021009,-0.612978596933885,723.682549113706
2.57,528.302983347815,527.67972173591,-0.623261611904809,724.305810725611
2.58,526.815021983566,526.160043566293,-0.654978417273355,724.960789142884
2.59,525.503468409924,524.826815188348,-0.676653221575634,725.63744236446
2.6,524.371390588464,523.648620100413,-0.722770488050969,726.360212852511
2.61,523.429526384702,522.667433686332,-0.762092698370338,727.122305550881
2.62,522.680943760214,521.851015589582,-0.829928170632115,727.952233721513
2.63,522.128710676575,521.238139586011,-0.890571090564208,728.842804812077
2.64,521.766691210634,520.798437557073,-0.968253653561078,729.811058465638
2.65,521.605623227906,520.567274633903,-1.03834859400285,730.849407059641
2.66,521.640904786027,520.510148866365,-1.13075591966174,731.980162979303
2.67,521.84952617318,520.664325927422,-1.18520024575776,733.165363225061
2.68,522.216147581485,520.98754892465,-1.22859865683461,734.393961881895
2.69,522.507603931183,520.996325695913,-1.5112782352702,735.905240117165
2.7,522.693215606517,521.08349517213,-1.60972043438687,737.514960551552
2.71,522.808264165608,521.229720130576,-1.57854403503234,739.093504586585
2.72,522.871157377912,521.230527782355,-1.64062959555667,740.734134182141
2.73,522.900303012882,521.255250860365,-1.64505215251711,742.379186334658
2.74,522.906438936033,521.298890285675,-1.60754865035835,743.986734985017
2.75,522.906438936033,521.286500891929,-1.61993804410452,745.606673029121
2.76,522.906438936033,521.285049735247,-1.6213892007861,747.228062229907
2.77,522.906438936033,521.292583927316,-1.61385500871745,748.841917238625
2.78,522.906438936033,521.280117386513,-1.62632154952007,750.468238788145
2.79,522.906438936033,521.274467821383,-1.6319711146499,752.100209902795
2.8,522.906438936033,521.273653422487,-1.63278551354574,753.732995416341
2.81,522.906438936033,521.268018888129,-1.63842004790399,755.371415464245
2.82,522.906438936033,521.266479959604,-1.63995897642917,757.011374440674
2.83,522.906438936033,521.269696026635,-1.63674290939844,758.648117350072
2.84,522.909506897609,521.27290416765,-1.63660272995935,760.284720080032
2.85,522.91564282076,521.281136067572,-1.63450675318768,761.919226833219
2.86,522.924846705488,521.293587915415,-1.63125879007339,763.550485623293
2.87,522.938652532579,521.310019610759,-1.62863292181953,765.179118545112
2.88,522.957060302033,521.330949457516,-1.62611084451669,766.805229389629
2.89,522.980070013852,521.357911775291,-1.62215823856081,768.42738762819
2.9,523.007681668034,521.389228146522,-1.61845352151181,770.045841149701
2.91,523.041429245367,521.426581207703,-1.61484803766405,771.660689187366
2.92,523.081312745852,521.469266769513,-1.61204597633912,773.272735163705
2.93,523.125798188701,521.519316350156,-1.60648183854516,774.87921700225
2.94,523.174885573913,521.574338052182,-1.60054752173073,776.479764523981
2.95,523.230108882277,521.636803912946,-1.59330496933057,778.073069493311
2.96,523.288400152217,521.705476100063,-1.58292405215354,779.655993545465
2.97,523.352827345308,521.780543503012,-1.57228384229643,781.228277387761
2.98,523.423390461551,521.863385889076,-1.56000457247512,782.788281960236
2.99,523.498555520157,521.953543542187,-1.54501197797038,784.333293938207
3,523.578322521127,522.050848718449,-1.52747380267806,785.860767740885
3.01,523.664225445249,522.157046919518,-1.50717852573132,787.367946266616
3.02,523.75779827331,522.271188259708,-1.48661001360188,788.854556280218
3.03,523.860574986098,522.392897560077,-1.46767742602117,790.322233706239
3.04,523.974089564402,522.521345103131,-1.45274446127132,791.77497816751
3.05,524.099875989008,522.659239874064,-1.44063611494346,793.215614282454
3.06,524.239468240706,522.805524956066,-1.43394328464012,794.649557567094
3.07,524.388264377131,522.961713245743,-1.42655113138801,796.076108698482
3.08,524.550866340647,523.125585904479,-1.42528043616755,797.501389134649
3.09,524.72267218889,523.3007138194,-1.4219583694902,798.92334750414
3.1,524.902147941072,523.484425600978,-1.41772234009363,800.341069844233
3.11,525.086225635619,523.678689403898,-1.40753623172054,801.748606075954
3.12,525.276439253316,523.882073564625,-1.39436568869098,803.142971764645
3.13,525.46972083259,524.095128578223,-1.37459225436737,804.517564019012
3.14,525.669138335015,524.318395704417,-1.35074263059789,805.86830664961
3.15,525.874691760592,524.551837670356,-1.32285409023609,807.191160739846
3.16,526.092517032472,524.794068021383,-1.29844901108891,808.489609750935
3.17,526.32568211223,525.048813959639,-1.27686815259051,809.766477903526
3.18,526.571119038292,525.312921737129,-1.25819730116245,811.024675204688
3.19,526.828827810657,525.589608661866,-1.23921914879122,812.263894353479
3.2,527.094206486961,525.878263506997,-1.21594297996421,813.479837333443
3.21,527.374924971144,526.177644152283,-1.19728081886103,814.677118152305
3.22,527.672517243994,526.487499537447,-1.18501770654711,815.862135858852
3.23,527.985449324722,526.812275197532,-1.17317412719001,817.035309986042
3.24,528.304517328603,527.149937734601,-1.15457959400192,818.189889580044
3.25,528.631255236422,527.498271901285,-1.13298333513671,819.32287291518
3.26,528.967197028969,527.857301301034,-1.1098957279354,820.432768643116
3.27,529.321546590971,528.230494418064,-1.09105217290698,821.523820816023
3.28,529.691235960851,528.614444698894,-1.0767912619566,822.600612077979
3.29,530.073197177035,529.014492824697,-1.05870435233817,823.659316430317
3.3,530.470498201097,529.427570109576,-1.04292809152059,824.702244521838
3.31,530.887740975402,529.852747688138,-1.03499328726355,825.737237809102
3.32,531.320323557586,530.292770866376,-1.02755269121019,826.764790500312
3.33,531.760576043709,530.747851313378,-1.01272473033066,827.777515230642
3.34,532.208498433772,531.216267227,-0.992231206771748,828.769746437414
3.35,532.668692670137,531.698850603165,-0.969842066971978,829.739588504386
3.36,533.142692733594,532.193607001001,-0.949085732593176,830.688674236979
3.37,533.633566585717,532.706463819401,-0.927102766316239,831.615777003296
3.38,534.142848207296,533.230001786925,-0.912846420371466,832.528623423667
3.39,534.664401675177,533.76986047309,-0.894541202086543,833.423164625754
3.4,535.198226989361,534.325957753162,-0.872269236199145,834.295433861953
3.41,535.747392111424,534.894658054676,-0.852734056747977,835.148167918701
3.42,536.316498983729,535.478558594307,-0.837940389422215,835.986108308123
3.43,536.902479644702,536.082945485296,-0.819534159405521,836.805642467528
3.44,537.511470017492,536.698441030775,-0.813028986717313,837.618671454246
3.45,538.131198255798,537.33502754316,-0.796170712637604,838.414842166883
3.46,538.763198340407,537.985423905144,-0.7777744352627,839.192616602146
3.47,539.410538232895,538.650739247055,-0.75979898583978,839.952415587986
3.48,540.074751914049,539.335659695279,-0.739092218770111,840.691507806756
3.49,540.760441326234,540.035654765631,-0.724786560602524,841.416294367358
3.5,541.458402584722,540.751691072033,-0.706711512689026,842.123005880047
3.51,542.173237631877,541.485542495799,-0.68769513607765,842.810701016125
3.52,542.908014429274,542.232171400363,-0.675843028911231,843.486544045036
3.53,543.665800938489,542.999576356301,-0.666224582188534,844.152768627225
3.54,544.438927255584,543.785250439568,-0.653676816015832,844.806445443241
3.55,545.225859399769,544.588054262518,-0.637805137250893,845.444250580492
3.56,546.029665332621,545.40641768586,-0.623247646761456,846.067498227253
3.57,546.853413015716,546.245636513398,-0.607776502318075,846.675274729571
3.58,547.694034487477,547.103168845117,-0.5908656423602,847.266140371931
3.59,548.553063728693,547.978810254804,-0.57425347388903,847.84039384582
3.6,549.43356870094,548.870761638444,-0.562807062495835,848.403200908316
3.61,550.337083385004,549.784369451721,-0.552713933282803,848.955914841599
3.62,551.255937876948,550.715821698843,-0.540116178105336,849.496031019704
3.63,552.19013217677,551.666485723552,-0.523646453217793,850.019677472922
3.64,553.145802207623,552.634292033517,-0.51151017410632,850.531187647028
3.65,554.116812046354,553.62563073733,-0.491181309024341,851.022368956053
3.66,555.109297616116,554.630786618512,-0.478510997604189,851.500879953657
3.67,556.126326878485,555.65843232592,-0.46789455256544,851.968774506222
3.68,557.163297891095,556.704949301425,-0.458348589669754,852.427123095892
3.69,558.217142692373,557.772755498543,-0.444387193829925,852.871510289722
3.7,559.289395263105,558.859841159303,-0.429554103801934,853.301064393524
3.71,560.381589584079,559.967319635662,-0.414269948416859,853.715334341941
3.72,561.493725655296,561.092378373546,-0.401347281750077,854.116681623691
3.73,562.631939399908,562.242650455406,-0.389288944501914,854.505970568193
3.74,563.790094894761,563.41077924302,-0.379315651740512,854.885286219933
3.75,564.965124178282,564.600756132812,-0.364368045470428,855.249654265404
3.76,566.160095212045,565.80810095318,-0.35199425886492,855.601648524269
3.77,567.37500799605,567.039491445489,-0.335516550560783,855.93716507483
3.78,568.614464472662,568.287076146046,-0.327388326615733,856.264553401445
3.79,569.879998622667,569.559391565743,-0.320607056924359,856.58516045837
3.8,571.160872580552,570.852179810987,-0.308692769565027,856.893853227935
3.81,572.464756250255,572.165387525907,-0.299368724347914,857.193221952283
3.82,573.785513708624,573.499635877418,-0.285877831205653,857.479099783488
3.83,575.133882821176,574.856416906815,-0.277465914361187,857.756565697849
3.84,576.505261645545,576.233951285781,-0.27131035976447,858.027876057614
3.85,577.893514258582,577.633282708245,-0.260231550336925,858.288107607951
3.86,579.303242602649,579.053106507612,-0.250136095036851,858.538243702988
3.87,580.735980658534,580.495836564442,-0.240144094092102,858.77838779708
3.88,582.196330368601,581.958386066028,-0.237944302573283,859.016332099653
3.89,583.673553867335,583.446612151673,-0.226941715661837,859.243273815315
3.9,585.173787077887,584.953998924595,-0.219788153291688,859.463061968607
3.91,586.693962038682,586.48583645792,-0.208125580762498,859.671187549369
3.92,588.241748653658,588.036914391963,-0.204834261695055,859.876021811064
3.93,589.811010999665,589.613577672236,-0.197433327428939,860.073455138493
3.94,591.400215095915,591.211593019547,-0.188622076368119,860.262077214861
3.95,593.010894923195,592.831331032111,-0.179563891083831,860.441641105945
3.96,594.649186404657,594.4715467311,-0.177639673557337,860.619280779502
3.97,596.307419636361,596.140245164271,-0.167174472090096,860.786455251592
3.98,597.987128599096,597.82638202188,-0.160746577215718,860.947201828808
3.99,599.688313292861,599.538011648528,-0.15030164433324,861.097503473141
4,601.418643621596,601.270018297729,-0.14862532386735,861.246128797009
4.01,603.167381719786,603.028100485495,-0.13928123429082,861.3854100313
4.02,604.936061568218,604.806369996893,-0.129691571324656,861.515101602624
4.03,606.732353070832,606.606500257546,-0.125852813286315,861.640954415911
4.04,608.553188266052,608.428441341975,-0.124746924077385,861.765701339988
4.05,610.392431230727,610.277932662912,-0.114498567815303,861.880199907803
4.06,612.253149926432,612.146635583568,-0.106514342864102,861.986714250667
4.07,614.143014257107,614.038291455028,-0.104722802078868,862.091437052746
4.08,616.052820338025,615.951097109605,-0.101723228420155,862.193160281166
4.09,617.982568169185,617.892135283568,-0.0904328856165648,862.283593166783
4.1,619.939927654527,619.852060205764,-0.0878674487634044,862.371460615546
4.11,621.917228890112,621.835277308959,-0.0819515811534757,862.4534121967
4.12,623.914471875939,623.840316727041,-0.0741551488981713,862.527567345598
4.13,625.939326515948,625.865952384816,-0.0733741311322547,862.60094147673
4.14,627.987190867775,627.915367055068,-0.0718238127068389,862.672765289437
4.15,630.053462989057,629.987878565611,-0.0655844234464666,862.738349712884
4.16,632.145812783733,632.08058214151,-0.0652306422225593,862.803580355106
4.17,634.261172290228,634.198974649904,-0.0621976403243707,862.86577799543
4.18,636.394939566177,636.335678097586,-0.0592614685906483,862.925039464021
4.19,638.554784515519,638.495738039092,-0.0590464764272838,862.984085940448
4.2,640.737639176681,640.680267999264,-0.057371177417167,863.041457117866
4.21,642.938901607297,642.886261274133,-0.0526403331635947,863.094097451029
4.22,645.166241711307,645.110278723801,-0.0559629875060637,863.150060438535
4.23,647.415057546347,647.363709465097,-0.0513480812496709,863.201408519785
4.24,649.682281150842,649.635599325302,-0.0466818255404178,863.248090345325
4.25,651.977116409519,651.92685989654,-0.0502565129794448,863.298346858305
4.26,654.29035943765,654.242569363987,-0.047790073662668,863.346136931967
4.27,656.625078196812,656.581892907786,-0.0431852890262689,863.389322220994
4.28,658.985874629368,658.937997679335,-0.0478769500331282,863.437199171027
4.29,661.363544850591,661.319950010802,-0.0435948397894208,863.480794010816
4.3,663.76575876442,663.721342049364,-0.0444167150560588,863.525210725872
4.31,666.189448409279,666.146159665531,-0.0432887437475529,863.56849946962
4.32,668.630011842805,668.589054348129,-0.0409574946762632,863.609456964296
4.33,671.096652949725,671.053301550034,-0.0433513996914598,863.652808363988
4.34,673.580167845312,673.539349571943,-0.0408182733685862,863.693626637356
4.35,676.086692452718,676.04403851306,-0.0426539396582939,863.736280577014
4.36,678.613158810365,678.568122525214,-0.0450362851512409,863.781316862166
4.37,681.158032937467,681.116870826488,-0.0411621109785756,863.822478973144
4.38,683.727450757176,683.679105579521,-0.0483451776549373,863.870824150799
4.39,686.312208384763,686.267587098382,-0.0446212863807887,863.91544543718
4.4,688.918441743381,688.871184985716,-0.0472567576651954,863.962702194845
4.41,691.544616852241,691.496615839361,-0.0480010128796948,864.010703207725
4.42,694.18613176898,694.142150602588,-0.0439811663915179,864.054684374116
4.43,696.852190378325,696.800106035308,-0.0520843430169862,864.106768717133
4.44,699.530520833974,699.481159870297,-0.0493609636769179,864.15612968081
4.45,702.233394982228,702.180541292624,-0.0528536896044898,864.208983370415
4.46,704.950074957574,704.894060951074,-0.0560140065000496,864.264997376915
4.47,707.685162702374,707.629494651255,-0.0556680511194827,864.320665428034
4.48,710.437124235841,710.382915324697,-0.0542089111436326,864.374874339178
4.49,713.204425577186,713.152975057801,-0.0514505193851846,864.426324858563
4.5,715.991668668775,715.937489125983,-0.0541795427918714,864.480504401355
4.51,718.792717587454,718.740053888113,-0.0526636993413376,864.533168100696
4.52,721.615242237163,721.555697584912,-0.0595446522505654,864.592712752947
4.53,724.4469707716,724.392039384144,-0.0549313874556674,864.647644140403
4.54,727.300175037068,727.237895439437,-0.0622795976306634,864.709923738033
4.55,730.16411716805,730.101629460175,-0.0624877078752206,864.772411445908
4.56,733.046467068487,732.979845936201,-0.0666211322858317,864.839032578194
4.57,735.942622796015,735.873848066224,-0.068774729790789,864.907807307985
4.58,738.854118331422,738.781300920679,-0.072817410742573,864.980624718728
4.59,741.780953674708,741.705128824796,-0.0758248499122374,865.05644956864
4.6,744.720060864297,744.642548881511,-0.0775119827861772,865.133961551426
4.61,747.672973880977,747.591606352228,-0.0813675287485012,865.215329080175
4.62,750.636624763172,750.555300061264,-0.0813247019079881,865.296653782083
4.63,753.615615453246,753.528449515779,-0.0871659374665796,865.383819719549
4.64,756.603810028047,756.51288994169,-0.0909200863571868,865.474739805906
4.65,759.607344410727,759.511171168035,-0.0961732426920889,865.570913048598
4.66,762.618548697347,762.519493909252,-0.0990547880945769,865.669967836693
4.67,765.643558811057,765.538338810262,-0.105220000794816,865.775187837488
4.68,768.674704847919,768.570013491692,-0.104691356226908,865.879879193715
4.69,771.72119069266,771.608440730099,-0.112749962560542,865.992629156275
4.7,774.772278479765,774.659295451864,-0.112983027900668,866.105612184176
4.71,777.835638113172,777.715257777511,-0.120380335661366,866.225992519837
4.72,780.903599688943,780.779036574208,-0.124563114734656,866.350555634572
4.73,783.983833111018,783.85194815232,-0.131884958698265,866.48244059327
4.74,787.067134494668,786.931611068934,-0.135523425733936,866.617964019004
4.75,790.161173743833,790.019079432031,-0.142094311802339,866.760058330806
4.76,793.256746973786,793.111825334327,-0.144921639458857,866.904979970265
4.77,796.359990107679,796.210714302938,-0.149275804741023,867.054255775006
4.78,799.466301203148,799.313999272884,-0.152301930264343,867.206557705271
4.79,802.580282202555,802.423179380295,-0.157102822259844,867.363660527531
4.8,805.694263201963,805.537592031305,-0.156671170658228,867.520331698189
4.81,808.814380124523,808.653713026019,-0.160667098504405,867.680998796693
4.82,811.934497047082,811.776378380955,-0.158118666126597,867.83911746282
4.83,815.060749892793,814.898230996909,-0.162518895883977,868.001636358704
4.84,818.183934776928,818.024419072195,-0.159515704733508,868.161152063437
4.85,821.313255584215,821.149641197634,-0.163614386580775,868.324766450018
4.86,824.439508429926,824.277306288578,-0.162202141348303,868.486968591366
4.87,827.568829237212,827.402358434694,-0.166470802517665,868.653439393884
4.88,830.695082082923,830.528328375298,-0.166753707624594,868.820193101509
4.89,833.822868909422,833.651279602537,-0.171589306885039,868.991782408394
4.9,836.944519812769,836.774008070255,-0.170511742514236,869.162294150908
4.91,840.067704696905,839.892644001857,-0.175060695048273,869.337354845956
4.92,843.184753657888,843.009843384778,-0.174910273109617,869.512265119066
4.93,846.300268638084,846.122377964465,-0.177890673618549,869.690155792684
4.94,849.409647695128,849.231672668689,-0.177975026438958,869.868130819123
4.95,852.515958790597,852.335306402497,-0.180652388099816,870.048783207223
4.96,855.614599982126,855.433799007949,-0.180800974177146,870.2295841814
4.97,858.708639231291,858.524496706373,-0.184142524917661,870.413726706318
4.98,861.793474595729,861.608331136605,-0.185143459123879,870.598870165442
4.99,864.870640056228,864.683079313564,-0.187560742664346,870.786430908106
5,867.938601631999,867.750494249828,-0.188107382170642,870.974538290277
5.01,870.995825342255,870.806840640121,-0.188984702134462,871.163522992411
5.02,874.043845167784,873.85437898755,-0.189466180234035,871.352989172645
5.03,877.079593147009,876.888543464285,-0.19104968272427,871.54403885537
5.04,880.10460326072,879.913324374922,-0.191278885797487,871.735317741167
5.05,883.115807547339,882.924119300743,-0.191688246595618,871.927005987763
5.06,886.116273968444,885.922980566322,-0.193293402122208,872.120299389885
5.07,889.099866600881,888.906149272129,-0.193717328751518,872.314016718636
5.08,892.072721367804,891.876498987315,-0.196222380489303,872.510239099126
5.09,895.025634384484,894.829149160912,-0.19648522357204,872.706724322698
5.1,897.964741574072,897.76831016923,-0.19643140484186,872.90315572754
5.11,900.885440994207,900.689215299064,-0.19622569514263,873.099381422682
5.12,903.79233458725,903.590670501975,-0.201664085274615,873.301045507957
5.13,906.676218468475,906.474459158906,-0.201759309568502,873.502804817525
5.14,909.543228561033,909.338699614076,-0.204528946957339,873.707333764483
5.15,912.388762922561,912.18027561858,-0.208487303981428,873.915821068464
5.16,915.215889514634,915.004595460272,-0.211294054361588,874.127115122826
5.17,918.020006394889,917.804247575239,-0.215758819649977,874.342873942476
5.18,920.801113563326,920.583299274677,-0.217814288649492,874.560688231125
5.19,923.560745000732,923.33890981488,-0.221835185851774,874.782523416977
5.2,926.292764783956,926.072035447767,-0.220729336189152,875.003252753166
5.21,929.004842816938,928.77744175317,-0.227401063768184,875.230653816934
5.22,931.686241234162,931.46036682327,-0.225874410892516,875.456528227827
5.23,934.344629939568,934.113298613616,-0.231331325952397,875.687859553779
5.24,936.972339029216,936.742205109151,-0.230133920064759,875.917993473844
5.25,939.572436464683,939.339592943958,-0.232843520725055,876.150836994569
5.26,942.143388265179,941.911465297715,-0.231922967463561,876.382759962033
5.27,944.683660449918,944.450049875803,-0.233610574114891,876.616370536147
5.28,947.194786999686,946.960850303845,-0.233936695840839,876.850307231988
5.29,949.672165972122,949.436505092532,-0.235660879589659,877.085968111578
5.3,952.115797367223,951.88471704445,-0.231080322773437,877.317048434351
5.31,954.528749146568,954.295873522205,-0.232875624362691,877.549924058714
5.32,956.904885387002,956.677672579977,-0.227212807025353,877.777136865739
5.33,959.248808030892,959.018892647091,-0.229915383800517,878.00705224954
5.34,961.555915135872,961.328487112543,-0.22742802332948,878.234480272869
5.35,963.824672721155,963.599286475815,-0.225386245339791,878.459866518209
5.36,966.058148748316,965.835180282769,-0.222968465546728,878.682834983756
5.37,968.251741274992,968.02940605059,-0.222335224401718,878.905170208158
5.38,970.405450301184,970.190260401266,-0.215189899917618,879.120360108075
5.39,972.522343788466,972.30817712338,-0.2141666650856,879.334526773161
5.4,974.596285813687,974.388775943499,-0.20750987018846,879.542036643349
5.41,976.62574239606,976.423522482079,-0.202219913980912,879.74425655733
5.42,978.616849458736,978.422621308964,-0.194228149772016,879.938484707102
5.43,980.561937097775,980.37314723736,-0.188789860414659,880.127274567517
5.44,982.462539293965,982.284862972914,-0.177676321050853,880.304950888568
5.45,984.320190028095,984.150295670306,-0.169894357788962,880.474845246357
5.46,986.131821338588,985.972064087583,-0.159757251005203,880.634602497362
5.47,987.895899244656,987.746430727739,-0.149468516916613,880.784071014279
5.48,989.6124237463,989.480596813351,-0.131826932949139,880.915897947228
5.49,991.282928824308,991.16082048263,-0.122108341677517,881.038006288905
5.5,992.904346517103,992.798805874961,-0.105540642141932,881.143546931047
5.51,994.475142843898,994.382388016962,-0.0927548269356748,881.236301757983
5.52,995.995317804692,995.924173410374,-0.0711443943184804,881.307446152301
5.53,997.467939361062,997.410628054068,-0.0573113069939382,881.364757459295
5.54,998.886871589857,998.849489954653,-0.0373816352039285,881.402139094499
5.55,1000.25364847186,1000.23532255409,-0.0183259177734953,881.420465012273
5.56,1001.56673602629,1001.57376758665,0.00703156036456676,881.427496572637
5.57,1002.82766823393,1002.85410724087,0.0264390069398814,881.453935579577
5.58,1004.034911114,1004.08724246942,0.0523313554211882,881.506266934998
5.59,1005.1869306857,1005.26100180723,0.0740711215267993,881.580338056525
5.6,1006.28372694904,1006.3856103774,0.101883428358747,881.682221484884
5.61,1007.32069796165,1007.4525448343,0.131846872649476,881.814068357533
5.62,1008.30397964669,1008.46724273711,0.163263090415171,881.977331447948
5.63,1009.23203802336,1009.42029610617,0.188258082808602,882.165589530757
5.64,1010.10333911088,1010.32383204068,0.220492929801139,882.386082460558
5.65,1010.91481494767,1011.16483209726,0.250017149594555,882.636099610153
5.66,1011.66799951452,1011.95300534558,0.285005831059379,882.921105441212
5.67,1012.36596077301,1012.67917199892,0.313211225905093,883.234316667117
5.68,1012.9994948384,1013.35285189061,0.353357052208935,883.587673719326
5.69,1013.56860171071,1013.9634853747,0.394883663989845,883.982557383316
5.7,1014.07941731308,1014.51898452099,0.439567207905156,884.422124591221
5.71,1014.53500960708,1015.00991211505,0.474902507969432,884.897027099191
5.72,1014.93077665035,1015.44538652392,0.514609873574955,885.411636972766
5.73,1015.26825242369,1015.81417405064,0.545921626949621,885.957558599715
5.74,1015.54130100393,1016.12987227709,0.58857127316071,886.546129872876
5.75,1015.75145637187,1016.37773668034,0.626280308468608,887.172410181345
5.76,1015.89565056593,1016.57063680684,0.674986240906378,887.847396422251
5.77,1015.97388358611,1016.69730550124,0.723421915128597,888.570818337379
5.78,1015.98768941321,1016.7665504446,0.778861031390989,889.34967936877
5.79,1015.94780591272,1016.76926733954,0.821461426816882,890.171140795587
5.8,1015.86497095017,1016.71746520884,0.852494258668798,891.023635054256
5.81,1015.73918452557,1016.59754333971,0.858358814141411,891.881993868398
5.82,1015.56737867733,1016.4223497371,0.854971059772538,892.73696492817
5.83,1015.34495146308,1016.18301449995,0.838063036867311,893.575027965037
5.84,1015.07036890205,1015.88525867569,0.814889773635514,894.389917738673
5.85,1014.74516497502,1015.52022503103,0.775060056014127,895.164977794687
5.86,1014.36320375883,1015.10356720068,0.740363441852082,895.905341236539
5.87,1013.92141729192,1014.62020785494,0.698790563017269,896.604131799556
5.88,1013.41980557429,1014.07806547419,0.658259899898326,897.262391699455
5.89,1012.85530064434,1013.47140954546,0.616108901118309,897.878500600573
5.9,1012.22330055973,1012.81036407263,0.587063512901636,898.465564113475
5.91,1011.52687328203,1012.07746985774,0.550596575713712,899.016160689188
5.92,1010.77522269597,1011.2868897903,0.511667094330051,899.527827783518
5.93,1009.96528083997,1010.43266754151,0.467386701544228,899.995214485063
5.94,1009.09551373324,1009.51774712893,0.422233395693411,900.417447880756
5.95,1008.16438739499,1008.53668965381,0.372302258824561,900.789750139581
5.96,1007.17036784444,1007.50333691542,0.332969070984973,901.122719210566
5.97,1006.11038712001,1006.40121431589,0.290827195876204,901.413546406442
5.98,1004.9844452217,1005.24353443381,0.259089212105891,901.672635618548
5.99,1003.79867807267,1004.0204200983,0.221742025634853,901.894377644183
6,1002.55461965369,1002.73975793575,0.185138282055959,902.079515926239
6.01,1001.2492020032,1001.39600545706,0.146803453862617,902.226319380101
6.02,999.882425121194,999.997506108408,0.115080987214128,902.341400367315
6.03,998.451221046097,998.535444415177,0.0842233690799503,902.425623736395
6.04,996.96172570106,997.018892314812,0.0571666137516331,902.482790350147
6.05,995.413939086084,995.440056554111,0.0261174680266549,902.508907818173
6.06,993.807861201167,993.810392466112,0.00253126494453682,902.511439083118
6.07,992.141958065523,992.118194526503,-0.0237635390196829,902.535202622138
6.08,990.41776365994,990.372231656178,-0.0455320037616502,902.580734625899
6.09,988.636811965205,988.566040678441,-0.0707712867637156,902.651505912663
6.1,986.800636962106,986.711723346683,-0.0889136154233938,902.740419528086
6.11,984.906170689067,984.797004345402,-0.10916634366481,902.849585871751
6.12,982.958015088452,982.830922912305,-0.127092176146789,902.976678047898
6.13,980.959238121837,980.811789014186,-0.147449107651028,903.124127155549
6.14,978.90370386607,978.744834084829,-0.158869781241151,903.28299693679
6.15,976.797548244303,976.619246620623,-0.178301623679658,903.46129856047
6.16,974.640771256536,974.451202883654,-0.189568372882377,903.650866933352
6.17,972.431838921981,972.230785881582,-0.201053040398733,903.851919973751
6.18,970.172285221425,969.961207327405,-0.211077894020491,904.062997867772
6.19,967.866712097233,967.643559504354,-0.223152592879387,904.286150460651
6.2,965.510517607041,965.284152684314,-0.226364922727498,904.512515383378
6.21,963.108303693212,962.873715756326,-0.234587936886328,904.747103320265
6.22,960.661604336534,960.4243413968,-0.237262939733569,904.984366259998
6.23,958.16888555622,957.928070168571,-0.240815387649377,905.225181647648
6.24,955.636283275421,955.391247821946,-0.245035453474543,905.470217101122
6.25,953.059195551773,952.812197567137,-0.246997984636096,905.717215085758
6.26,950.443758308428,950.194624987129,-0.2491333212987,905.966348407057
6.27,947.789971545386,947.5362620496,-0.253709495785984,906.220057902843
6.28,945.094767301071,944.847086602729,-0.247680698342037,906.467738601185
6.29,942.368883440998,942.117910356661,-0.250973084336806,906.718711685522
6.3,939.60311608044,939.357614025177,-0.245502055262591,906.964213740784
6.31,936.808203084913,936.560023425597,-0.248179659315838,907.2123934001
6.32,933.979542512051,933.735022460181,-0.24452005187004,907.45691345197
6.33,931.118668342645,930.877215337979,-0.241453004666482,907.698366456637
6.34,928.230182519056,927.993278328212,-0.236904190844371,907.935270647481
6.35,925.312551060498,925.078464709403,-0.23408635109547,908.169356998577
6.36,922.370375909333,922.140205177225,-0.230170732107808,908.399527730684
6.37,919.400589103986,919.17738557223,-0.223203531755644,908.62273126244
6.38,916.410860548397,916.191382833049,-0.219477715348148,908.842208977788
6.39,913.396588300202,913.186410817931,-0.210177482270524,909.052386460059
6.4,910.36544226334,910.162395650922,-0.20304661241812,909.255433072477
6.41,907.314354476235,907.119435363703,-0.194919112532148,909.450352185009
6.42,904.24946086204,904.061888615288,-0.187572246752097,909.637924431761
6.43,901.16615947839,900.988303641697,-0.177855836693311,909.815780268454
6.44,898.072120229224,897.904970618684,-0.167149610539923,909.982929878994
6.45,894.964275152968,894.810271877872,-0.154003275095647,910.13693315409
6.46,891.85029415356,891.706566242019,-0.14372791154085,910.280661065631
6.47,888.725575288637,888.595744907831,-0.129830380806084,910.410491446437
6.48,885.597788462138,885.478516585026,-0.119271877112055,910.529763323549
6.49,882.4623317317,882.35777611749,-0.104555614210199,910.634318937759
6.5,879.32840898205,879.233544297329,-0.0948646847208465,910.72918362248
6.51,876.189884290036,876.110043939357,-0.0798403506793193,910.809023973159
6.52,873.057495521173,872.986568648835,-0.0709268723376226,910.879950845497
6.53,869.925106752311,869.867635397108,-0.0574713552028925,910.9374222007
6.54,866.800387887388,866.752840896252,-0.0475469911360733,910.984969191836
6.55,863.67873698404,863.646605814551,-0.0321311694890483,911.017100361325
6.56,860.569357926996,860.548967926126,-0.0203900008701794,911.037490362195
6.57,857.467648773891,857.464210405194,-0.003438368696834,911.040928730892
6.58,854.381279428666,854.391865284423,0.0105858557574265,911.051514586649
6.59,851.308715910531,851.337000683167,0.0282847726360842,911.079799359286
6.6,848.253026181062,848.296091558019,0.0430653769574292,911.122864736243
6.61,845.214210240261,845.275721676258,0.0615114359974314,911.18437617224
6.62,842.19687003049,842.275866692937,0.078996662447139,911.263372834688
6.63,839.201005551749,839.299452952214,0.0984474004654885,911.361820235153
6.64,836.229684765615,836.345862599655,0.116177834040172,911.477998069193
6.65,833.284441652874,833.419770520655,0.135328867781482,911.613326936975
6.66,830.368344175104,830.519830140864,0.151485965759889,911.764812902735
6.67,827.481392332303,827.654730304277,0.173337971974433,911.938150874709
6.68,824.626654086048,824.817029626916,0.190375540867876,912.128526415577
6.69,821.807197397914,822.01787016117,0.210672763256071,912.339199178833
6.7,819.021488287114,819.252181946413,0.230693659299277,912.569892838132
6.71,816.277196657586,816.527238291793,0.25004163420715,912.819934472339
6.72,813.571254547756,813.835973559626,0.264719011869715,913.084653484209
6.73,810.908263899987,811.193720378222,0.285456478234551,913.370109962444
6.74,808.289758695066,808.590200065028,0.300441369961618,913.670551332405
6.75,805.715738932994,806.033488457651,0.31774952465662,913.988300857062
6.76,803.192340536922,803.520689397066,0.328348860144274,914.316649717206
6.77,800.716495545274,801.063491957698,0.346996412423891,914.66364612963
6.78,798.294339881203,798.650338703794,0.355998822591232,915.019644952221
6.79,795.92433956392,796.294901250897,0.370561686976771,915.390206639198
6.8,793.609562555,793.988393539912,0.378830984912156,915.76903762411
6.81,791.354610796808,791.743495137997,0.388884341189282,916.157921965299
6.82,789.157950308556,789.549720149735,0.391769841178871,916.549691806478
6.83,787.021115071031,787.421017523345,0.399902452314223,916.949594258793
6.84,784.948707026598,785.348821026597,0.400113999998666,917.349708258791
6.85,782.93765821368,783.343877969236,0.406219755555639,917.755928014347
6.86,780.992570574641,781.397920906229,0.405350331587556,918.161278345934
6.87,779.118046051844,779.5242740089,0.406227957056444,918.567506302991
6.88,777.311016683715,777.708422483635,0.397405799920307,918.964912102911
6.89,775.569948489465,775.970013370418,0.400064880952527,919.364976983864
6.9,773.905579334609,774.294583435277,0.389004100668217,919.753981084532
6.91,772.313307276784,772.695251904053,0.381944627268581,920.1359257118
6.92,770.796200277565,771.160949722164,0.364749444598488,920.500675156399
6.93,769.349656394589,769.70860487541,0.358948480821368,920.85962363722
6.94,767.984413493371,768.323854144468,0.339440651097107,921.199064288317
6.95,766.698937593122,767.019803762934,0.320866169811552,921.519930458129
6.96,765.491694713056,765.789536033173,0.297841320117072,921.817771778246
6.97,764.362684853172,764.64644683248,0.283761979308338,922.101533757554
6.98,763.311908013471,763.571665188725,0.259757175253981,922.361290932808
6.99,762.347034097891,762.586552284423,0.239518186531768,922.60080911934
7,761.468063106432,761.67663077781,0.208567671378205,922.809376790718
7.01,760.674995039095,760.851595795191,0.176600756096036,922.985977546814
7.02,759.966295915092,760.105858866983,0.139562951891321,923.125540498706
7.03,759.345033695999,759.450828694702,0.105794998702777,923.231335497409
7.04,758.806606439451,758.872138877822,0.0655324383709512,923.296867935779
7.05,758.352548126237,758.385904261395,0.0333561351583285,923.330224070938
7.06,757.985926717932,757.976955493159,-0.00897122477260837,923.33919529571
7.07,757.705208233749,757.661203053126,-0.0440051806227757,923.383200476333
7.08,757.510392673687,757.424971301548,-0.0854213721386259,923.468621848472
7.09,757.404547999323,757.28340697522,-0.121141024103053,923.589762872575
7.1,757.384606249081,757.222102605599,-0.162503643481955,923.752266516057
7.11,757.435227615081,757.264559178364,-0.170668436717165,923.922934952774
7.12,757.5594800589,757.374507100472,-0.184972958428034,924.107907911202
7.13,757.757363580537,757.578115366388,-0.179248214149311,924.287156125351
7.14,758.030412160781,757.863651432183,-0.166760728598319,924.45391685395
7.15,758.378625799631,758.24105992783,-0.137565871801257,924.591482725751
7.16,758.805072458663,758.694339811319,-0.110732647344093,924.702215373095
7.17,759.320490003392,759.241092817628,-0.0793971857639235,924.781612558859
7.18,759.920276491456,759.871411370708,-0.0488651207477915,924.830477679607
7.19,760.612101826792,760.586417358953,-0.0256844678392554,924.856162147446
7.2,761.383694163099,761.385971421205,0.00227725810566426,924.858439405552
7.21,762.244257385102,762.275216964777,0.0309595796746862,924.889398985226
7.22,763.193791492804,763.240095632988,0.0463041401842474,924.935703125411
7.23,764.230762505414,764.299742860905,0.0689803554910213,925.004683480902
7.24,765.342898576631,765.439051770067,0.0961531934360664,925.100836674338
7.25,766.536335629606,766.666225986711,0.129890357104614,925.230727031442
7.26,767.812607645127,767.966345943513,0.153738298385633,925.384465329828
7.27,769.176316565558,769.354971090149,0.178654524590684,925.563119854419
7.28,770.627462390897,770.816745521052,0.18928313015499,925.752402984574
7.29,772.152239294056,772.367234290747,0.214994996691303,925.967397981265
7.3,773.758317178972,773.987614661708,0.229297482736456,926.196695464001
7.31,775.442628084071,775.691148331126,0.248520247054898,926.445215711056
7.32,777.211307932503,777.463854064943,0.252546132440216,926.697761843496
7.33,779.04901691639,779.319880825018,0.270863908628257,926.968625752125
7.34,780.961890958883,781.242347255791,0.280456296908028,927.249082049033
7.35,782.951464040771,783.237502886912,0.286038846140627,927.535120895173
7.36,785.010066258113,785.301766031332,0.29169977321942,927.826820668393
7.37,787.134629649335,787.437211780196,0.302582130861083,928.129402799254
7.38,789.332824118375,789.633475740435,0.300651622060172,928.430054421314
7.39,791.592377818931,791.903966778845,0.311588959914161,928.741643381228
7.4,793.913290751001,794.229248638746,0.315957887745071,929.057601268973
7.41,796.301698837739,796.622615747869,0.320916910129654,929.378518179103
7.42,798.745330232841,799.071158897341,0.325828664500364,929.704346843603
7.43,801.247252897883,801.57706847326,0.329815575376642,930.03416241898
7.44,803.805932852076,804.133932894756,0.328000042679605,930.36216246166
7.45,806.415234172269,806.746899718889,0.331665546619547,930.693828008279
7.46,809.076690839251,809.406484659469,0.32979382021756,931.023621828497
7.47,811.782632949081,812.118741489736,0.336108540655232,931.359730369152
7.48,814.537662444124,814.87055413686,0.332891692735984,931.692622061888
7.49,817.334109420439,817.672813118836,0.338703698397126,932.031325760285
7.5,820.17043989724,820.513745503896,0.34330560665569,932.374631366941
7.51,823.048187855313,823.389649910171,0.341462054857743,932.716093421798
7.52,825.958149409933,826.301426256127,0.343276846193817,933.059370267992
7.53,828.904926503461,829.247940265638,0.34301376217752,933.40238403017
7.54,831.879315251171,832.219059925265,0.339744674094163,933.742128704264
7.55,834.885917595427,835.219247589373,0.33332999394645,934.07545869821
7.56,837.912461689925,838.245753239987,0.333291550062313,934.408750248273
7.57,840.965083457818,841.294235167728,0.329151709909866,934.737901958183
7.58,844.031511052801,844.359726339912,0.328215287111334,935.066117245294
7.59,847.117880398027,847.439920505829,0.32204010780174,935.388157353096
7.6,850.211919647192,850.537836668672,0.325917021479768,935.714074374575
7.61,853.321298704237,853.63866857594,0.317369871703136,936.031444246279
7.62,856.433745722857,856.750722814808,0.31697709195123,936.34842133823
7.63,859.552328664628,859.863382825621,0.311054160992626,936.659475499222
7.64,862.667843644824,862.977664915719,0.309821270894986,936.969296770117
7.65,865.786426586595,866.087338344131,0.300911757536483,937.270208527654
7.66,868.89580564364,869.194263270326,0.298457626686286,937.56866615434
7.67,872.00058275832,872.288783920814,0.288201162493692,937.856867316834
7.68,875.090020065122,875.375403608359,0.285383543237003,938.142250860071
7.69,878.168719506408,878.447066669411,0.27834716300265,938.420598023073
7.7,881.227477197452,881.501136025818,0.273658828365569,938.694256851439
7.71,884.270895080617,884.531916562021,0.261021481403986,938.955278332843
7.72,887.288235290388,887.543321824466,0.255086534077691,939.210364866921
7.73,890.281031807553,890.522446280301,0.241414472748147,939.451779339669
7.74,893.246216670536,893.47665690791,0.230440237374069,939.682219577043
7.75,896.177653956186,896.393432676689,0.215778720503067,939.897998297546
7.76,899.07687764529,899.277188026096,0.200310380805604,940.098308678352
7.77,901.936217833908,902.118554356195,0.182336522287187,940.280645200639
7.78,904.755674522042,904.922498461823,0.166823939781011,940.44746914042
7.79,907.527577805752,907.67528133482,0.147703529068281,940.595172669488
7.8,910.254995646612,910.385028237042,0.130032590430119,940.725205259918
7.81,912.927190179109,913.037816001357,0.110625822248267,940.835831082166
7.82,915.548763345605,915.640654644433,0.091891298827818,940.927722380994
7.83,918.112045242162,918.182352579821,0.0703073376590737,940.998029718653
7.84,920.613967907204,920.669105597213,0.0551376900085643,941.053167408662
7.85,923.052997359942,923.087364392529,0.0343670325873973,941.087534441249
7.86,925.424531658013,925.44995602112,0.0254243631069357,941.112958804356
7.87,927.72703682063,927.734601914459,0.00756509382870263,941.120523898185
7.88,929.957444886215,929.953901997153,-0.00354288906169131,941.124066787247
7.89,932.109619931619,932.099102114535,-0.0105178170837235,941.13458460433
7.9,934.188163899204,934.170780662534,-0.0173832366699571,941.151967841
7.91,936.186940865819,936.15724699132,-0.0296938744991166,941.181661715499
7.92,938.099814908312,938.076412992941,-0.0234019153709824,941.20506363087
7.93,939.92985398826,939.899505539184,-0.0303484490764276,941.235412079947
7.94,941.673990144086,941.647051675436,-0.0269384686503145,941.262350548597
7.95,943.330689395002,943.302801985058,-0.0278874099436734,941.290237958541
7.96,944.89228183707,944.877570326523,-0.01471151054659,941.304949469087
7.97,946.36490339344,946.347874581431,-0.017028812009471,941.321978281097
7.98,947.745486102537,947.737238570719,-0.00824753181814231,941.330225812915
7.99,949.026360060422,949.022226469489,-0.00413359093329291,941.334359403848
8,950.209059247882,950.219835939277,0.0107766913945397,941.345136095243
8.01,951.288981722553,951.315424695787,0.0264429732339977,941.371579068477
8.02,952.272263407588,952.319280125305,0.0470167177167014,941.418595786194
8.03,953.157370322198,953.211386978776,0.0540166565778009,941.472612442771
8.04,953.936632562444,954.016038265404,0.0794057029604573,941.552018145732
8.05,954.610050128325,954.708353194325,0.0983030659996302,941.650321211731
8.06,955.177623019843,955.304912335912,0.127289316069323,941.777610527801
8.07,955.637817256209,955.786189343203,0.148372086993732,941.925982614795
8.08,955.989098856635,956.174426441336,0.185327584700985,942.111310199496
8.09,956.223797917181,956.448619484402,0.224821567220602,942.336131766716
8.1,956.344982399424,956.624981281022,0.279998881598317,942.616130648314
8.11,956.355720264939,956.686117532971,0.330397268031902,942.946527916346
8.12,956.275953263969,956.642969319327,0.367016055358363,943.313543971705
8.13,956.105681396514,956.492845588525,0.387164192011141,943.700708163716
8.14,955.841836700998,956.246999786753,0.405163085755248,944.105871249471
8.15,955.481351215844,955.882570935432,0.401219719588426,944.50709096906
8.16,955.02729290263,955.424405412437,0.397112509807357,944.904203478867
8.17,954.481195742143,954.851322418655,0.370126676512427,945.274330155379
8.18,953.841525753595,954.183290412677,0.341764659081832,945.616094814461
8.19,953.10521497541,953.399479341051,0.294264365640743,945.910359180102
8.2,952.269195446012,952.524211101765,0.255015655753141,946.165374835855
8.21,951.333467165402,951.538024779137,0.204557613734664,946.36993244959
8.22,950.294962172003,950.459760809805,0.164798637802278,946.534731087392
8.23,949.15061250424,949.274334116293,0.123721612053032,946.658452699445
8.24,947.901952142902,947.996372640417,0.0944204975147613,946.75287319696
8.25,946.55358303035,946.610527502273,0.0569444719235435,946.809817668883
8.26,945.107039147374,945.1369201384,0.0298809910257205,946.839698659909
8.27,943.562320493973,943.562277345929,0,946.839698659909
8.28,941.919427070148,941.900200038025,-0.0192270321225578,946.858925692032
8.29,940.181426837473,940.138106009402,-0.0433208280709323,946.902246520102
8.3,938.352921738314,938.293237720236,-0.0596840180778599,946.96193053818
8.31,936.433911772669,936.353553314832,-0.0803584578368373,947.042288996017
8.32,934.427464902114,934.336864082265,-0.0906008198491008,947.132889815866
8.33,932.335115107438,932.227010160155,-0.108104947282754,947.240994763149
8.34,930.162998311792,930.047883873306,-0.115114438485989,947.356109201635
8.35,927.909580534388,927.78371147941,-0.125869054978011,947.481978256613
8.36,925.57946371759,925.44615878744,-0.133304930150075,947.615283186763
8.37,923.175715822973,923.03389362166,-0.141822201313403,947.757105388077
8.38,920.701404812113,920.55976651438,-0.141638297732584,947.898743685809
8.39,918.159598646587,918.010356882906,-0.149241763681403,948.047985449491
8.4,915.553365287969,915.405522376928,-0.147842911041266,948.195828360532
8.41,912.885772697836,912.73571765443,-0.150055043406269,948.345883403938
8.42,910.162956799339,910.014649426771,-0.148307372567842,948.494190776506
8.43,907.38338361169,907.237635660042,-0.145747951648332,948.639938728154
8.44,904.556257019617,904.414497919601,-0.14175910001552,948.78169782817
8.45,901.678509061544,901.543196457807,-0.135312603737475,948.917010431907
8.46,898.762411583773,898.632727276031,-0.129684307742309,949.04669473965
8.47,895.803362643942,895.681174438314,-0.12218820562839,949.168882945278
8.48,892.812100107565,892.700049047958,-0.112051059606756,949.280934004885
8.49,889.787089993854,889.685138288492,-0.101951705362353,949.382885710247
8.5,886.737536187537,886.645396478545,-0.0921397089921356,949.475025419239
8.51,883.663438688615,883.583393199693,-0.0800454889219964,949.555070908161
8.52,880.570933420237,880.501721184021,-0.0692122362162308,949.624283144377
8.53,877.464622324769,877.408230983857,-0.0563913409120005,949.680674485289
8.54,874.347573363785,874.304566322027,-0.04300704175796,949.723681527047
8.55,871.222854498862,871.196717331038,-0.0261371678236628,949.749818694871
8.56,868.096601653151,868.086942290844,-0.00965936230647912,949.759478057177
8.57,864.971882788228,864.982296338624,0.0104135503963789,949.769891607574
8.58,861.853299846457,861.883217684371,0.0299178379142404,949.799809445488
8.59,858.7454547702,858.798350158713,0.0528953885128658,949.852704834001
8.6,855.652949501823,855.725615375245,0.0726658734216699,949.925370707423
8.61,852.5788520029,852.674708636249,0.0958566333489443,950.021227340772
8.62,849.527764215795,849.6464485377,0.118684321904766,950.139911662676
8.63,846.505822063661,846.652345469407,0.146523405745825,950.286435068422
8.64,843.514559527284,843.682936136079,0.168376608795484,950.454811677218
8.65,840.561646510604,840.759397683431,0.197751172826884,950.652562850045
8.66,837.647083013621,837.871805956838,0.224722943217103,950.877285793262
8.67,834.781606901851,835.033686580709,0.252079678858081,951.12936547212
8.68,831.963684194505,832.24004969485,0.276365500345378,951.405730972465
8.69,829.202518776311,829.505745224302,0.303226447990824,951.708957420456
8.7,826.498110647268,826.825158076218,0.327047428949754,952.036004849406
8.71,823.858129711317,824.211597620402,0.353467909084657,952.38947275849
8.72,821.285643930033,821.656245375579,0.370601445546413,952.760074204037
8.73,818.782187284203,819.18021907356,0.398031789357447,953.158105993394
8.74,816.356963658556,816.768622214209,0.411658555653048,953.569764549047
8.75,814.006905091515,814.441844314054,0.434939222539128,954.004703771586
8.76,811.741215467808,812.188552766785,0.447337298977118,954.452041070563
8.77,809.564496729799,810.024767650926,0.460270921127403,954.912311991691
8.78,807.473680915911,807.942621389382,0.468940473470639,955.381252465162
8.79,805.476437930083,805.960219632853,0.483781702769875,955.865034167931
8.8,803.578903695469,804.058109619151,0.479205923681889,956.344240091613
8.81,801.776476269703,802.265800353571,0.489324083867928,956.833564175481
8.82,800.076825556726,800.563902609518,0.48707705279196,957.320641228273
8.83,798.484553498901,798.972617712422,0.488064213521398,957.808705441795
8.84,796.99812611544,797.476629337792,0.478503222352174,958.287208664147
8.85,795.622145348706,796.099429231366,0.477283882660231,958.764492546807
8.86,794.355077217913,794.81720335185,0.46212613393709,959.226618680744
8.87,793.206125607786,793.657766900246,0.451641292460408,959.678259973204
8.88,792.176824499115,792.600857931228,0.424033432112992,960.102293405317
8.89,791.265639911111,791.672977848866,0.407337937755415,960.509631343073
8.9,790.478707766926,790.847649206673,0.368941439747118,960.87857278282
8.91,789.809892143407,790.155768306733,0.345876163325897,961.224448946146
8.92,789.260727021344,789.570362621362,0.309635600017941,961.534084546164
8.93,788.831212400736,789.117158796548,0.285946395812289,961.820030941976
8.94,788.524416243159,788.777378653668,0.252962410509326,962.072993352485
8.95,788.351076414128,788.564527812328,0.213451398199823,962.286444750685
8.96,788.311192913643,788.465101022767,0.153908109123904,962.440352859809
8.97,788.387891953037,788.508579196406,0.120687243368707,962.561040103178
8.98,788.575037609159,788.650435659761,0.0753980506018479,962.63643815378
8.99,788.869561920434,788.926057000392,0.0564950799583812,962.692933233738
9,789.266862944496,789.318758119108,0.0518951746121274,962.74482840835
9.01,789.765406700559,789.839093551995,0.0736868514360367,962.818515259786
9.02,790.372863092561,790.467739963648,0.0948768710869672,962.913392130873
9.03,791.095368043656,791.225883419563,0.130515375906725,963.04390750678
9.04,791.942125438568,792.090102806616,0.147977368047577,963.191884874828
9.05,792.903931392573,793.086571439554,0.182640046980623,963.374524921808
9.06,793.985387848032,794.184123700529,0.198735852496839,963.573260774305
9.07,795.186494804947,795.409622111445,0.223127306497872,963.796388080803
9.08,796.501116340165,796.739244394106,0.238128053941182,964.034516134744
9.09,797.923116530535,798.189288613213,0.266172082677599,964.300688217422
9.1,799.45709731842,799.740973453559,0.283876135138939,964.584564352561
9.11,801.104592684609,801.407027961439,0.302435276829556,964.88699962939
9.12,802.859466705951,803.169069557196,0.309602851245359,965.196602480636
9.13,804.714049478504,805.043736578887,0.329687100382557,965.526289581018
9.14,806.668341002271,807.010034485234,0.341693482962683,965.867983063981
9.15,808.726943219613,809.075053498519,0.348110278906461,966.216093342887
9.16,810.874516322653,811.232219318656,0.357702996002672,966.57379633889
9.17,813.11106031139,813.483507628404,0.372447317014235,966.946243655904
9.18,815.441177128189,815.807948209033,0.366771080843705,967.313014736748
9.19,817.849526965169,818.225506472883,0.37597950771351,967.688994244461
9.2,820.33764380312,820.715111114712,0.377467311592113,968.066461556053
9.21,822.903993661252,823.278975079315,0.374981418063385,968.441442974117
9.22,825.536304693264,825.908875031007,0.3725703377429,968.81401331186
9.23,828.242246803094,828.609132592913,0.366885789818866,969.180899101679
9.24,831.003412221288,831.368719190987,0.365306969699191,969.546206071378
9.25,833.827470851786,834.184551728742,0.357080876955592,969.903286948333
9.26,836.699082886708,837.051269427588,0.35218654087987,970.255473489213
9.27,839.619782306842,839.96840491209,0.348622605248124,970.604096094461
9.28,842.583433189037,842.926006586081,0.342573397043793,970.946669491505
9.29,845.582365629353,845.921343394733,0.338977765380037,971.285647256885
9.3,848.613511666216,848.945174975329,0.331663309113083,971.617310565998
9.31,851.670735376472,851.997533661422,0.326798284950428,971.944108850949
9.32,854.749434817758,855.070412742326,0.320977924568297,972.265086775517
9.33,857.843474066923,858.15717633581,0.313702268887141,972.578789044404
9.34,860.948251181604,861.255538633441,0.30728745183751,972.886076496242
9.35,864.05609625786,864.356315220133,0.300218962272652,973.186295458514
9.36,867.165475314904,867.457793490245,0.292318175341052,973.478613633855
9.37,870.268718448797,870.55144430276,0.282725853962575,973.761339487818
9.38,873.361223717175,873.635313880891,0.274090163716323,974.035429651534
9.39,876.436855196885,876.699538434379,0.262683237493775,974.298112889028
9.4,879.494078907141,879.742220354965,0.24814144782431,974.546254336852
9.41,882.52062300164,882.753076349546,0.232453347905903,974.778707684758
9.42,885.519555441956,885.736495990412,0.216940548455568,974.995648233214
9.43,888.480138362576,888.671731298628,0.19159293605162,975.187241169265
9.44,891.40083778271,891.569871614243,0.169033831533284,975.356275000799
9.45,894.272449817632,894.412455369654,0.140005552022217,975.496280552821
9.46,897.091906505765,897.207064225887,0.115157720122397,975.611438272943
9.47,899.850003962384,899.933759305297,0.0837553429130367,975.695193615856
9.48,902.542140245123,902.604509186945,0.0623689418215463,975.757562557678
9.49,905.165247392408,905.195636277259,0.030388884851277,975.787951442529
9.5,907.71012151951,907.720366970306,0.0102454507959919,975.798196893325
9.51,910.17676262643,910.157388607768,-0.0193740186622335,975.817570911987
9.52,912.552898866865,912.517183970218,-0.0357148966472778,975.853285808635
9.53,914.836996260027,914.782681449412,-0.0543148106150966,975.90760061925
9.54,917.029054805915,916.960750443795,-0.0683043621198749,975.97590498137
9.55,919.116802658227,919.032606397302,-0.0841962609250686,976.060101242295
9.56,921.101773797752,921.015011521246,-0.086762276505965,976.146863518801
9.57,922.982434243699,922.877452198534,-0.104982045164547,976.251845563965
9.58,924.748046130556,924.643409556762,-0.104636573793755,976.356482137759
9.59,926.397075477533,926.28848553205,-0.10858994548289,976.465072083242
9.6,927.931056265418,927.824646310597,-0.106409954820606,976.571482038063
9.61,929.343852571061,929.231330930387,-0.112521640673776,976.684003678736
9.62,930.629328471309,930.532583321452,-0.09674514985727,976.780748828594
9.63,931.781348043011,931.690596813828,-0.0907512291828425,976.871500057776
9.64,932.804513228531,932.734875452176,-0.06963777635508,976.941137834131
9.65,933.700358008656,933.641681812299,-0.0586761963572826,976.999814030489
9.66,934.464280441023,934.426367774836,-0.0379126661872533,977.037726696676
9.67,935.091678583269,935.065799457438,-0.0258791258311248,977.063605822507
9.68,935.579484473816,935.586899073329,0.00741459951314027,977.07102042202
9.69,935.926164131878,935.959531934857,0.0333678029790008,977.104388224999
9.7,936.128649595879,936.208024190876,0.0793745949970344,977.183762819996
9.71,936.191542808183,936.306140258994,0.11459745081072,977.298360270807
9.72,936.124047653516,936.282652443339,0.158604789823357,977.45696506063
9.73,935.946105882121,936.10746761986,0.161361737738957,977.618326798369
9.74,935.648513609271,935.810836759707,0.162323150436009,977.780649948805
9.75,935.22820287339,935.366878100155,0.138675226764803,977.91932517557
9.76,934.683639693691,934.799241079144,0.115601385452806,978.034926561023
9.77,934.011756108597,934.086553561046,0.0747974524485926,978.109724013472
9.78,933.209484156533,933.253511287195,0.0440271306624709,978.153751144134
9.79,932.279891799074,932.278290429431,-0.00160136964302637,978.155352513777
9.8,931.218377093857,931.185654932635,-0.032722161222523,978.188074675
9.81,930.024940040882,929.954087075834,-0.0708529650484024,978.258927640048
9.82,928.702648601725,928.607343605002,-0.0953049967226889,978.354232636771
9.83,927.253036757173,927.124329724474,-0.128707032699481,978.48293966947
9.84,925.682240430378,925.533624186708,-0.148616243669949,978.63155591314
9.85,923.988725640552,923.813037319141,-0.175688321411144,978.807244234551
9.86,922.175560349271,921.988101568513,-0.187458780757652,978.994703015309
9.87,920.248880479687,920.042728616913,-0.206151862773822,979.200854878083
9.88,918.213287974163,918.001415430705,-0.21187254345773,979.41272742154
9.89,916.070316813487,915.847638144802,-0.22267866868458,979.635406090225
9.9,913.82610292081,913.600936383497,-0.225166537312589,979.860572627538
9.91,911.486782219284,911.257045376189,-0.229736843095225,980.090309470633
9.92,909.05235470891,908.82827292872,-0.224081780189636,980.314391250822
9.93,906.532024274414,906.305135356818,-0.226888917595943,980.541280168418
9.94,903.928858877372,903.712136262228,-0.216722615143908,980.758002783562
9.95,901.247460460148,901.039089601386,-0.208370858761668,980.966373642324
9.96,898.498566888257,898.302119011533,-0.19644787672371,981.162821519048
9.97,895.680644180911,895.496580164442,-0.184064016469165,981.346885535517
9.98,892.807498165201,892.637019847334,-0.170478317866923,981.517363853384
9.99,889.879128841127,889.723139867978,-0.15598897314942,981.673352826533
