0,591.145574285126,591.12583741886,-0.0197368662657027,0
0.01,588.13897194087,591.106101211559,2.96712927068904,2.96712927068904
0.02,585.100156000069,590.840603870338,5.74044787026912,8.70757714095816
0.03,582.032194424297,587.373082014952,5.34088759065514,14.0484647316133
0.04,578.942757117496,583.888770283029,4.94601316553258,18.9944778971459
0.05,575.839513983603,580.535842129079,4.69632814547572,23.6908060426216
0.06,572.728600945771,577.163908320823,4.4353073750525,28.1261134176741
0.07,569.616153927151,573.865077527061,4.24892359990997,32.3750370175841
0.08,566.508308850895,570.580231920196,4.07192306930062,36.4469600868847
0.09,563.412735620941,567.318762669361,3.90602704842036,40.3529871353051
0.1,560.332502198867,564.079312661747,3.74681046288003,44.0997975981851
0.11,557.279880430975,560.881682061356,3.60180163038081,47.7015992285659
0.12,554.256404298052,557.740569758731,3.48416546067904,51.1857646892449
0.13,551.274345646402,554.652168574927,3.37782292852455,54.5635876177695
0.14,548.332170495238,551.607055774865,3.27488527962669,57.8384728973962
0.15,545.445218652437,548.634819618932,3.18960096649505,61.0280738638912
0.16,542.611956137212,545.714350934581,3.10239479736947,64.1304686612607
0.17,539.846188776654,542.886434069871,3.04024529321669,67.1707139544774
0.18,537.149450551551,540.124699870003,2.9752493184518,70.1459632729292
0.19,534.534013308206,537.456816034545,2.922802726339,73.0687659992682
0.2,532.002945008195,534.8615853583,2.85864035010547,75.9274063493737
0.21,529.559313613093,532.38193793586,2.82262432276684,78.7500306721405
0.22,527.216924949992,529.989608372243,2.77268342225068,81.5227140943912
0.23,524.974245038103,527.719534051732,2.74528901362862,84.2680031080198
0.24,522.840477762154,525.531654227305,2.69117646515065,86.9591795731704
0.25,520.821759045297,523.484233374898,2.66247432960085,89.6216539027713
0.26,518.919622868318,521.532703208307,2.6130803399891,92.2347342427604
0.27,517.138671173583,519.728942668323,2.59027149474025,94.8250057375006
0.28,515.491175807394,518.030735535778,2.53955972838355,97.3645654658842
0.29,513.972534827387,516.488381464204,2.51584663681717,99.8804121027014
0.3,512.587350175926,515.046133167873,2.45878299194703,102.339195094648
0.31,511.338689814587,513.777356499784,2.43866668519712,104.777861779846
0.32,510.237291608886,512.62727822828,2.38998661939439,107.16784839924
0.33,509.283155558821,511.640323884955,2.35716832613429,109.525016725374
0.34,508.473213702817,510.764174751361,2.29096104854415,111.815977773918
0.35,507.813601964026,510.070075549334,2.25647358530807,114.072451359226
0.36,507.299718400085,509.495790898892,2.1960724988071,116.268523858034
0.37,506.940766895719,509.100486861488,2.15971996576917,118.428243823803
0.38,506.735213470143,508.834170776565,2.09895730642182,120.527201130225
0.39,506.683058123355,508.741210466521,2.05815234316606,122.585353473391
0.4,506.77356298984,508.768734058717,1.99517106887652,124.580524542267
0.41,506.992922242508,508.983769709229,1.99084746672133,126.571372008988
0.42,507.347271804509,509.319257246602,1.97198544209328,128.543357451082
0.43,507.842747598996,509.829854241677,1.98710664268054,130.530464093762
0.44,508.480883606757,510.46007335745,1.97918975069325,132.509653844455
0.45,509.264747789366,511.265137420653,2.00038963128657,134.510043475742
0.46,510.186670242885,512.180042240564,1.99337199767939,136.503415473421
0.47,511.252786890466,513.268737216635,2.01595032616871,138.51936579959
0.48,512.46156375132,514.477553326739,2.01598957541887,140.535355375009
0.49,513.805330921508,515.847184805418,2.04185388390965,142.577209258919
0.5,515.281020439454,517.328466741941,2.0474463024874,144.624655561406
0.51,516.888632305158,518.967506064398,2.07887375924008,146.703529320646
0.52,518.626632537832,520.704425774748,2.07779323691591,148.781322557562
0.53,520.491953175901,522.595563835856,2.10361065995539,150.884933217517
0.54,522.475390334637,524.581020566195,2.10563023155828,152.990563449076
0.55,524.575410033253,526.708638055321,2.13322802206756,155.123791471143
0.56,526.792012271747,528.921920495099,2.12990822335155,157.253699694495
0.57,529.109857242243,531.263374732626,2.15351749038302,159.407217184878
0.58,531.532012906314,533.674111349061,2.14209844274694,161.549315627625
0.59,534.047741398447,536.206415280645,2.15867388219772,163.707989509823
0.6,536.649372814701,538.80131946438,2.15194664967885,165.859936159501
0.61,539.335373174288,541.499104416279,2.1637312419906,168.023667401492
0.62,542.091936650119,544.255670623841,2.16373397372195,170.187401375214
0.63,544.92059722298,547.088718643919,2.1681214209392,172.355522796153
0.64,547.807549065781,549.974786090508,2.16723702472734,174.52275982088
0.65,550.749724216945,552.923268573687,2.17354435674213,176.696304177623
0.66,553.736384810959,555.912542102064,2.17615729110514,178.872461468728
0.67,556.759860943881,558.94549392742,2.18563298353888,181.058094452267
0.68,559.81555067335,562.000202142892,2.18465146954247,183.242745921809
0.69,562.892716133848,565.083125409524,2.19040927567573,185.433155197485
0.7,565.988289363801,568.176386017396,2.18809665359538,187.62125185108
0.71,569.08693055533,571.283212706462,2.19628215113175,189.817534002212
0.72,572.187105727647,574.385026211765,2.19792048411819,192.01545448633
0.73,575.278077015237,577.479898720714,2.20182170547673,194.217276191807
0.74,578.356776456523,580.5544797023,2.19770324577701,196.414979437584
0.75,581.409398224416,583.603139986996,2.19374176257952,198.608721200163
0.76,584.435942318914,586.622162526322,2.18622020740747,200.794941407571
0.77,587.422602912927,589.594097480469,2.17149456754214,202.966435975113
0.78,590.367846025668,592.527737336892,2.15989131122421,205.126327286337
0.79,593.256331849257,595.392594591533,2.13626274227636,207.262590028614
0.8,596.086526402906,598.206116819541,2.11959041663511,209.382180445249
0.81,598.844623859524,600.936380439188,2.09175657966455,211.473937024913
0.82,601.527556257536,603.606825874022,2.07926961648604,213.553206641399
0.83,604.123051750638,606.168520766253,2.04546901561514,215.598675657014
0.84,606.626508396468,608.659673805746,2.03316540927779,217.631841066292
0.85,609.031790271873,611.032751889487,2.00096161761439,219.632802683907
0.86,611.328159511337,613.325528983203,1.99736947186545,221.630172155772
0.87,613.514082134074,615.479703399559,1.96562126548486,223.595793421257
0.88,615.581888236144,617.53963664336,1.95774840721617,225.553541828473
0.89,617.52237393282,619.446852438047,1.9244785052266,227.4780203337
0.9,619.3355392241,621.259619918686,1.92408069458565,229.402101028285
0.91,621.013714206047,622.911003553828,1.897289347781,231.299390376066
0.92,622.552296936297,624.455271790653,1.90297485435622,233.202365230423
0.93,623.943617510909,625.818332876298,1.87471536538897,235.077080595812
0.94,625.186141949096,627.066160661808,1.88001871271149,236.957099308523
0.95,626.279870250859,628.136012564816,1.85614231395732,238.81324162248
0.96,627.217132512257,629.084016156476,1.86688364421923,240.6801252667
0.97,627.996394752503,629.847018321822,1.8506235693194,242.530748836019
0.98,628.614589010021,630.485730180749,1.8711411707277,244.401890006747
0.99,629.068647323235,630.930755140647,1.86210781741158,246.263997824158
1,629.352433768994,631.251082679383,1.8986489103886,248.162646734547
1.01,629.464414366509,631.370172060669,1.90575769415989,250.068404428707
1.02,629.413793000509,631.363846144593,1.95005314408365,252.01845757279
1.03,629.220511421235,631.153335509261,1.93282408802645,253.951281660817
1.04,628.881501667113,630.819125553956,1.93762388684354,255.88890554766
1.05,628.398297718929,630.286999082684,1.88870136375544,257.777606911416
1.06,627.773967538259,629.634376505664,1.86040896740553,259.638015878821
1.07,627.008511125104,628.784183057794,1.77567193269044,261.413687811512
1.08,626.094258575524,627.817571083778,1.72331250825357,263.137000319765
1.09,625.032743870308,626.661630094982,1.62888622467449,264.76588654444
1.1,623.825500990242,625.390128977392,1.5646279871504,266.33051453159
1.11,622.467927992963,623.938657210408,1.47072921744495,267.801243749035
1.12,620.961558859259,622.379406045068,1.41784718580925,269.219090934844
1.13,619.31406349307,620.649284669664,1.33522117659402,270.554312111438
1.14,617.528509855971,618.815997099064,1.28748724309332,271.841799354532
1.15,615.609499890326,616.819144609509,1.20964471918307,273.051444073715
1.16,613.560101557711,614.728104674489,1.16800311677798,274.219447190493
1.17,611.391052723641,612.488725290664,1.09767256702276,275.317119757516
1.18,609.105421349691,610.161605595141,1.05618424544957,276.373304002965
1.19,606.709343359014,607.70387403062,0.994530671606299,277.367834674571
1.2,604.212022636336,605.165379115248,0.953356478911815,278.321191153483
1.21,601.619595104809,602.518323533046,0.898728428237177,279.21991958172
1.22,598.936662706797,599.804138231895,0.867475525097461,280.087395106818
1.23,596.173963307815,596.99722289045,0.823259582635046,280.910654689453
1.24,593.337632831015,594.130055215217,0.792422384201927,281.703077073655
1.25,590.439943122699,591.184968091211,0.745024968511643,282.448102042167
1.26,587.483962144443,588.204898785068,0.720936640624927,283.169038682791
1.27,584.483495723339,585.173021761134,0.689526037794849,283.858564720586
1.28,581.443145801749,582.110605122492,0.667459320743319,284.52602404133
1.29,578.375184225978,579.013063388861,0.637879162883451,285.163903204213
1.3,575.285746919176,575.907199210355,0.621452291178912,285.785355495392
1.31,572.187105727647,572.783332444388,0.596226716741398,286.381582212133
1.32,569.083862593755,569.661945115816,0.578082522060981,286.959664734194
1.33,565.991357325377,566.555648818886,0.564291493508676,287.523956227703
1.34,562.911123903303,563.462846620412,0.551722717108646,288.075678944812
1.35,559.856968154622,560.406284804987,0.549316650364631,288.624995595176
1.36,556.835026002488,557.37497033753,0.539944335042264,289.164939930219
1.37,553.854501331626,554.398076640255,0.543575308628647,289.708515238847
1.38,550.92766598834,551.465448343892,0.537782355552281,290.2462975944
1.39,548.057587934206,548.610862223615,0.553274289408591,290.799571883808
1.4,545.259606977103,545.810978952787,0.551371975683992,291.350943859492
1.41,542.538325059394,543.108702277822,0.570377218427666,291.92132107792
1.42,539.90754800817,540.472575421561,0.565027413391476,292.486348491311
1.43,537.370343785007,537.961315535603,0.5909717505956,293.077320241907
1.44,534.940518216996,535.530598264286,0.590080047290371,293.667400289197
1.45,532.625741208077,533.235248392829,0.609507184752488,294.27690747395
1.46,530.426012758249,531.034916860344,0.608904102094925,294.885811576045
1.47,528.359740636967,528.980049420406,0.620308783439214,295.506120359484
1.48,526.428458825019,527.030519850702,0.602061025682929,296.108181385167
1.49,524.63523528398,525.250449052316,0.615213768336389,296.723395153503
1.5,522.990807879367,523.581678193412,0.590870314044537,297.314265467548
1.51,521.504380495906,522.099497175697,0.595116679791431,297.909382147339
1.52,520.172885172021,520.729391675738,0.55650650371706,298.465888651056
1.53,518.999389869288,519.552799131544,0.553409262255855,299.019297913312
1.54,517.991564491648,518.509939444068,0.518374952420231,299.537672865732
1.55,517.158612923826,517.669077279616,0.510464355789622,300.048137221522
1.56,516.500535165823,516.955134546454,0.454599380630611,300.502736602153
1.57,516.021933160002,516.450853498304,0.428920338302078,300.931656940455
1.58,515.715137002425,516.075062341787,0.359925339361553,301.291582279816
1.59,515.577078731516,515.911852341839,0.334773610322941,301.626355890139
1.6,515.612360289637,515.887744561261,0.275384271623579,301.901740161763
1.61,515.804107888123,516.082880723762,0.278772835638733,302.180512997401
1.62,516.152321526973,516.405220294722,0.252898767748775,302.43341176515
1.63,516.667739071702,516.936330014911,0.268590943209347,302.70200270836
1.64,517.350360522311,517.600387819947,0.250027297635597,302.952030005995
1.65,518.190981994073,518.461409839929,0.270427845856375,303.222457851852
1.66,519.197273390926,519.450334777748,0.253061386821514,303.475519238673
1.67,520.358496847355,520.650010982661,0.291514135305647,303.767033373979
1.68,521.676186344149,521.965869251649,0.28968290749981,304.056716281478
1.69,523.147273919731,523.479468582917,0.332194663186215,304.388910944665
1.7,524.770225593314,525.110027917292,0.339802323978233,304.728713268643
1.71,526.545041364898,526.915628222684,0.370586857786293,305.099300126429
1.72,528.457915407391,528.830873371721,0.37295796433034,305.47225809076
1.73,530.505779759219,530.907051352461,0.401271593242086,305.873529684002
1.74,532.690168401168,533.085176111792,0.395007710624327,306.268537394626
1.75,534.992673563784,535.412829163888,0.420155600104067,306.68869299473
1.76,537.408693304704,537.823110871552,0.414417566847987,307.103110561578
1.77,539.93669364314,540.364694854695,0.428001211555511,307.531111773134
1.78,542.558266809636,542.988336624842,0.430069815206252,307.96118158834
1.79,545.273412804194,545.7192494571,0.445836652905541,308.407018241245
1.8,548.065257838145,548.511834364429,0.446576526284275,308.85359476753
1.81,550.932267930704,551.398512781207,0.466244850502562,309.319839618032
1.82,553.85910327399,554.326760944054,0.467657670063772,309.787497288096
1.83,556.838093964064,557.318467010472,0.480373046408204,310.267870334504
1.84,559.860036116198,560.348244450791,0.488208334592741,310.756078669097
1.85,562.914191864879,563.417798581532,0.503606716653394,311.25968538575
1.86,565.992891306165,566.503813865216,0.510922559050641,311.770607944801
1.87,569.080794632179,569.604440364603,0.523645732423802,312.294253677225
1.88,572.173299900556,572.705917392282,0.532617491725659,312.82687116895
1.89,575.256601284206,575.79956286579,0.542961581583768,313.369832750534
1.9,578.324562859978,578.872675458267,0.548112598288867,313.917945348823
1.91,581.364912781567,581.913152975451,0.548240193884453,314.466185542707
1.92,584.371515125823,584.921194247606,0.549679121782901,315.01586466449
1.93,587.332098046442,587.867352925134,0.535254878692399,315.551119543183
1.94,590.237457658698,590.766296787938,0.528839129240055,316.079958672423
1.95,593.073788135498,593.582577198514,0.508789063016025,316.588747735439
1.96,595.834953553692,596.332763554943,0.497810001251082,317.08655773669
1.97,598.505614105401,598.975193736276,0.469579630874705,317.556137367565
1.98,601.079633867473,601.540870699333,0.461236831860333,318.017374199425
1.99,603.544740993606,603.981520561185,0.436779567579151,318.454153767004
2,605.893265579858,606.331656817293,0.438391237435326,318.892545004439
2.01,608.120605683868,608.525367579894,0.404761896025661,319.297306900465
2.02,610.188411785938,610.620843676146,0.432431890207567,319.729738790673
2.03,612.082878058977,612.548305548063,0.465427489085869,320.195166279759
2.04,613.823946253227,614.364592397584,0.54064614435697,320.735812424116
2.05,615.426956176568,615.981324204875,0.554368028307408,321.290180452423
2.06,616.882703944271,617.474437777917,0.591733833646344,321.881914286069
2.07,618.177383729247,618.77217449616,0.594790766912638,322.476705052982
2.08,619.312529512282,619.944437294994,0.631907782711551,323.108612835693
2.09,620.27893740865,620.909201856953,0.63026444830291,323.738877283996
2.1,621.067403533623,621.729215458295,0.661811924672293,324.400689208669
2.11,621.676393906414,622.332522331774,0.656128425360521,325.056817634029
2.12,622.09977260387,622.800650912099,0.700878308229335,325.757695942259
2.13,622.33907360678,623.040202768207,0.701129161427389,326.458825103686
2.14,622.391228953569,623.144461287275,0.753232333705682,327.212057437392
2.15,622.268510490538,623.023133159709,0.754622669170544,327.966680106562
2.16,621.987792006355,622.754658510825,0.766866504469817,328.733546611032
2.17,621.546005539444,622.259808129994,0.713802590550017,329.447349201582
2.18,620.941617109017,621.631366052596,0.689748943579275,330.137098145161
2.19,620.171558753498,620.779336622051,0.60777786855283,330.744876013714
2.2,619.231228530524,619.79319754546,0.561969014936267,331.30684502865
2.21,618.126762363246,618.592230970869,0.465468607623166,331.772313636274
2.22,616.856626270877,617.26382750768,0.407201236802848,332.179514873076
2.23,615.416218311052,615.733532408442,0.317314097390295,332.496828970467
2.24,613.8147423685,614.083415281215,0.268672912715488,332.765501883182
2.25,612.058334366371,612.246915315247,0.188580948875824,332.954082832058
2.26,610.154664208605,610.29340833304,0.138744124434993,333.092826956493
2.27,608.10526587599,608.1640194529,0.0587535769104761,333.151580533403
2.28,605.917809272465,605.93365804548,0.015848773014568,333.167429306418
2.29,603.604566244333,603.551287314536,-0.0532789297971021,333.220708236215
2.3,601.168604753171,601.072897094388,-0.0957076587834536,333.316415894999
2.31,598.620662664493,598.466809264532,-0.153853399960894,333.470269294959
2.32,595.973011824602,595.7816044281,-0.191407396501745,333.661676691461
2.33,593.228720195075,592.983990490581,-0.244729704493693,333.906406395955
2.34,590.404661564577,590.124337961919,-0.280323602658086,334.186729998613
2.35,587.506971856261,587.185128953512,-0.321842902748699,334.508572901362
2.36,584.549456897218,584.198425339329,-0.351031557888632,334.85960445925
2.37,581.539786591386,581.153952399476,-0.385834191910362,335.245438651161
2.38,578.494834727433,578.07885158463,-0.415983142803498,335.661421793964
2.39,575.419203247722,574.977902040447,-0.441301207275387,336.10272300124
2.4,572.329765940921,571.863095044211,-0.466670896709957,336.56939389795
2.41,569.235726691755,568.748181467486,-0.487545224269297,337.056939122219
2.42,566.149357346529,565.638731550243,-0.510625796286035,337.567564918505
2.43,563.07986178997,562.552438408648,-0.527423381321569,338.094988299826
2.44,560.039511868381,559.492808156898,-0.546703711483474,338.64169201131
2.45,557.040579428064,556.491367164323,-0.549212263741424,339.190904275051
2.46,554.092268353748,553.531688427893,-0.560579925855109,339.751484200906
2.47,551.209918453311,550.651560441238,-0.558358012072631,340.309842212979
2.48,548.399665649905,547.835662696784,-0.564002953120735,340.8738451661
2.49,545.679917712983,545.122472767095,-0.557444945888392,341.431290111988
2.5,543.055276584911,542.485785891524,-0.569490693387138,342.000780805375
2.51,540.544150035142,539.984407793783,-0.559742241358663,342.560523046734
2.52,538.149606025253,537.576307497035,-0.573298528217492,343.133821574951
2.53,535.883916401546,535.32341638436,-0.560500017185632,343.694321592137
2.54,533.7624209719,533.17550403058,-0.586916941319714,344.281238533457
2.55,531.783585755527,531.204223494442,-0.57936226108518,344.860600794542
2.56,529.958148617943,529.351656326665,-0.606492291277846,345.46709308582
2.57,528.302983347815,527.693913630584,-0.60906971723125,346.076162803051
2.58,526.815021983566,526.159199295029,-0.655822688537114,346.731985491588
2.59,525.503468409924,524.843671562996,-0.65979684692843,347.391782338517
2.6,524.371390588464,523.663670731644,-0.707719856819722,348.099502195336
2.61,523.429526384702,522.708639781917,-0.720886602784731,348.820388798121
2.62,522.680943760214,521.889723650487,-0.791220109726623,349.611608907848
2.63,522.128710676575,521.303545890944,-0.825164785631046,350.436773693479
2.64,521.766691210634,520.864776882162,-0.901914328472003,351.338688021951
2.65,521.605623227906,520.66367739314,-0.941945834766102,352.280633856717
2.66,521.640904786027,520.616886856161,-1.0240179298662,353.304651786583
2.67,521.84952617318,520.809241939042,-1.04028423413843,354.344936020721
2.68,522.216147581485,521.152419514719,-1.06372806676575,355.408664087487
2.69,522.507603931183,521.733531083158,-0.774072848024957,356.182736935512
2.7,522.693215606517,522.454872229303,-0.238343377213937,356.421080312726
2.71,522.808264165608,522.483669716196,-0.324594449412189,356.745674762138
2.72,522.871157377912,522.490053909275,-0.381103468636979,357.126778230775
2.73,522.900303012882,522.510887619487,-0.389415393395211,357.516193624171
2.74,522.906438936033,522.524905895619,-0.381533040414524,357.897726664585
2.75,522.906438936033,522.531928718048,-0.374510217985289,358.27223688257
2.76,522.906438936033,522.535236222846,-0.371202713187472,358.643439595758
2.77,522.906438936033,522.538114019774,-0.368324916259098,359.011764512017
2.78,522.906438936033,522.543376566216,-0.363062369816703,359.374826881834
2.79,522.906438936033,522.552466523874,-0.353972412158669,359.728799293992
2.8,522.906438936033,522.563771757502,-0.342667178531428,360.071466472524
2.81,522.906438936033,522.578924397692,-0.327514538341461,360.398981010865
2.82,522.906438936033,522.596404566735,-0.310034369298137,360.709015380163
2.83,522.906438936033,522.618472811857,-0.287966124175909,360.996981504339
2.84,522.909506897609,522.642651130545,-0.266855767064499,361.263837271404
2.85,522.91564282076,522.671700657092,-0.243942163668407,361.507779435072
2.86,522.924846705488,522.703609848385,-0.221236857102895,361.729016292175
2.87,522.938652532579,522.741222807674,-0.197429724905419,361.92644601708
2.88,522.957060302033,522.782718948911,-0.174341353121577,362.100787370202
2.89,522.980070013852,522.83083394527,-0.149236068581899,362.250023438784
2.9,523.007681668034,522.882996501016,-0.124685167017901,362.374708605802
2.91,523.041429245367,522.942477235642,-0.0989520097252807,362.473660615527
2.92,523.081312745852,523.006421948108,-0.0748907977437057,362.548551413271
2.93,523.125798188701,523.077440985114,-0.0483572035872157,362.596908616858
2.94,523.174885573913,523.153218919107,-0.0216666548058129,362.618575271664
2.95,523.230108882277,523.238518678401,0.00840979612416959,362.626985067788
2.96,523.288400152217,523.327929287286,0.0395291350685056,362.666514202856
2.97,523.352827345308,523.426220227248,0.073392881939867,362.739907084796
2.98,523.423390461551,523.529818648799,0.106428187248184,362.846335272045
2.99,523.498555520157,523.640733176232,0.142177656074978,362.98851292812
3,523.578322521127,523.759653470404,0.181330949277481,363.169843877397
3.01,523.664225445249,523.886701716061,0.22247627081174,363.392320148209
3.02,523.75779827331,524.021313883369,0.263515610058789,363.655835758268
3.03,523.860574986098,524.165604640398,0.30502965430037,363.960865412568
3.04,523.974089564402,524.318223386864,0.344133822462368,364.30499923503
3.05,524.099875989008,524.478550156477,0.378674167469285,364.6836734025
3.06,524.239468240706,524.643883469874,0.404415229168194,365.088088631668
3.07,524.388264377131,524.819760561331,0.431496184199545,365.519584815867
3.08,524.550866340647,525.004708419807,0.453842079159699,365.973426895027
3.09,524.72267218889,525.201876532028,0.479204343137553,366.452631238165
3.1,524.902147941072,525.405283203477,0.50313526240484,366.955766500569
3.11,525.086225635619,525.621891924962,0.535666289342657,367.491432789912
3.12,525.276439253316,525.846032372141,0.569593118824969,368.061025908737
3.13,525.46972083259,526.082695154615,0.612974322025138,368.674000230762
3.14,525.669138335015,526.326835157771,0.657696822756407,369.331697053519
3.15,525.874691760592,526.581300267476,0.706608506884436,370.038305560403
3.16,526.092517032472,526.84567990957,0.753162877098248,370.791468437501
3.17,526.32568211223,527.121015670798,0.795333558567563,371.586801996069
3.18,526.571119038292,527.404350580332,0.833231542039584,372.420033538108
3.19,526.828827810657,527.701894998034,0.873067187376932,373.293100725485
3.2,527.094206486961,528.00815779926,0.913951312299446,374.207052037785
3.21,527.374924971144,528.329643686217,0.954718715073113,375.161770752858
3.22,527.672517243994,528.662680637425,0.990163393430862,376.151934146289
3.23,527.985449324722,529.00719297517,1.02174365044812,377.173677796737
3.24,528.304517328603,529.360366936027,1.05584960742385,378.229527404161
3.25,528.631255236422,529.730682192954,1.09942695653183,379.328954360693
3.26,528.967197028969,530.11551716333,1.14832013436114,380.477274495054
3.27,529.321546590971,530.510895717892,1.189349126921,381.666623621975
3.28,529.691235960851,530.91353504485,1.22229908399902,382.888922705974
3.29,530.073197177035,531.331245866963,1.25804868992782,384.146971395902
3.3,530.470498201097,531.759817582939,1.28931938184235,385.436290777744
3.31,530.887740975402,532.2085488374,1.32080786199765,386.757098639742
3.32,531.320323557586,532.669472900917,1.34914934333085,388.106247983072
3.33,531.760576043709,533.143018050138,1.38244200642919,389.488689989502
3.34,532.208498433772,533.630279234144,1.42178080037252,390.910470789874
3.35,532.668692670137,534.134100183946,1.46540751380905,392.375878303683
3.36,533.142692733594,534.651996453994,1.5093037204,393.885182024083
3.37,533.633566585717,535.183423004654,1.549856418937,395.43503844302
3.38,534.142848207296,535.724660125417,1.58181191812059,397.016850361141
3.39,534.664401675177,536.28750936693,1.62310769175338,398.639958052894
3.4,535.198226989361,536.858457611936,1.66023062257489,400.300188675469
3.41,535.747392111424,537.448525373465,1.70113326204125,402.00132193751
3.42,536.316498983729,538.053555560668,1.73705657693893,403.738378514449
3.43,536.902479644702,538.67231107013,1.76983142542758,405.508209939877
3.44,537.511470017492,539.30517494508,1.79370492758756,407.301914867464
3.45,538.131198255798,539.961862271068,1.8306640152698,409.132578882734
3.46,538.763198340407,540.6282447889,1.86504644849344,410.997625331228
3.47,539.410538232895,541.31979863697,1.90926040407521,412.906885735303
3.48,540.074751914049,542.020200176514,1.94544826246477,414.852333997768
3.49,540.760441326234,542.737754368646,1.97731304241211,416.82964704018
3.5,541.458402584722,543.473939770606,2.01553718588355,418.845184226063
3.51,542.173237631877,544.226157867642,2.05292023576453,420.898104461828
3.52,542.908014429274,544.994871978949,2.08685754967473,422.984962011502
3.53,543.665800938489,545.780102473295,2.11430153480569,425.099263546308
3.54,544.438927255584,546.576088078003,2.13716082241876,427.236424368727
3.55,545.225859399769,547.396286112565,2.17042671279626,429.406851081523
3.56,546.029665332621,548.235339257469,2.20567392484759,431.612525006371
3.57,546.853413015716,549.094351394732,2.24093837901603,433.853463385387
3.58,547.694034487477,549.964649714704,2.27061522722704,436.124078612614
3.59,548.553063728693,550.857522255912,2.30445852721891,438.428537139833
3.6,549.43356870094,551.769544014638,2.33597531369799,440.764512453531
3.61,550.337083385004,552.701384220749,2.36430083574544,443.128813289276
3.62,551.255937876948,553.645871561252,2.38993368430431,445.51874697358
3.63,552.19013217677,554.61431817758,2.42418600081044,447.942932974391
3.64,553.145802207623,555.600367668673,2.45456546105038,450.397498435441
3.65,554.116812046354,556.607548464013,2.49073641765858,452.8882348531
3.66,555.109297616116,557.628286689749,2.51898907363272,455.407223926733
3.67,556.126326878485,558.67664417542,2.55031729693496,457.957541223668
3.68,557.163297891095,559.734612474873,2.57131458377762,460.528855807445
3.69,558.217142692373,560.818734156811,2.60159146443834,463.130447271883
3.7,559.289395263105,561.918361991334,2.62896672822944,465.759414000113
3.71,560.381589584079,563.044523697387,2.66293411330776,468.422348113421
3.72,561.493725655296,564.187417349193,2.69369169389654,471.116039807317
3.73,562.631939399908,565.35153651796,2.71959711805209,473.835636925369
3.74,563.790094894761,566.530095734871,2.74000084011004,476.575637765479
3.75,564.965124178282,567.738270974592,2.77314679630979,479.348784561789
3.76,566.160095212045,568.962372725666,2.80227751362145,482.151062075411
3.77,567.37500799605,570.211060881985,2.83605288593515,484.987114961346
3.78,568.614464472662,571.471049729351,2.85658525668862,487.843700218034
3.79,569.879998622667,572.759451358543,2.87945273587559,490.72315295391
3.8,571.160872580552,574.059781980021,2.89890939946918,493.622062353379
3.81,572.464756250255,575.390143444551,2.92538719429558,496.547449547675
3.82,573.785513708624,576.738346677263,2.95283296863897,499.500282516314
3.83,575.133882821176,578.109623468723,2.97574064754667,502.47602316386
3.84,576.505261645545,579.498899258214,2.99363761266932,505.46966077653
3.85,577.893514258582,580.912086477324,3.01857221874218,508.488232995272
3.86,579.303242602649,582.346021451471,3.04277884882185,511.531011844094
3.87,580.735980658534,583.802138619469,3.06615796093547,514.597169805029
3.88,582.196330368601,585.276970530432,3.0806401618305,517.67780996686
3.89,583.673553867335,586.776075557584,3.10252169024909,520.780331657109
3.9,585.173787077887,588.293342587384,3.11955550949665,523.899887166605
3.91,586.693962038682,589.839980645415,3.14601860673281,527.045905773338
3.92,588.241748653658,591.40279575793,3.16104710427248,530.206952877611
3.93,589.811010999665,592.993061609421,3.1820506097564,533.389003487367
3.94,591.400215095915,594.597577769945,3.19736267403005,536.586366161397
3.95,593.010894923195,596.232164919822,3.22126999662669,539.807636158024
3.96,594.649186404657,597.88575915132,3.23657274666266,543.044208904686
3.97,596.307419636361,599.562532746761,3.25511311040043,546.299322015087
3.98,597.987128599096,601.255647508898,3.26851890980174,549.567840924889
3.99,599.688313292861,602.982527494343,3.29421420148162,552.86205512637
4,601.418643621596,604.723439394379,3.30479577278322,556.166850899153
4.01,603.167381719786,606.493086725091,3.32570500530539,559.492555904459
4.02,604.936061568218,608.276970925453,3.34090935723543,562.833465261694
4.03,606.732353070832,610.092990394934,3.36063732410196,566.194102585796
4.04,608.553188266052,611.925158662794,3.3719703967422,569.566072982538
4.05,610.392431230727,613.779880636948,3.38744940622075,572.953522388759
4.06,612.253149926432,615.652979302987,3.39982937655486,576.353351765314
4.07,614.143014257107,617.559124358439,3.41611010133227,579.769461866646
4.08,616.052820338025,619.482289313685,3.42946897565969,583.198930842306
4.09,617.982568169185,621.428711546721,3.44614337753637,586.645074219842
4.1,619.939927654527,623.39124425549,3.45131660096274,590.096390820805
4.11,621.917228890112,625.388594116654,3.47136522654159,593.567756047347
4.12,623.914471875939,627.401686928681,3.48721505274227,597.054971100089
4.13,625.939326515948,629.439121004038,3.49979448808972,600.554765588179
4.14,627.987190867775,631.49337984952,3.50618898174525,604.060954569924
4.15,630.053462989057,633.569156472402,3.51569348334453,607.576648053269
4.16,632.145812783733,635.669011950855,3.52319916712156,611.09984722039
4.17,634.261172290228,637.792954069051,3.53178177882262,614.631628999213
4.18,636.394939566177,639.936301929659,3.54136236348234,618.172991362695
4.19,638.554784515519,642.106488803016,3.55170428749705,621.724695650192
4.2,640.737639176681,644.291105042577,3.5534658658961,625.278161516088
4.21,642.938901607297,646.500939539723,3.56203793242594,628.840199448514
4.22,645.166241711307,648.734431175401,3.56818946409408,632.408388912608
4.23,647.415057546347,650.991428831655,3.57637128530803,635.984760197916
4.24,649.682281150842,653.261910859909,3.57962970906715,639.564389906983
4.25,651.977116409519,655.565397750603,3.58828134108376,643.152671248067
4.26,654.29035943765,657.884964825068,3.59460538741791,646.747276635485
4.27,656.625078196812,660.224182314448,3.59910411763599,650.346380753121
4.28,658.985874629368,662.584117870802,3.59824324143369,653.944623994555
4.29,661.363544850591,664.97140906097,3.60786421037892,657.552488204934
4.3,663.76575876442,667.373067548205,3.60730878378479,661.159796988718
4.31,666.189448409279,669.801415347491,3.61196693821216,664.771763926931
4.32,668.630011842805,672.245896727392,3.61588488458688,668.387648811517
4.33,671.096652949725,674.71826838719,3.6216154374647,672.009264248982
4.34,673.580167845312,677.202785015742,3.62261717042998,675.631881419412
4.35,676.086692452718,679.709618393537,3.62292594081885,679.254807360231
4.36,678.613158810365,682.23693646385,3.62377765348526,682.878585013716
4.37,681.158032937467,684.783119133098,3.6250861956313,686.503671209348
4.38,683.727450757176,687.346857344678,3.61940658750177,690.123077796849
4.39,686.312208384763,689.937359710341,3.62515132557746,693.748229122427
4.4,688.918441743381,692.537069703995,3.61862796061405,697.366857083041
4.41,691.544616852241,695.167745082438,3.62312823019681,700.989985313238
4.42,694.18613176898,697.806420415226,3.62028864624631,704.610273959484
4.43,696.852190378325,700.472471205632,3.62028082730728,708.230554786791
4.44,699.530520833974,703.154123996007,3.62360316203251,711.854157948824
4.45,702.233394982228,705.845615132769,3.61222015054148,715.466378099365
4.46,704.950074957574,708.56082822798,3.61075327040601,719.077131369771
4.47,707.685162702374,711.293353184579,3.60819048220469,722.685321851976
4.48,710.437124235841,714.040650238474,3.60352600263263,726.288847854609
4.49,713.204425577186,716.80883761391,3.6044120367244,729.893259891333
4.5,715.991668668775,719.594639541488,3.60297087271306,733.496230764046
4.51,718.792717587454,722.398325996312,3.60560840885796,737.101839172904
4.52,721.615242237163,725.210604834036,3.59536259687343,740.697201769777
4.53,724.4469707716,728.040690452981,3.59371968138123,744.290921451159
4.54,727.300175037068,730.881032722726,3.58085768565763,747.871779136816
4.55,730.16411716805,733.746715177492,3.58259800944154,751.454377146258
4.56,733.046467068487,736.615384765846,3.56891769735887,755.023294843617
4.57,735.942622796015,739.504915637985,3.56229284196968,758.585587685586
4.58,738.854118331422,742.404327955108,3.55020962368621,762.135797309273
4.59,741.780953674708,745.323848796292,3.5428951215838,765.678692430856
4.6,744.720060864297,748.25326289224,3.53320202794293,769.211894458799
4.61,747.672973880977,751.200169225581,3.5271953446038,772.739089803403
4.62,750.636624763172,754.158675475511,3.52205071233914,776.261140515742
4.63,753.615615453246,757.127058827974,3.51144337472761,779.77258389047
4.64,756.603810028047,760.108561042688,3.5047510146411,783.277334905111
4.65,759.607344410727,763.096262846171,3.48891843544368,786.766253340555
4.66,762.618548697347,766.094674415681,3.47612571833372,790.242379058888
4.67,765.643558811057,769.106440924615,3.46288211355841,793.705261172447
4.68,768.674704847919,772.12850112728,3.45379627936086,797.159057451808
4.69,771.72119069266,775.160097260196,3.43890656753615,800.597964019344
4.7,774.772278479765,778.203604089682,3.43132560991728,804.029289629261
4.71,777.835638113172,781.250991725052,3.41535361188005,807.444643241141
4.72,780.903599688943,784.3119201364,3.40832044745707,810.852963688598
4.73,783.983833111018,787.37212141205,3.38828830103216,814.24125198963
4.74,787.067134494668,790.440484023919,3.37334952925107,817.614601518881
4.75,790.161173743833,793.515634718426,3.35446097459248,820.969062493474
4.76,793.256746973786,796.598656833568,3.34190985978239,824.310972353256
4.77,796.359990107679,799.689197182638,3.32920707495873,827.640179428215
4.78,799.466301203148,802.781907452811,3.31560624966346,830.955785677878
4.79,802.580282202555,805.879881193478,3.29959899092262,834.255384668801
4.8,805.694263201963,808.979539027058,3.28527582509469,837.540660493896
4.81,808.814380124523,812.085404444094,3.27102431957132,840.811684813467
4.82,811.934497047082,815.195740036319,3.26124298923662,844.072927802704
4.83,815.060749892793,818.305459425445,3.24470953265245,847.317637335356
4.84,818.183934776928,821.421968341716,3.238033564788,850.555670900144
4.85,821.313255584215,824.532980475783,3.21972489156781,853.775395791712
4.86,824.439508429926,827.64993916272,3.21043073279407,856.985826524506
4.87,827.568829237212,830.760352380906,3.19152314369387,860.1773496682
4.88,830.695082082923,833.875375917493,3.18029383456985,863.35764350277
4.89,833.822868909422,836.982528952746,3.15966004332381,866.517303546094
4.9,836.944519812769,840.091810182681,3.14729036991218,869.664593916006
4.91,840.067704696905,843.193917560497,3.12621286359172,872.790806779597
4.92,843.184753657888,846.297418882769,3.11266522488063,875.903472004478
4.93,846.300268638084,849.392977016479,3.09270837839472,878.996180382873
4.94,849.409647695128,852.488056560152,3.07840886502402,882.074589247897
4.95,852.515958790597,855.575019990296,3.05906119969904,885.133650447596
4.96,855.614599982126,858.659155064135,3.04455508200851,888.178205529604
4.97,858.708639231291,861.734339853938,3.02570062264726,891.203906152252
4.98,861.793474595729,864.803841240054,3.01036664432536,894.214272796577
4.99,864.870640056228,867.86199859019,2.99135853396149,897.205631330538
5,867.938601631999,870.912273128893,2.97367149689364,900.179302827432
5.01,870.995825342255,873.950463298886,2.95463795663079,903.133940784063
5.02,874.043845167784,876.981614671641,2.93776950385688,906.07171028792
5.03,877.079593147009,879.99849405372,2.91890090671154,908.990611194631
5.04,880.10460326072,883.006608978218,2.90200571749756,911.892616912129
5.05,883.115807547339,885.996737834467,2.88093028712763,914.773547199257
5.06,886.116273968444,888.978603911523,2.86232994307898,917.635877142336
5.07,889.099866600881,891.942655613527,2.84278901264577,920.478666154981
5.08,892.072721367804,894.895673230374,2.82295186257045,923.301618017552
5.09,895.025634384484,897.828223755188,2.80258937070437,926.104207388256
5.1,897.964741574072,900.748703252883,2.78396167881112,928.888169067067
5.11,900.885440994207,903.647140799574,2.76169980536724,931.649868872434
5.12,903.79233458725,906.533660652095,2.74132606484523,934.39119493728
5.13,906.676218468475,909.397906826649,2.72168835817399,937.112883295454
5.14,909.543228561033,912.241119471499,2.6978909104663,939.81077420592
5.15,912.388762922561,915.063552030881,2.67478910831994,942.48556331424
5.16,915.215889514634,917.865580162608,2.64969064797401,945.135253962214
5.17,918.020006394889,920.642413592812,2.62240719792305,947.757661160137
5.18,920.801113563326,923.402420892114,2.60130732878827,950.358968488925
5.19,923.560745000732,926.13394129981,2.57319629907749,952.932164788003
5.2,926.292764783956,928.846144703527,2.55337991957117,955.485544707574
5.21,929.004842816938,931.530436243688,2.52559342675022,958.011138134324
5.22,931.686241234162,934.193731328174,2.50749009401204,960.518628228336
5.23,934.344629939568,936.823901691449,2.47927175188079,962.997899980217
5.24,936.972339029216,939.432309070831,2.45997004161495,965.457870021832
5.25,939.572436464683,942.005178530877,2.4327420661939,967.890612088026
5.26,942.143388265179,944.556747825369,2.41335956019032,970.303971648216
5.27,944.683660449918,947.0702421536,2.38658170368183,972.690553351898
5.28,947.194786999686,949.561466355353,2.36667935566709,975.057232707565
5.29,949.672165972122,952.012616859814,2.34045088769176,977.397683595257
5.3,952.115797367223,954.438685833193,2.32288846597021,979.720572061227
5.31,954.528749146568,956.822544610726,2.2937954641576,982.014367525385
5.32,956.904885387002,959.183357583372,2.27847219637044,984.292839721755
5.33,959.248808030892,961.500365473853,2.25155744296069,986.544397164716
5.34,961.555915135872,963.792235145304,2.23632000943201,988.780717174148
5.35,963.824672721155,966.033810924008,2.2091382028533,990.989855377001
5.36,966.058148748316,968.247688684779,2.18953993646312,993.179395313464
5.37,968.251741274992,970.416123382066,2.16438210707395,995.343777420538
5.38,970.405450301184,972.553909650278,2.14845934909442,997.492236769633
5.39,972.522343788466,974.642644382806,2.12030059434016,999.612537363973
5.4,974.596285813687,976.702134503202,2.10584868951491,1001.71838605349
5.41,976.62574239606,978.712849393709,2.08710699764913,1003.80549305114
5.42,978.616849458736,980.68939591126,2.07254645252431,1005.87803950366
5.43,980.561937097775,982.610901509147,2.04896441137237,1007.92700391503
5.44,982.462539293965,984.502276399472,2.03973710550702,1009.96674102054
5.45,984.320190028095,986.336991438129,2.01680141003351,1011.98354243057
5.46,986.131821338588,988.138107244511,2.00628590592328,1013.9898283365
5.47,987.895899244656,989.885400759305,1.98950151464851,1015.97932985115
5.48,989.6124237463,991.592579272975,1.98015552667528,1017.95948537782
5.49,991.282928824308,993.246119009742,1.96319018543363,1019.92267556325
5.5,992.904346517103,994.864297696415,1.95995117931204,1021.88262674257
5.51,994.475142843898,996.42089181661,1.94574897271218,1023.82837571528
5.52,995.995317804692,997.939058472402,1.94374066771024,1025.77211638299
5.53,997.467939361062,999.392600805684,1.92466144462162,1027.69677782761
5.54,998.886871589857,1000.81346670387,1.9265951140128,1029.62337294162
5.55,1000.25364847186,1002.16975483837,1.91610636650876,1031.53947930813
5.56,1001.56673602629,1003.48336005628,1.91662402999225,1033.45610333812
5.57,1002.82766823393,1004.73587952517,1.90821129124242,1035.36431462937
5.58,1004.034911114,1005.94712676891,1.91221565491389,1037.27653028428
5.59,1005.1869306857,1007.09258008601,1.90564940030993,1039.18217968459
5.6,1006.28372694904,1008.19532581259,1.91159886354558,1041.09377854814
5.61,1007.32069796165,1009.23005395395,1.90935599229533,1043.00313454043
5.62,1008.30397964669,1010.22234647828,1.91836683158806,1044.92150137202
5.63,1009.23203802336,1011.14969401789,1.91765599452913,1046.83915736655
5.64,1010.10333911088,1012.03015554029,1.92681642940818,1048.76597379596
5.65,1010.91481494767,1012.8398105156,1.92499556793439,1050.69096936389
5.66,1011.66799951452,1013.60627384664,1.93827433211845,1052.62924369601
5.67,1012.36596077301,1014.30294023869,1.93697946567772,1054.56622316169
5.68,1012.9994948384,1014.9533915346,1.95389669619522,1056.52011985788
5.69,1013.56860171071,1015.53294015434,1.96433844363196,1058.48445830151
5.7,1014.07941731308,1016.06757405151,1.98815673842864,1060.47261503994
5.71,1014.53500960708,1016.53189282573,1.99688321865142,1062.46949825859
5.72,1014.93077665035,1016.94626647423,2.01548982388158,1064.48498808248
5.73,1015.26825242369,1017.28733416426,2.01908174057303,1066.50406982305
5.74,1015.54130100393,1017.57879238196,2.03749137803391,1068.54156120108
5.75,1015.75145637187,1017.79537630501,2.04391993313675,1070.58548113422
5.76,1015.89565056593,1017.96773963335,2.07208906742392,1072.65757020164
5.77,1015.97388358611,1018.06350173994,2.089618153826,1074.74718835547
5.78,1015.98768941321,1018.11299945203,2.12531003881725,1076.87249839429
5.79,1015.94780591272,1018.08693293742,2.13912702470282,1079.01162541899
5.8,1015.86497095017,1018.01119831513,2.14622736495528,1081.15785278394
5.81,1015.73918452557,1017.86069397963,2.12150945406131,1083.27936223801
5.82,1015.56737867733,1017.66470043056,2.09732175323131,1085.37668399124
5.83,1015.34495146308,1017.39295016775,2.04799870466718,1087.4246826959
5.84,1015.07036890205,1017.07435017389,2.00398127184246,1089.42866396775
5.85,1014.74516497502,1016.68491672497,1.93975174994887,1091.3684157177
5.86,1014.36320375883,1016.24425524439,1.8810514855619,1093.24946720326
5.87,1013.92141729192,1015.727547549,1.80613025708487,1095.05559746034
5.88,1013.41980557429,1015.16891090606,1.74910533176751,1096.80470279211
5.89,1012.85530064434,1014.53786749106,1.6825668467153,1098.48726963883
5.9,1012.22330055973,1013.85420689552,1.63090633579088,1100.11817597462
5.91,1011.52687328203,1013.09680047431,1.56992719227969,1101.6881031669
5.92,1010.77522269597,1012.29447158936,1.51924889339284,1103.20735206029
5.93,1009.96528083997,1011.4108443001,1.44556346013121,1104.65291552042
5.94,1009.09551373324,1010.47473019995,1.3792164667135,1106.03213198713
5.95,1008.16438739499,1009.46888334341,1.3044959484215,1107.33662793556
5.96,1007.17036784444,1008.41089219685,1.2405243524106,1108.57715228797
5.97,1006.11038712001,1007.28083350238,1.1704463823686,1109.74759867033
5.98,1004.9844452217,1006.10740908396,1.12296386226149,1110.8705625326
5.99,1003.79867807267,1004.85938090946,1.06070283679094,1111.93126536939
6,1002.55461965369,1003.56356898648,1.00894933279471,1112.94021470218
6.01,1001.2492020032,1002.19305907155,0.943857068352258,1113.88407177053
6.02,999.882425121194,1000.77336537166,0.890940250461199,1114.775012021
6.03,998.451221046097,999.285539246442,0.834318200344683,1115.60933022134
6.04,996.96172570106,997.751344135972,0.789618434912427,1116.39894865625
6.05,995.413939086084,996.149358988439,0.735419902354579,1117.13436855861
6.06,993.807861201167,994.499395602927,0.691534401759668,1117.82590296037
6.07,992.141958065523,992.781827887069,0.639869821545858,1118.46577278191
6.08,990.41776365994,991.023132612587,0.6053689526467,1119.07114173456
6.09,988.636811965205,989.196304771528,0.559492806322623,1119.63063454088
6.1,986.800636962106,987.32200351741,0.521366555303985,1120.15200109619
6.11,984.906170689067,985.380848412056,0.474677722988872,1120.62667881917
6.12,982.958015088452,983.402667939799,0.444652851347087,1121.07133167052
6.13,980.959238121837,981.359599322441,0.400361200604038,1121.47169287113
6.14,978.90370386607,979.271714410361,0.368010544290541,1121.83970341542
6.15,976.797548244303,977.127526801541,0.329978557237951,1122.16968197265
6.16,974.640771256536,974.945132513374,0.304361256838206,1122.47404322949
6.17,972.431838921981,972.698735499931,0.266896577949524,1122.74093980744
6.18,970.172285221425,970.417951393384,0.245666171958987,1122.9866059794
6.19,967.866712097233,968.081889097715,0.215177000482186,1123.20178297988
6.2,965.510517607041,965.703530859859,0.193013252817764,1123.3947962327
6.21,963.108303693212,963.273301047278,0.164997354065918,1123.55979358677
6.22,960.661604336534,960.809602875932,0.147998539398486,1123.70779212616
6.23,958.16888555622,958.293558377451,0.124672821231229,1123.8324649474
6.24,955.636283275421,955.745551436871,0.109268161449563,1123.94173310885
6.25,953.059195551773,953.147127027686,0.0879314759126828,1124.02966458476
6.26,950.443758308428,950.515815005546,0.0720566971176595,1124.10172128188
6.27,947.789971545386,947.840245381167,0.0502738357805583,1124.15199511766
6.28,945.094767301071,945.132564465953,0.0377971648820221,1124.18979228254
6.29,942.368883440998,942.384038295905,0.0151548549071094,1124.20494713745
6.3,939.60311608044,939.613531183594,0.010415103154287,1124.2153622406
6.31,936.808203084913,936.802027161037,-0.00617592387629884,1124.22153816448
6.32,933.979542512051,933.966393804073,-0.0131487079783028,1124.23468687245
6.33,931.118668342645,931.088807775742,-0.0298605669031531,1124.26454743936
6.34,928.230182519056,928.19321147707,-0.0369710419864759,1124.30151848134
6.35,925.312551060498,925.263963612146,-0.0485874483517819,1124.3501059297
6.36,922.370375909333,922.31695777636,-0.0534181329730927,1124.40352406267
6.37,919.400589103986,919.336560145642,-0.0640289583436697,1124.46755302101
6.38,916.410860548397,916.33964699326,-0.0712135551372057,1124.53876657615
6.39,913.396588300202,913.31960305846,-0.0769852417420225,1124.61575181789
6.4,910.36544226334,910.282126326277,-0.083315937063162,1124.69906775495
6.41,907.314354476235,907.229100663561,-0.0852538126739546,1124.78432156763
6.42,904.24946086204,904.161224248292,-0.0882366137477675,1124.87255818138
6.43,901.16615947839,901.07734549701,-0.0888139813802127,1124.96137216276
6.44,898.072120229224,897.982202355666,-0.0899178735584201,1125.05129003631
6.45,894.964275152968,894.873286492932,-0.0909886600356913,1125.14227869635
6.46,891.85029415356,891.76151334096,-0.0887808125995662,1125.23105950895
6.47,888.725575288637,888.640950188422,-0.0846251002153622,1125.31568460917
6.48,885.597788462138,885.516403380466,-0.0813850816716695,1125.39706969084
6.49,882.4623317317,882.386652543611,-0.0756791880891114,1125.47274887893
6.5,879.32840898205,879.254123357312,-0.074285624737513,1125.54703450366
6.51,876.189884290036,876.122154972195,-0.0677293178412128,1125.6147638215
6.52,873.057495521173,872.989461740273,-0.0680337809003504,1125.6827976024
6.53,869.925106752311,869.862781919795,-0.0623248325156283,1125.74512243492
6.54,866.800387887388,866.738770895059,-0.0616169923285952,1125.80673942725
6.55,863.67873698404,863.625179834425,-0.053557149615358,1125.86029657686
6.56,860.569357926996,860.518226508115,-0.0511314188810275,1125.91142799575
6.57,857.467648773891,857.426039232083,-0.0416095418084979,1125.95303753755
6.58,854.381279428666,854.345385565202,-0.0358938634635706,1125.98893140102
6.59,851.308715910531,851.283954627656,-0.0247612828748061,1126.01369268389
6.6,848.253026181062,848.237640408818,-0.015385772243576,1126.02907845614
6.61,845.214210240261,845.215219508746,0.00100926848494964,1126.03008772462
6.62,842.19687003049,842.207325556875,0.0104555263850443,1126.04054325101
6.63,839.201005551749,839.225748330314,0.0247427785650416,1126.06528602957
6.64,836.229684765615,836.266976826063,0.0372920604477258,1126.10257809002
6.65,833.284441652874,833.338538588176,0.0540969353017999,1126.15667502532
6.66,830.368344175104,830.434435151393,0.0660909762887059,1126.22276600161
6.67,827.481392332303,827.562807398771,0.0814150664684803,1126.30418106808
6.68,824.626654086048,824.719132746136,0.0924786600878633,1126.39665972817
6.69,821.807197397914,821.91916816055,0.111970762636247,1126.5086304908
6.7,819.021488287114,819.146350370555,0.124862083441258,1126.63349257424
6.71,816.277196657586,816.420858196355,0.143661538769265,1126.77715411301
6.72,813.571254547756,813.727732095749,0.156477547993063,1126.93363166101
6.73,810.908263899987,811.084842890814,0.176578990826897,1127.11021065183
6.74,808.289758695066,808.471737888058,0.181979192992458,1127.29218984482
6.75,805.715738932994,805.918998237995,0.203259305001211,1127.49544914983
6.76,803.192340536922,803.40347065102,0.211130114097728,1127.70657926392
6.77,800.716495545274,800.943928691056,0.22743314578247,1127.93401240971
6.78,798.294339881203,798.524316236703,0.229976355500185,1128.16398876521
6.79,795.92433956392,796.172636797296,0.248297233376093,1128.41228599858
6.8,793.609562555,793.862669011009,0.253106456008823,1128.66539245459
6.81,791.354610796808,791.620198647382,0.265587850574548,1128.93098030517
6.82,789.157950308556,789.42146636686,0.26351605830439,1129.19449636347
6.83,787.021115071031,787.296917871753,0.275802800721863,1129.47029916419
6.84,784.948707026598,785.218446329983,0.269739303385109,1129.74003846758
6.85,782.93765821368,783.216599622921,0.278941409240701,1130.01897987682
6.86,780.992570574641,781.267285731979,0.27471515733771,1130.29369503416
6.87,779.118046051844,779.396706545486,0.278660493641723,1130.5723555278
6.88,777.311016683715,777.580267043293,0.269250359578336,1130.84160588738
6.89,775.569948489465,775.847449951958,0.277501462492751,1131.11910734987
6.9,773.905579334609,774.164981211034,0.259401876424931,1131.37850922629
6.91,772.313307276784,772.573212609128,0.259905332343692,1131.63841455864
6.92,770.796200277565,771.037470625579,0.241270348014154,1131.87968490665
6.93,769.349656394589,769.590733239944,0.241076845355451,1132.12076175201
6.94,767.984413493371,768.199544229823,0.215130736451556,1132.33589248846
6.95,766.698937593122,766.903992182689,0.205054589567339,1132.54094707803
6.96,765.491694713056,765.669521411297,0.177826698240665,1132.71877377627
6.97,764.362684853172,764.526776985429,0.164092132256769,1132.88286590852
6.98,763.311908013471,763.451520642634,0.13961262916348,1133.02247853769
6.99,762.347034097891,762.477604439516,0.130570341624775,1133.15304887931
7,761.468063106432,761.562203669342,0.0941405629097289,1133.24718944222
7.01,760.674995039095,760.747593120783,0.0725980816881702,1133.31978752391
7.02,759.966295915092,759.999215258807,0.032919343714866,1133.35270686762
7.03,759.345033695999,759.347300443021,0.00226674702207674,1133.35497361465
7.04,758.806606439451,758.766874765528,-0.0397316739234839,1133.39470528857
7.05,758.352548126237,758.288403590256,-0.0641445359807449,1133.45884982455
7.06,757.985926717932,757.879383906864,-0.106542811067698,1133.56539263562
7.07,757.705208233749,757.572075655661,-0.133132578087611,1133.69852521371
7.08,757.510392673687,757.331763215663,-0.178629458023579,1133.87715467173
7.09,757.404547999323,757.196557105295,-0.207990894027944,1134.08514556576
7.1,757.384606249081,757.131206322659,-0.253399926422162,1134.33854549218
7.11,757.435227615081,757.172925243404,-0.262302371676924,1134.60084786386
7.12,757.5594800589,757.284981807099,-0.274498251800765,1134.87534611566
7.13,757.757363580537,757.518459814589,-0.238903765947725,1135.1142498816
7.14,758.030412160781,757.798562128619,-0.231850032161788,1135.34609991377
7.15,758.378625799631,758.1809859925,-0.197639807130486,1135.5437397209
7.16,758.805072458663,758.629729092513,-0.175343366150059,1135.71908308705
7.17,759.320490003392,759.18832686569,-0.132163137702037,1135.85124622475
7.18,759.920276491456,759.809510258224,-0.110766233231743,1135.96201245798
7.19,760.612101826792,760.532349366186,-0.079752460606187,1136.04176491859
7.2,761.383694163099,761.332362797108,-0.0513313659909045,1136.09309628458
7.21,762.244257385102,762.222960730496,-0.0212966546064308,1136.11439293918
7.22,763.193791492804,763.191131260566,-0.00266023223798584,1136.11705317142
7.23,764.230762505414,764.253364326049,0.0226018206348044,1136.13965499206
7.24,765.342898576631,765.383819081425,0.040920504793803,1136.18057549685
7.25,766.536335629606,766.616434074708,0.0800984451017257,1136.26067394195
7.26,767.812607645127,767.921300011662,0.108692366534683,1136.36936630849
7.27,769.176316565558,769.322268669609,0.145952104050821,1136.51531841254
7.28,770.627462390897,770.779532059608,0.15206966871142,1136.66738808125
7.29,772.152239294056,772.331363049568,0.179123755511569,1136.84651183676
7.3,773.758317178972,773.945491795796,0.187174616823768,1137.03368645359
7.31,775.442628084071,775.659984313318,0.217356229247343,1137.25104268283
7.32,777.211307932503,777.430484460568,0.219176528064622,1137.4702192109
7.33,779.04901691639,779.290819083486,0.241802167095784,1137.71202137799
7.34,780.961890958883,781.205640351668,0.243749392784707,1137.95577077078
7.35,782.951464040771,783.21352370686,0.262059666089044,1138.21783043687
7.36,785.010066258113,785.275462010109,0.26539575199638,1138.48322618886
7.37,787.134629649335,787.412095995714,0.277466346379242,1138.76069253524
7.38,789.332824118375,789.607254738399,0.274430620024077,1139.03512315527
7.39,791.592377818931,791.87709848104,0.284720662109407,1139.31984381738
7.4,793.913290751001,794.198694643496,0.28540389249531,1139.60524770987
7.41,796.301698837739,796.598380992354,0.296682154615496,1139.90192986449
7.42,798.745330232841,799.040495868638,0.295165635796934,1140.19709550028
7.43,801.247252897883,801.55557401647,0.308321118587173,1140.50541661887
7.44,803.805932852076,804.11193586057,0.306003008494486,1140.81141962737
7.45,806.415234172269,806.727095348391,0.311861176121624,1141.12328080349
7.46,809.076690839251,809.380524460989,0.303833621737681,1141.42711442522
7.47,811.782632949081,812.09095270666,0.308319757578715,1141.7354341828
7.48,814.537662444124,814.840108931925,0.302446487800808,1142.0378806706
7.49,817.334109420439,817.643293100127,0.309183679688431,1142.34706435029
7.5,820.17043989724,820.473644332629,0.303204435389148,1142.65026878568
7.51,823.048187855313,823.357097869682,0.308910014368621,1142.95917880005
7.52,825.958149409933,826.269122068679,0.310972658745868,1143.2701514588
7.53,828.904926503461,829.212270244223,0.307343740762008,1143.57749519956
7.54,831.879315251171,832.180539412057,0.30122416088625,1143.87871936044
7.55,834.885917595427,835.181041518262,0.295123922834478,1144.17384328328
7.56,837.912461689925,838.198467445389,0.286005755463975,1144.45984903874
7.57,840.965083457818,841.240130162126,0.275046704308011,1144.73489574305
7.58,844.031511052801,844.302270542435,0.270759489633747,1145.00565523268
7.59,847.117880398027,847.384474073196,0.26659367516902,1145.27224890785
7.6,850.211919647192,850.474735847188,0.262816199995996,1145.53506510785
7.61,853.321298704237,853.57105023817,0.249751533933363,1145.78481664178
7.62,856.433745722857,856.682253799474,0.248508076616758,1146.0333247184
7.63,859.552328664628,859.786171886327,0.233843221698635,1146.2671679401
7.64,862.667843644824,862.89885727367,0.231013628846085,1146.49818156894
7.65,865.786426586595,866.000000909968,0.213574323372882,1146.71175589232
7.66,868.89580564364,869.101830040074,0.206024396434145,1146.91778028875
7.67,872.00058275832,872.187766382405,0.187183624084923,1147.10496391284
7.68,875.090020065122,875.268833940389,0.178813875267224,1147.2837777881
7.69,878.168719506408,878.327331227272,0.158611720863973,1147.44238950897
7.7,881.227477197452,881.375812174208,0.148334976756018,1147.59072448572
7.71,884.270895080617,884.400772336825,0.129877256208147,1147.72060174193
7.72,887.288235290388,887.404424133125,0.116188842737074,1147.83679058467
7.73,890.281031807553,890.373588893157,0.0925570856036302,1147.92934767027
7.74,893.246216670536,893.320592646676,0.0743759761397769,1148.00372364641
7.75,896.177653956186,896.224820136652,0.0471661804656378,1148.05088982688
7.76,899.07687764529,899.10333869455,0.0264610492597512,1148.07735087614
7.77,901.936217833908,901.931631535233,-0.00458629867523541,1148.08193717481
7.78,904.755674522042,904.726548192277,-0.0291263297652904,1148.11106350458
7.79,907.527577805752,907.466710815156,-0.0608669905955139,1148.17193049517
7.8,910.254995646612,910.169940896348,-0.0850547502637937,1148.25698524544
7.81,912.927190179109,912.808995673025,-0.11819450608391,1148.37517975152
7.82,915.548763345605,915.404937382655,-0.143825962950473,1148.51900571447
7.83,918.112045242162,917.930043474716,-0.182001767446195,1148.70100748192
7.84,920.613967907204,920.406496969585,-0.207470937618609,1148.90847841954
7.85,923.052997359942,922.809140225318,-0.243857134623795,1149.15233555416
7.86,925.424531658013,925.158840660982,-0.265690997031015,1149.41802655119
7.87,927.72703682063,927.426814814421,-0.30022200620931,1149.7182485574
7.88,929.957444886215,929.643756199843,-0.313688686372302,1150.03193724377
7.89,932.109619931619,931.766216329491,-0.343403602127523,1150.3753408459
7.9,934.188163899204,933.825793490051,-0.362370409153414,1150.73771125505
7.91,936.186940865819,935.798677702547,-0.388263163271972,1151.12597441833
7.92,938.099814908312,937.701819865398,-0.397995042914545,1151.52396946124
7.93,939.92985398826,939.505411039856,-0.424442948403907,1151.94841240964
7.94,941.673990144086,941.247640241152,-0.42634990293368,1152.37476231258
7.95,943.330689395002,942.877564659193,-0.453124735808842,1152.82788704839
7.96,944.89228183707,944.439287358055,-0.452994479014478,1153.2808815274
7.97,946.36490339344,945.892247761258,-0.472655632182523,1153.75353715958
7.98,947.745486102537,947.275753077053,-0.469733025483833,1154.22327018507
7.99,949.026360060422,948.533822742793,-0.492537317628717,1154.7158075027
8,950.209059247882,949.719524363347,-0.489534884534578,1155.20534238723
8.01,951.288981722553,950.784462620561,-0.504519101991718,1155.70986148922
8.02,952.272263407588,951.775144746297,-0.497118661291324,1156.20698015051
8.03,953.157370322198,952.649208494659,-0.508161827539425,1156.71514197805
8.04,953.936632562444,953.441180149881,-0.495452412563054,1157.21059439062
8.05,954.610050128325,954.103525595499,-0.506524532825779,1157.71711892344
8.06,955.177623019843,954.689847742443,-0.487775277400146,1158.20489420084
8.07,955.637817256209,955.149470719371,-0.488346536838208,1158.69324073768
8.08,955.989098856635,955.525398758768,-0.463700097866536,1159.15694083555
8.09,956.223797917181,955.766123205897,-0.457674711284312,1159.61461554683
8.1,956.344982399424,955.928568741063,-0.41641365836108,1160.03102920519
8.11,956.355720264939,955.964357067055,-0.391363197883607,1160.42239240308
8.12,956.275953263969,955.915593279651,-0.360359984317597,1160.78275238739
8.13,956.105681396514,955.735679955872,-0.370001440642227,1161.15275382804
8.14,955.841836700998,955.458760767393,-0.383075933605483,1161.53582976164
8.15,955.481351215844,955.068977120384,-0.412374095459541,1161.9482038571
8.16,955.02729290263,954.598973823287,-0.428319079342828,1162.37652293644
8.17,954.481195742143,953.999826545551,-0.481369196591913,1162.85789213304
8.18,953.841525753595,953.316741744464,-0.524784009131395,1163.38267614217
8.19,953.10521497541,952.505024068204,-0.600190907206525,1163.98286704937
8.2,952.269195446012,951.616000596578,-0.653194849434044,1164.63606189881
8.21,951.333467165402,950.59566763918,-0.737799526222375,1165.37386142503
8.22,950.294962172003,949.501528439666,-0.793433732336553,1166.16729515737
8.23,949.15061250424,948.285307942066,-0.865304562173947,1167.03259971954
8.24,947.901952142902,946.994692942311,-0.907259200591398,1167.93985892013
8.25,946.55358303035,945.585719379603,-0.967863650746835,1168.90772257088
8.26,945.107039147374,944.097825966258,-1.00921318111625,1169.91693575199
8.27,943.562320493973,942.49055105824,-1.0717694357329,1170.98870518773
8.28,941.919427070148,940.810257888029,-1.10916918211876,1172.09787436985
8.29,940.181426837473,939.023334462771,-1.15809237470228,1173.25596674455
8.3,938.352921738314,937.164294036745,-1.18862770156852,1174.44459444612
8.31,936.433911772669,935.196350900822,-1.23756087184677,1175.68215531796
8.32,934.427464902114,933.159201264792,-1.26826363732164,1176.95041895529
8.33,932.335115107438,931.022130523933,-1.31298458350477,1178.26340353879
8.34,930.162998311792,928.825358553966,-1.33763975782551,1179.60104329662
8.35,927.909580534388,926.527927148758,-1.38165338562965,1180.98269668225
8.36,925.57946371759,924.18009286228,-1.39937085530971,1182.38206753756
8.37,923.175715822973,921.741599456329,-1.43411636664359,1183.8161839042
8.38,920.701404812113,919.243897957447,-1.45750685466589,1185.27369075886
8.39,918.159598646587,916.667665995548,-1.49193265103941,1186.7656234099
8.4,915.553365287969,914.047018763242,-1.50634652472695,1188.27196993463
8.41,912.885772697836,911.349511589059,-1.53626110877747,1189.80823104341
8.42,910.162956799339,908.610719574926,-1.55223722441337,1191.36046826782
8.43,907.38338361169,905.80472179061,-1.57866182108035,1192.9391300889
8.44,904.556257019617,902.964902810401,-1.59135420921587,1194.53048429812
8.45,901.678509061544,900.068876482315,-1.60963257922913,1196.14011687735
8.46,898.762411583773,897.140368915118,-1.6220426686549,1197.762159546
8.47,895.803362643942,894.165738883461,-1.63762376048146,1199.39978330648
8.48,892.812100107565,891.164163737166,-1.64793637039872,1201.04771967688
8.49,889.787089993854,888.124994028701,-1.66209596515262,1202.70981564203
8.5,886.737536187537,885.069840509207,-1.66769567832978,1204.37751132036
8.51,883.663438688615,881.984644100983,-1.67879458763241,1206.056305908
8.52,880.570933420237,878.886124560847,-1.68480885938982,1207.74111476739
8.53,877.464622324769,875.770557860507,-1.69406446426171,1209.43517923165
8.54,874.347573363785,872.64533400588,-1.70223935790534,1211.13741858955
8.55,871.222854498862,869.517606210532,-1.70524828832959,1212.84266687788
8.56,868.096601653151,866.388403747637,-1.708197905514,1214.5508647834
8.57,864.971882788228,863.265878519553,-1.70600426867509,1216.25686905207
8.58,861.853299846457,860.148270376937,-1.70502946952001,1217.96189852159
8.59,858.7454547702,857.046548909768,-1.69890586043243,1219.66080438203
8.6,855.652949501823,853.95706309847,-1.69588640335337,1221.35669078538
8.61,852.5788520029,850.893206013684,-1.6856459892158,1223.04233677459
8.62,849.527764215795,847.846111728148,-1.68165248764649,1224.72398926224
8.63,846.505822063661,844.832235039834,-1.67358702382705,1226.39757628607
8.64,843.514559527284,841.846853723384,-1.66770580390005,1228.06528208997
8.65,840.561646510604,838.911504412764,-1.65014209783999,1229.71542418781
8.66,837.647083013621,836.002193035022,-1.64488997859939,1231.36031416641
8.67,834.781606901851,833.155163902451,-1.62644299939984,1232.98675716581
8.68,831.963684194505,830.344968272392,-1.61871592211287,1234.60547308792
8.69,829.202518776311,827.601574243337,-1.6009445329737,1236.20641762089
8.7,826.498110647268,824.901077026577,-1.59703362069092,1237.80345124158
8.71,823.858129711317,822.276473045353,-1.58165666596426,1239.38510790755
8.72,821.285643930033,819.708139324599,-1.57750460543411,1240.96261251298
8.73,818.782187284203,817.222804967912,-1.55938231629068,1242.52199482927
8.74,816.356963658556,814.793960730074,-1.56300292848209,1244.08499775776
8.75,814.006905091515,812.462611671092,-1.54429342042306,1245.62929117818
8.76,811.741215467808,810.193130494963,-1.54808497284466,1247.17737615102
8.77,809.564496729799,808.027151076502,-1.53734565329648,1248.71472180432
8.78,807.473680915911,805.929779147681,-1.54390176823017,1250.25862357255
8.79,805.476437930083,803.939432764124,-1.53700516595904,1251.79562873851
8.8,803.578903695469,802.027748105178,-1.5511555902907,1253.3467843288
8.81,801.776476269703,800.234586683181,-1.5418895865223,1254.88867391532
8.82,800.076825556726,798.513895489824,-1.56293006690191,1256.45160398222
8.83,798.484553498901,796.922947453954,-1.56160604494733,1258.01321002717
8.84,796.99812611544,795.415119804568,-1.5830063108715,1259.59621633804
8.85,795.622145348706,794.03917430775,-1.5829710409555,1261.179187379
8.86,794.355077217913,792.747128344128,-1.60794887378552,1262.78713625278
8.87,793.206125607786,791.593964798066,-1.61216080972008,1264.3992970625
8.88,792.176824499115,790.523387795357,-1.6534367037583,1266.05273376626
8.89,791.265639911111,789.595071904793,-1.67056800631758,1267.72330177258
8.9,790.478707766926,788.756900581932,-1.7218071849943,1269.44510895757
8.91,789.809892143407,788.072172458695,-1.73771968471203,1271.18282864229
8.92,789.260727021344,787.474384204023,-1.78634281732116,1272.96917145961
8.93,788.831212400736,787.031862015073,-1.79935038566259,1274.76852184527
8.94,788.524416243159,786.678544547946,-1.84587169521262,1276.61439354048
8.95,788.351076414128,786.478277401511,-1.87279901261695,1278.4871925531
8.96,788.311192913643,786.376345383653,-1.93484752998972,1280.42204008309
8.97,788.387891953037,786.415488548878,-1.97240340415908,1282.39444348725
8.98,788.575037609159,786.553471672531,-2.02156593662835,1284.41600942388
8.99,788.869561920434,786.856189963942,-2.01337195649205,1286.42938138037
9,789.266862944496,787.235299820766,-2.03156312372948,1288.4609445041
9.01,789.765406700559,787.76184548296,-2.00356121759887,1290.4645057217
9.02,790.372863092561,788.386866115785,-1.98599697677605,1292.45050269847
9.03,791.095368043656,789.160535696746,-1.93483234690973,1294.38533504538
9.04,791.942125438568,790.023231445899,-1.91889399266915,1296.30422903805
9.05,792.903931392573,791.024144092354,-1.87978730021894,1298.18401633827
9.06,793.985387848032,792.114596124691,-1.87079172334063,1300.05480806161
9.07,795.186494804947,793.354868251483,-1.83162655346393,1301.88643461508
9.08,796.501116340165,794.675134434649,-1.82598190551562,1303.71241652059
9.09,797.923116530535,796.138658187037,-1.7844583434985,1305.49687486409
9.1,799.45709731842,797.685480346088,-1.7716169723318,1307.26849183642
9.11,801.104592684609,799.366325893583,-1.73826679102626,1309.00675862745
9.12,802.859466705951,801.129177972321,-1.73028873362955,1310.73704736108
9.13,804.714049478504,803.013556837825,-1.70049264067927,1312.43754000176
9.14,806.668341002271,804.975555881842,-1.69278512042854,1314.13032512219
9.15,808.726943219613,807.058272128814,-1.66867109079897,1315.79899621298
9.16,810.874516322653,809.215874354851,-1.65864196780205,1317.45763818079
9.17,813.11106031139,811.473683329601,-1.63737698178898,1319.09501516258
9.18,815.441177128189,813.80862912781,-1.63254800037919,1320.72756316295
9.19,817.849526965169,816.239659268154,-1.60986769701503,1322.33743085997
9.2,820.33764380312,818.724538361889,-1.61310544123091,1323.9505363012
9.21,822.903993661252,821.3034632384,-1.60053042285188,1325.55106672405
9.22,825.536304693264,823.938693382128,-1.59761131113578,1327.14867803519
9.23,828.242246803094,826.648698538397,-1.59354826469666,1328.74222629988
9.24,831.003412221288,829.405062522349,-1.59834969893905,1330.34057599882
9.25,833.827470851786,832.230818839791,-1.59665201199459,1331.93722801082
9.26,836.699082886708,835.105215731325,-1.59386715538346,1333.5310951662
9.27,839.619782306842,838.028829469871,-1.59095283697127,1335.12204800317
9.28,842.583433189037,840.989027105734,-1.59440608330283,1336.71645408648
9.29,845.582365629353,843.993433762305,-1.58893186704756,1338.30538595352
9.3,848.613511666216,847.027052041118,-1.5864596250982,1339.89184557862
9.31,851.670735376472,850.089037954072,-1.5816974224,1341.47354300102
9.32,854.749434817758,853.16364103481,-1.58579378294814,1343.05933678397
9.33,857.843474066923,856.258439406639,-1.58503466028401,1344.64437144425
9.34,860.948251181604,859.361865479429,-1.58638570217454,1346.23075714643
9.35,864.05609625786,862.468927654258,-1.58716860360221,1347.81792575003
9.36,867.165475314904,865.57571655515,-1.5897587597542,1349.40768450978
9.37,870.268718448797,868.672183133549,-1.59653531524759,1351.00421982503
9.38,873.361223717175,871.760220682592,-1.60100303458262,1352.60522285961
9.39,876.436855196885,874.826933700385,-1.60992149650031,1354.21514435611
9.4,879.494078907141,877.875548094193,-1.61853081294817,1355.83367516906
9.41,882.52062300164,880.890225835005,-1.63039716663479,1357.4640723357
9.42,885.519555441956,883.873922460769,-1.64563298118674,1359.10970531688
9.43,888.480138362576,886.81027696592,-1.6698613966563,1360.77956671354
9.44,891.40083778271,889.714465106187,-1.68637267652332,1362.46593939006
9.45,894.272449817632,892.551597167609,-1.72085265002283,1364.18679204009
9.46,897.091906505765,895.348479786136,-1.74342671962859,1365.93021875972
9.47,899.850003962384,898.070205656427,-1.77979830595712,1367.71001706567
9.48,902.542140245123,900.744871012844,-1.79726923227884,1369.50728629795
9.49,905.165247392408,903.329828759934,-1.83541863247387,1371.34270493042
9.5,907.71012151951,905.859372701113,-1.85074881839728,1373.19345374882
9.51,910.17676262643,908.286855821153,-1.8899068052765,1375.0833605541
9.52,912.552898866865,910.649892296251,-1.90300657061402,1376.98636712471
9.53,914.836996260027,912.902971157299,-1.93402510272813,1378.92039222744
9.54,917.029054805915,915.081428662021,-1.94762614389379,1380.86801837133
9.55,919.116802658227,917.146175509002,-1.97062714922492,1382.83864552056
9.56,921.101773797752,919.124603838968,-1.97716995878386,1384.81581547934
9.57,922.982434243699,920.976253624469,-2.00618061923046,1386.82199609857
9.58,924.748046130556,922.743199666019,-2.00484646453663,1388.82684256311
9.59,926.397075477533,924.367124572165,-2.02995090536831,1390.85679346848
9.6,927.931056265418,925.902569470959,-2.02848679445935,1392.88528026294
9.61,929.343852571061,927.295426704605,-2.04842586645589,1394.93370612939
9.62,930.629328471309,928.588131220369,-2.04119725093972,1396.97490338033
9.63,931.781348043011,929.727947352299,-2.05340069071178,1399.02830407105
9.64,932.804513228531,930.774940018299,-2.02957321023189,1401.05787728128
9.65,933.700358008656,931.654166803405,-2.04619120525149,1403.10406848653
9.66,934.464280441023,932.431864450307,-2.03241599071646,1405.13648447725
9.67,935.091678583269,933.049993318172,-2.04168526509648,1407.17816974234
9.68,935.579484473816,933.56223208985,-2.01725238396614,1409.19542212631
9.69,935.926164131878,933.906799998299,-2.01936413357873,1411.21478625989
9.7,936.128649595879,934.148110659224,-1.98053893665497,1413.19532519654
9.71,936.191542808183,934.222334853394,-1.96920795478934,1415.16453315133
9.72,936.124047653516,934.188534575839,-1.93551307767655,1417.10004622901
9.73,935.946105882121,933.981575802875,-1.96453007924572,1419.06457630825
9.74,935.648513609271,933.673476719567,-1.97503688970392,1421.03961319796
9.75,935.22820287339,933.194289490505,-2.03391338288486,1423.07352658084
9.76,934.683639693691,932.615549331601,-2.06809036209052,1425.14161694293
9.77,934.011756108597,931.871351941737,-2.14040416686009,1427.28202110979
9.78,933.209484156533,931.024347256877,-2.18513689965641,1429.46715800945
9.79,932.279891799074,930.015440928678,-2.26445087039576,1431.73160887984
9.8,931.218377093857,928.906510298635,-2.31186679522216,1434.04347567507
9.81,930.024940040882,927.642290019968,-2.38265002091453,1436.42612569598
9.82,928.702648601725,926.281409160374,-2.42123944135062,1438.84736513733
9.83,927.253036757173,924.768327433737,-2.48470932343639,1441.33207446077
9.84,925.682240430378,923.16012429569,-2.52211613468819,1443.85419059546
9.85,923.988725640552,921.402105513832,-2.58662012672039,1446.44081072218
9.86,922.175560349271,919.559787414441,-2.61577293483003,1449.05658365701
9.87,920.248880479687,917.577281555885,-2.67159892380198,1451.72818258081
9.88,918.213287974163,915.513994647443,-2.69929332672029,1454.42747590753
9.89,916.070316813487,913.321189219785,-2.74912759370216,1457.17660350123
9.9,913.82610292081,911.057484417873,-2.76861850293653,1459.94522200417
9.91,911.486782219284,908.675431371642,-2.81135084764185,1462.75657285181
9.92,909.05235470891,906.220410918031,-2.83194379087865,1465.58851664269
9.93,906.532024274414,903.667387340344,-2.86463693407006,1468.45315357676
9.94,903.928858877372,901.049742222887,-2.87911665448496,1471.33227023124
9.95,901.247460460148,898.336223855907,-2.91123660424068,1474.24350683548
9.96,898.498566888257,895.572924675476,-2.92564221278053,1477.16914904826
9.97,895.680644180911,892.733125172336,-2.94751900857511,1480.11666805684
9.98,892.807498165201,889.851330998899,-2.95616716630241,1483.07283522314
9.99,889.879128841127,886.90157707998,-2.97755176114686,1486.05038698429
