0,-5.49318520141848,-5.83347337773738,-0.340288176318896
0.01,-8.4936516225228,-6.17564687668137,2.31800474584143
0.02,-11.5293996017485,-6.34971185355995,5.17968774818855
0.03,-14.5912252543682,-6.52457471532522,8.06665053904298
0.04,-17.6745266380184,-6.69954245727401,10.9749841807444
0.05,-20.7731678295474,-6.87396344282597,13.8992043867214
0.06,-23.8810129058037,-7.04639992717988,16.8346129786238
0.07,-26.9903919628479,-7.21743112688943,19.7729608359585
0.08,-30.0967030583163,-7.38480215469862,22.7119009036177
0.09,-33.1907423074816,-7.55002312470782,25.6407191827738
0.1,-36.2694417487681,-7.71022887474388,28.5592128740242
0.11,-39.3205295358726,-7.86658817285723,31.4539413630154
0.12,-42.3440056687952,-8.01622549167264,34.3277801771226
0.13,-45.3260643204449,-8.16120946974449,37.1648548507004
0.14,-48.2667054908217,-8.29793017511758,39.9687753157041
0.15,-51.1505893720467,-8.42906650385874,42.721522868188
0.16,-53.9807839256957,-8.55064648110953,45.4301374445862
0.17,-56.7419493438899,-8.66488353596181,48.0770658079281
0.18,-59.4371535882049,-8.76845730917709,50.6686962790278
0.19,-62.0495228699742,-8.86464661533086,53.1848762546433
0.2,-64.5805911699855,-8.9486416056573,55.6319495643282
0.21,-67.0211546035115,-9.02336940506779,57.9977851984437
0.22,-69.3604753050372,-9.08425803354749,60.2762172714897
0.23,-71.603155216926,-9.13617921685736,62.4669760000686
0.24,-73.735388512087,-9.1733197247523,64.5620687873347
0.25,-75.7525732481566,-9.20059266379675,66.5519805843598
0.26,-77.6547094251348,-9.21211237285653,68.4425970522783
0.27,-79.4310591775064,-9.21319536933713,70.2178638081693
0.28,-81.0785545436956,-9.19718019233636,71.8813743513592
0.29,-82.5956615429145,-9.17023154890248,73.425429994012
0.3,-83.9793122135873,-9.1258431161362,74.8534690974511
0.31,-85.2249046133505,-9.06964173889995,76.1552628744506
0.32,-86.3232348574766,-8.99449010510912,77.3287447523675
0.33,-87.2773709075414,-8.90838378585737,78.368987121684
0.34,-88.0873127635451,-8.80309937217567,79.2842133913694
0.35,-88.7469245023359,-8.68665313514299,80.0602713671929
0.36,-89.2531381623381,-8.55094578506793,80.7021923772702
0.37,-89.6105556859155,-8.4037350076647,81.2068206782508
0.38,-89.8130411499164,-8.23745938827405,81.5755817616424
0.39,-89.8605945543409,-8.05906980381472,81.8015247505262
0.4,-89.7639537647041,-7.86232884576382,81.9016249189403
0.41,-89.5353906273091,-7.65404258540716,81.8813480419019
0.42,-89.1687692190044,-7.42774606308265,81.7410231559218
0.43,-88.6625555590022,-7.19007985001918,81.472475708983
0.44,-88.0121477049387,-6.93390665367654,81.0782410512622
0.45,-87.2221475991776,-6.6670462257302,80.5551013734474
0.46,-86.2956232032946,-6.38268194992368,79.9129412533709
0.47,-85.2279725749262,-6.08775435518736,79.1402182197388
0.48,-84.0176617332845,-5.77593299866248,78.241728734622
0.49,-82.6738945630966,-5.45394118242388,77.2199533806727
0.5,-81.1951370835749,-5.11603807531875,76.0790990082562
0.51,-79.5859912370828,-4.76923659402281,74.81675464306
0.52,-77.8449230428326,-4.40832345931353,73.4365995835191
0.53,-75.9765344431879,-4.03837731628714,71.9381571269008
0.54,-73.990029322876,-3.65593297759637,70.3340963452796
0.55,-71.883873701109,-3.26513815771994,68.6187355433891
0.56,-69.6642035010385,-2.86241390418324,66.8017895968553
0.57,-67.3432905689675,-2.45267335112673,64.8906172178408
0.58,-64.9180669433203,-2.0328030258929,62.8852639174274
0.59,-62.4008044704,-1.60673342067048,60.7940710497295
0.6,-59.7961050925702,-1.17324394897911,58.6228611435911
0.61,-57.1070367714066,-0.733989527836174,56.3730472435704
0.62,-54.3474053340004,-0.287801294127995,54.0596040398724
0.63,-51.5156767995635,0.161441974195065,51.6771187737586
0.64,-48.6287249567627,0.615995191343404,49.2447201481061
0.65,-45.6865498055981,1.07313804906536,46.7596878546635
0.66,-42.6983552307968,1.53250854425845,44.2308637750553
0.67,-39.6718111362985,1.99355848788304,41.6653696241815
0.68,-36.6161214068303,2.45560522111684,39.0717266279471
0.69,-33.5358879847559,2.91739718632739,36.4532851710833
0.7,-30.4403147548027,3.37827239608983,33.8185871508925
0.71,-27.3386056016979,3.8377964146998,31.1764020163977
0.72,-24.2368964485931,4.29428323565492,28.531179684248
0.73,-21.1413232186399,4.74835344425208,25.889676662892
0.74,-18.0610897965655,5.19696601850362,23.2580558150691
0.75,-15.0023321055216,5.64194137320134,20.6442734787229
0.76,-11.9727200494474,6.08012469049565,18.052844739943
0.77,-8.98299149385831,6.51268473021547,15.4956762240738
0.78,-6.03621440033,6.93678729891946,12.9730016992495
0.79,-3.14466061516556,7.35491477866801,10.4995753938336
0.8,-0.312932080728671,7.76261936307545,8.07555144380412
0.81,2.44823333746548,8.16253857426779,5.71430523680231
0.82,5.13576767784113,8.55074175693593,3.4149740790948
0.83,7.73739909409517,8.9307870124181,1.19338791832293
0.84,10.248525643864,9.29666459432756,-0.951861049536443
0.85,12.6660793655717,9.65318417422455,-3.01289519134715
0.86,14.9762544321275,9.993777416981,-4.9824770151465
0.87,17.1514391893494,10.3241538939548,-6.82728529539455
0.88,19.1824297525099,10.6378486817908,-8.5445810707191
0.89,21.1029736989428,10.9404679245649,-10.1625057743779
0.9,22.9038671439205,11.2259811138562,-11.6778860300643
0.91,24.5759062027159,11.5003771250483,-13.0755290776676
0.92,26.0669355285407,11.7551946531558,-14.3117408753849
0.93,27.4199065834558,11.9975810680434,-15.4223255154124
0.94,28.6409552906128,12.2211748300905,-16.4197804605223
0.95,29.7193437844964,12.4323578915206,-17.2869858929758
0.96,30.6474021611672,12.6236102044157,-18.0237919567515
0.97,31.4205284782616,12.8021308817612,-18.6183975965004
0.98,32.0371887549916,12.9603791856788,-19.0768095693128
0.99,32.48817910663,13.1055542338621,-19.3826248727679
1,32.770431571601,13.2309634826749,-19.5394680889261
1.01,32.8808781883287,13.3430613035812,-19.5378168847475
1.02,32.8302568223285,13.4348758788502,-19.3953809434783
1.03,32.6369752430549,13.5143200482736,-19.1226551947813
1.04,32.2994994697201,13.5740910143807,-18.7254084553394
1.05,31.7917518289299,13.620974143397,-18.1707776855329
1.06,31.1168002822602,13.6483596849331,-17.4684405973271
1.07,30.2869166760141,13.6633226207015,-16.6235940553126
1.08,29.3251107220098,13.6606496263534,-15.6644610956564
1.09,28.2129746507927,13.6463089029056,-14.5666657478871
1.1,26.9520424431507,13.6147561507528,-13.3372862923979
1.11,25.553051964599,13.5724870857793,-11.9805648788197
1.12,24.0160032151376,13.5133988770146,-10.502604338123
1.13,22.3439641563422,13.4450215871415,-8.89894256920069
1.14,20.5384687690009,13.3615834112872,-7.17688535771372
1.15,18.6041189954771,13.2691456060147,-5.33497338946244
1.16,16.5439827973466,13.1633224297379,-3.38066036760874
1.17,14.3641960977611,13.0494924527459,-1.31470364501515
1.18,12.0693608390842,12.924076751243,0.854715912158788
1.19,9.66561294446742,12.7913885042879,3.12577555982045
1.2,7.16215629863806,12.6494727361536,5.48731643751553
1.21,4.56359284395978,12.5013290014848,7.937736157525
1.22,1.87605850358414,12.3459022198714,10.4698437162872
1.23,-0.888174876185786,12.1862436674462,13.074418543632
1.24,-3.72910729534999,12.0209052265896,15.7500125219396
1.25,-6.62833098445386,11.8527209652035,18.4810519496573
1.26,-9.58584594349737,11.6813081533945,21.2671540968919
1.27,-12.5878463453896,11.5078045463352,24.0956508917248
1.28,-15.6297302477668,11.3334513417036,26.9631815894704
1.29,-18.6976918235381,11.1593345950158,29.8570264185539
1.3,-21.7871291303398,10.9860025112777,32.7731316416175
1.31,-24.8857703218688,10.8140550175716,35.6998253394404
1.32,-27.9905474365493,10.6452918880695,38.6358393246188
1.33,-31.0845866857146,10.4796407468171,41.5642274325317
1.34,-34.1663540885769,10.319915047738,44.4862691363149
1.35,-37.2220438180451,10.1644081704276,47.3864519884727
1.36,-40.2455199509677,10.0163990431525,50.2619189941202
1.37,-43.2245106410416,9.87419140148347,53.0987020425251
1.38,-46.1513459843274,9.74205717761751,55.8934031619449
1.39,-49.0183560768857,9.61669688039365,58.6350529572793
1.4,-51.8117350916254,9.5036236929288,61.3153587845542
1.41,-54.5299490477588,9.39870030762505,63.9286493553838
1.42,-57.156124156619,9.30720203800464,66.4633261946236
1.43,-59.6887264374182,9.22515707199523,68.9138835094134
1.44,-62.1108821014896,9.15923714638369,71.2701192478733
1.45,-64.4210571680454,9.10345345117305,73.5245106192184
1.46,-66.6115817331461,9.06465359502267,75.6762353281688
1.47,-68.6701839504886,9.03830721459871,77.7084911650873
1.48,-70.5953298392851,9.02929666085831,79.6246265001434
1.49,-72.380883476384,9.03282261868763,81.4137060950716
1.5,-74.0161069962701,9.05589826163479,83.0720052579049
1.51,-75.4948644757918,9.09294849870418,84.587812974496
1.52,-76.820223876525,9.14945565560285,85.9696795321279
1.53,-77.9829813137423,9.21945155755649,87.2024328712988
1.54,-78.980068825868,9.31084932095553,88.2909181468235
1.55,-79.8038165089626,9.4160671418225,89.2198836507851
1.56,-80.4542243630261,9.54240786108167,89.9966322241078
1.57,-80.9297584072707,9.68330334952444,90.6130617567951
1.58,-81.2319526224841,9.84582888985729,91.0777815123414
1.59,-81.3623409894544,10.0219475279761,91.3842885174305
1.6,-81.3163215658178,10.2193551599814,91.5356767257992
1.61,-81.1107681402412,10.4308216414427,91.5415897816839
1.62,-80.750282655088,10.6621085717911,91.4123912268791
1.63,-80.2225932640554,10.9066167682571,91.1292100323125
1.64,-79.5276999671432,11.1727247843813,90.7004247515245
1.65,-78.6763406298667,11.4504820771691,90.1268227070358
1.66,-77.6623793290742,11.7482154490606,89.4105947781348
1.67,-76.4919519879175,12.0582292986423,88.5501812865598
1.68,-75.1681265679722,12.3865644445707,87.5546910125429
1.69,-73.6909030692383,12.7260631657221,86.4169662349604
1.7,-72.0602814917159,13.0821249449756,85.1424064366915
1.71,-70.2793297969806,13.4485126567283,83.7278424537089
1.72,-68.3587858505478,13.8300465154223,82.1888323659701
1.73,-66.3032515947811,14.2206031854006,80.5238547801817
1.74,-64.1142610104683,14.6241857112956,78.7384467217639
1.75,-61.8056199247004,15.0362947095326,76.841914634233
1.76,-59.3819302798411,15.4593299523487,74.8412602321898
1.77,-56.8493279990419,15.8888748056589,72.7382028047008
1.78,-54.2216189093938,16.3277944834368,70.5494133928306
1.79,-51.5003369916846,16.7713930775536,68.2717300692382
1.8,-48.7023560345812,17.2217289879157,65.9240850224969
1.81,-45.8292100188714,17.6756061111884,63.5048161300598
1.82,-42.897772733222,18.1339036742279,61.0316764074499
1.83,-39.9111121392086,18.5938910207157,58.5050031599243
1.84,-36.8830340639224,19.0552785455496,55.938312609472
1.85,-33.8227423920905,19.5169905340076,53.3397329260981
1.86,-30.7409749892282,19.9779202320972,50.7188952213254
1.87,-27.6484697208508,20.4373642736549,48.0858339945057
1.88,-24.5513625101097,20.893471154413,45.4448336645227
1.89,-21.4649931648838,21.3459408822438,42.8109340471276
1.9,-18.3924296467488,21.7922289125406,40.1846585592894
1.91,-15.3490117635837,22.2340108439095,37.5830226074932
1.92,-12.3393414577521,22.6668078709715,35.0061493287236
1.93,-9.37722455634492,23.0937953863975,32.4710199427424
1.94,-6.47033096330163,23.5099670370304,29.980298000332
1.95,-3.6324665057132,23.9184671738098,27.550933679523
1.96,-0.869767106731159,24.3131929848551,25.1829600915863
1.97,1.80396140655351,24.7161762720347,22.9122148654812
1.98,4.31968989868597,25.0857529244858,20.7660630257998
1.99,6.74184556275739,25.4447510555274,18.70290549277
2,9.0382148022222,25.7862402882573,16.7480254860351
2.01,11.1980597515652,26.1165094234378,14.9184496718726
2.02,13.2459241033925,26.4276557480022,13.1817316446097
2.03,15.1680020306132,26.7272093167808,11.5592072861676
2.04,16.9581576100758,27.0065536755347,10.0483960654589
2.05,18.6010510339013,27.2731878603867,8.67213682648544
2.06,20.0874784173625,27.5179264823208,7.43044806495827
2.07,21.4113038373078,27.7489305844376,6.33762674712978
2.08,22.5679253513736,27.9575629784739,5.38963762710034
2.09,23.5527410171961,28.1512606561225,4.59851963892643
2.1,24.359614911624,28.3224621714689,3.96284725984485
2.11,24.9701392652025,28.4791941247768,3.50905485957426
2.12,25.3858480587195,28.6125090105631,3.22666095184358
2.13,25.6220811000539,28.7308058051639,3.10872470510995
2.14,25.6757704276299,28.8261093287566,3.15033890112668
2.15,25.5438480798717,28.9103457900933,3.36649771022159
2.16,25.2140422104763,28.9689407273727,3.75489851689638
2.17,24.7093625312619,29.0165821021271,4.30721957086523
2.18,24.0267410806528,29.0396367726771,5.0128956920243
2.19,23.1707798010126,29.0489965275592,5.87821672654664
2.2,22.1522165578565,29.0379068262977,6.88569026844119
2.21,20.9741193127604,29.0138874059045,8.03976809314414
2.22,19.6487599120272,28.9712801873879,9.32252027536069
2.23,18.1654004901418,28.9168704952403,10.7514700050985
2.24,16.5317109510436,28.8445761917278,12.3128652406842
2.25,14.7538272178841,28.7620204150794,14.0081931971953
2.26,12.8348172522392,28.6637209896694,15.8289037374302
2.27,10.7746810541087,28.5558322488506,17.7811511947419
2.28,8.58108852743228,28.4345373557129,19.8534488282806
2.29,6.26477753772496,28.3051631500608,22.0403856123359
2.3,3.82728206577467,28.1646582376267,24.337376171852
2.31,1.27933997709662,28.0180805214638,26.7387405443671
2.32,-1.36831086279399,27.8625130932525,29.2308239560464
2.33,-4.11106851153352,27.7022380931617,31.8133066046952
2.34,-6.93205918045521,27.5360659875206,34.4681251679758
2.35,-9.8282149079833,27.3671411461626,37.1953560541459
2.36,-12.7811279246632,27.1949980922731,39.9761260169363
2.37,-15.7892642497069,27.0214779356945,42.8107421854014
2.38,-18.8311481520841,26.8475426064227,45.6786907585068
2.39,-21.9037116702191,26.6743815981544,48.5780932683735
2.4,-24.990081015445,26.5041256697691,51.4942066852141
2.41,-28.0841202646103,26.3361128651719,54.4202331297822
2.42,-31.1689556290483,26.1735083065244,57.3424639355727
2.43,-34.2384511856075,26.0150708259827,60.2535220115902
2.44,-37.277267126409,25.8652791954105,63.1425463218196
2.45,-40.2761995667254,25.7210718199098,65.9972713866352
2.46,-43.2214426794658,25.5880032255689,68.8094459050347
2.47,-46.1037925799029,25.4627118728118,71.5665044527148
2.48,-48.9109774217337,25.3506902692842,74.2616676910179
2.49,-51.629191377867,25.2482045181233,76.8773958959903
2.5,-54.2507645443636,25.1610781623586,79.4118427067222
2.51,-56.7603571133445,25.0851635685865,81.845520681931
2.52,-59.1502991808703,25.0270600944465,84.1773592753168
2.53,-61.4113868622138,24.9805306951473,86.3919175573611
2.54,-63.5298143302838,24.9546779278562,88.48449225814
2.55,-65.5009796427169,24.9416304472842,90.4426100900011
2.56,-67.3172128955735,24.9499840115183,92.2671969070918
2.57,-68.9662422425505,24.9726016556979,93.9388438982484
2.58,-70.4480676836481,25.0179343636089,95.466002047257
2.59,-71.7550193149266,25.0776142475569,96.8326335624835
2.6,-72.8794272324468,25.1609715281907,98.0403987606375
2.61,-73.8136215322692,25.2596589884479,99.0732805207171
2.62,-74.5545342528179,25.3824276147074,99.9369618675253
2.63,-75.1067673364568,25.5208163910097,100.627583727466
2.64,-75.4641848600341,25.6842383086398,101.148423168674
2.65,-75.6237188619742,25.8623083990218,101.486027260996
2.66,-75.5853693422771,26.0639845091219,101.649353851399
2.67,-75.3614081472458,26.2813227900288,101.642730937275
2.68,-74.9855828542138,26.4316143680058,101.41719722222
2.69,-74.6757187350609,26.5798591160041,101.255577851065
2.7,-74.4670973479084,26.7269672715632,101.194064619472
2.71,-74.3367089809382,26.8732077641048,101.209916745043
2.72,-74.2600099415439,27.0189219318698,101.278931873414
2.73,-74.2216604218467,27.1641821771109,101.385842598958
2.74,-74.2078545947558,27.309371216684,101.51722581144
2.75,-74.2078545947558,27.4546235194031,101.662478114159
2.76,-74.2078545947558,27.6002597435984,101.808114338354
2.77,-74.2078545947558,27.7461040478407,101.953958642596
2.78,-74.2078545947558,27.8923426222558,102.100197217012
2.79,-74.2078545947558,28.0388513445008,102.246705939257
2.8,-74.2078545947558,28.1858577804177,102.393712375174
2.81,-74.2063206139679,28.3330826515126,102.53940326548
2.82,-74.2063206139679,28.4807638670012,102.687084480969
2.83,-74.2063206139679,28.6287359298508,102.835056543819
2.84,-74.2063206139679,28.7772781250797,102.983598739048
2.85,-74.2032526523921,28.9261628937922,103.129415546184
2.86,-74.1986507100285,29.0757729594419,103.27442366947
2.87,-74.190980806089,29.2257152636058,103.416696069695
2.88,-74.178708959786,29.3762794354488,103.554988395235
2.89,-74.1603011903313,29.5273516983072,103.687652888639
2.9,-74.1342235169373,29.6792423704044,103.813465887342
2.91,-74.1020099203917,29.8316411444877,103.933651064879
2.92,-74.0636604006945,29.9848997139855,104.04856011468
2.93,-74.0191749578458,30.1386870843833,104.157862042229
2.94,-73.9685535918456,30.2933239178803,104.261877509726
2.95,-73.9117963026938,30.4485930016836,104.360389304377
2.96,-73.8458351288148,30.6047322484425,104.450567377257
2.97,-73.7737380317841,30.7615658207373,104.535303852521
2.98,-73.6939710308141,30.9197040085651,104.613675039379
2.99,-73.6126700490561,31.0780607236141,104.69073077267
3,-73.5252331441467,31.2374738155688,104.762706959715
3.01,-73.4331942968735,31.3976950419402,104.830889338814
3.02,-73.3350195264488,31.558776128415,104.893795654864
3.03,-73.2322428136605,31.720944645723,104.953187459384
3.04,-73.1217961969327,31.8839833830337,105.005779579966
3.05,-73.0021456954777,32.0474889393037,105.049634634781
3.06,-72.8686893669316,32.2121646968557,105.080854063787
3.07,-72.7214272112946,32.3776382885287,105.099065499823
3.08,-72.5634271901424,32.5443338167529,105.107761006895
3.09,-72.3916213418992,32.7118478833933,105.103469225292
3.1,-72.2090776281408,32.8808114670623,105.089889095203
3.11,-72.018864010443,33.0506660144955,105.069530024939
3.12,-71.8240484503815,33.2217218470745,105.045770297456
3.13,-71.6230969671685,33.3933273152847,105.016424282453
3.14,-71.4160095608039,33.5664340533184,104.982443614122
3.15,-71.2027862312878,33.740193881936,104.942980113224
3.16,-70.9788250362565,33.9154136229628,104.894238659219
3.17,-70.7456599564979,34.0914002538344,104.837060210332
3.18,-70.4986890496483,34.2688571592968,104.767546208945
3.19,-70.2394462964956,34.4476085068844,104.68705480338
3.2,-69.9694656778278,34.6278611832776,104.597326861105
3.21,-69.6887471936447,34.8087566654889,104.497503859134
3.22,-69.3926889015827,34.991318994987,104.38400789657
3.23,-69.0782228400662,35.1750723707478,104.253295210814
3.24,-68.7545528938223,35.3606581181452,104.115211011967
3.25,-68.4262810052148,35.5471246227822,103.973405627997
3.26,-68.0903392126678,35.7349580504708,103.825297263139
3.27,-67.7436595546057,35.9233722837911,103.667031838397
3.28,-67.3785721270889,36.113784427921,103.49235655501
3.29,-66.9981448916933,36.3053359640749,103.303480855768
3.3,-66.6054458099945,36.4982958403923,103.103741650387
3.31,-66.1943389588412,36.6925916618959,102.886930620737
3.32,-65.7648243382332,36.8892578193079,102.654082157541
3.33,-65.3215038905343,37.0865358866695,102.408039777204
3.34,-64.8705135388959,37.285760218791,102.156273757687
3.35,-64.4057173601665,37.4859067958643,101.891624156031
3.36,-63.9271153543462,37.6882582561755,101.615373610522
3.37,-63.433173540647,37.8915216434268,101.324695184074
3.38,-62.9223579382811,38.0968968453582,101.019254783639
3.39,-62.3931345664606,38.303421906432,100.696556472893
3.4,-61.8577752714885,38.511769182735,100.369544454223
3.41,-61.3086101494254,38.7211008419577,100.029710991383
3.42,-60.737969296332,38.932844335671,99.670813632003
3.43,-60.1535226161475,39.1455205213196,99.2990431374672
3.44,-59.5460662241448,39.3604844433592,98.906550667504
3.45,-58.9217360434754,39.5767948355252,98.4985308790006
3.46,-58.2851340165028,39.7951137115061,98.0802477280089
3.47,-57.6331921816514,40.0149756172128,97.6481677988642
3.48,-56.9659105389212,40.2363495339491,97.2022600728703
3.49,-56.2786871459484,40.4600422896689,96.7387294356173
3.5,-55.5776579258847,40.6852988068169,96.2629567327016
3.51,-54.86282287873,40.9118294721754,95.7746523509054
3.52,-54.1265121005449,41.1403273299414,95.2668394304863
3.53,-53.3687255913293,41.3706579270039,94.7393835183332
3.54,-52.5925313126592,41.6032557173517,94.1957870300108
3.55,-51.8009972261102,41.8369208405287,93.6379180666389
3.56,-50.9925893508945,42.0731014350359,93.0656907859304
3.57,-50.1642397254362,42.3108665809637,92.4751063063999
3.58,-49.3190163113113,42.5509610435816,91.8699773548929
3.59,-48.4584530893074,42.7919056812412,91.2503587705486
3.6,-47.5764141362732,43.0354175684618,90.611831704735
3.61,-46.6713654714206,43.2807002551816,89.9520657266022
3.62,-45.7479090371135,43.528405413884,89.2763144509975
3.63,-44.8091127949275,43.7778503750428,88.5869631699703
3.64,-43.8488408217111,44.0295833729866,87.8784241946977
3.65,-42.8716950598279,44.282797611948,87.1544926717759
3.66,-41.8761415284901,44.5385378251672,86.4146793536573
3.67,-40.8575782853341,44.7958627499233,85.6534410352574
3.68,-39.8160053303597,45.0554033692055,84.8714086995652
3.69,-38.7575585867186,45.3168390441856,84.0743976309042
3.7,-37.6807040736229,45.5808317914836,83.2615358651065
3.71,-36.5823738294968,45.8462748487933,82.4286486782901
3.72,-35.4641018351281,46.1146473864662,81.5787492215943
3.73,-34.3228201289412,46.3848116141732,80.7076317431144
3.74,-33.1600626917239,46.657119234447,79.8171819261709
3.75,-31.978897485052,46.9310323891183,78.9099298741703
3.76,-30.7762565473496,47.207492373441,77.9837489207906
3.77,-29.5552078401927,47.4851234881735,77.0403313283662
3.78,-28.3111494212174,47.7659220880372,76.0770715092546
3.79,-27.042547309636,48.0484297290993,75.0909770387353
3.8,-25.7570714093878,48.3335049568199,74.0905763662077
3.81,-24.4485857973213,48.6204340730837,73.069019870405
3.82,-23.1232263965882,48.909848061712,72.0330744583002
3.83,-21.7717893224609,49.201405599091,70.9731949215519
3.84,-20.3973425365154,49.4950239526121,69.8923664891275
3.85,-19.0044879811152,49.7904445453559,68.7949325264711
3.86,-17.5886237138968,50.0885569538604,67.6771806677572
3.87,-16.1528176964358,50.3883785444131,66.5411962408489
3.88,-14.6894000247929,50.6911609233392,65.3805609481321
3.89,-13.2075745836954,50.9957663033592,64.2033408870546
3.9,-11.7027394307796,51.3032807914196,63.0060202221992
3.91,-10.1779625276212,51.6121425072325,61.7901050348537
3.92,-8.62557397028096,51.9240374899478,60.5496114602288
3.93,-7.05170968191029,52.2379727659291,59.2896824478394
3.94,-5.45790364329711,52.5544965691515,58.0124002124486
3.95,-3.84262187365353,52.8722745799867,56.7148964536402
3.96,-2.2012624306159,53.1932100536069,55.3944724842228
3.97,-0.536893275759974,53.5159376442342,54.0528309199941
3.98,1.14741762933846,53.8415848315757,52.6941672022372
3.99,2.85473824625518,54.1688586746112,51.314120428356
4,4.58813653656595,54.4992176500247,49.9110811134588
4.01,6.34301055790713,54.831306756419,48.4882961985119
4.02,8.11782632949081,55.1654363190362,47.0476099895454
4.03,9.92025375525644,55.5019683840097,45.5817146287533
4.04,11.7441569120525,55.841854591201,44.0976976791485
4.05,13.5910697806668,56.1832124139143,42.5921426332475
4.06,15.4579243995236,56.5269417658006,41.069017366277
4.07,17.3523906725624,56.8725151374063,39.5201244648439
4.08,19.2667986958437,57.2214737537513,37.9546750579076
4.09,21.2026824501553,57.5717075290471,36.3690250788918
4.1,23.166177858649,57.9250990247372,34.7589211660882
4.11,25.151148998173,58.2803346180178,33.1291856198448
4.12,27.1560618879395,58.6380039135771,31.4819420256376
4.13,29.188586431888,58.9975483722068,29.8089619403188
4.14,31.241052726079,59.3595679422007,28.1185152161217
4.15,33.3165287320882,59.723111025356,26.4065822932678
4.16,35.4150144499158,60.0901429313943,24.6751284814785
4.17,37.5380438603495,60.4584501430796,22.9204062827301
4.18,39.6794810402379,60.8294394092106,21.1499583689727
4.19,41.8485298743082,61.2024797877288,19.3539499134206
4.2,44.037520458621,61.5784194750346,17.5408990164136
4.21,46.2464527931763,61.9563172214624,15.7098644282861
4.22,48.4814628011257,62.3367522872164,13.8552894860907
4.23,50.7379485401055,62.7190109806711,11.9810624405656
4.24,53.0128420485399,63.1034967186708,10.0906546701309
4.25,55.3138132303683,63.4895682130721,8.17575498270379
4.26,57.6331921816514,63.8787356481721,6.24554346652067
4.27,59.9755808447528,64.2694268155491,4.29384597079634
4.28,62.3409792196725,64.662355438274,2.32137621860152
4.29,64.7263193448346,65.0567147308923,0.330395386057731
4.3,67.1346691818151,65.454252778204,-1.6804164036111
4.31,69.5614267882502,65.8536559648424,-3.70777082340778
4.32,72.0081261449278,66.2550173983285,-5.75310874659932
4.33,74.4809031749994,66.6584405304886,-7.82246264451079
4.34,76.9705539937378,67.0641115628299,-9.90644243090792
4.35,79.4816805435066,67.4712754294854,-12.0104051140212
4.36,82.0142828243058,67.8811837192573,-14.1330991050485
4.37,84.5652928745596,68.292233194807,-16.2730596797526
4.38,87.1393126366317,68.7059443751821,-18.4333682614496
4.39,89.7302061873706,69.1207140233139,-20.6094921640567
4.4,92.3425754691398,69.538124718333,-22.8044507508068
4.41,94.9733525203637,69.9569455933328,-25.0164069270309
4.42,97.6225373410422,70.3779317418812,-27.244605599161
4.43,100.294731873539,70.8002039761196,-29.4945278974194
4.44,102.979198252339,71.2244967010732,-31.7547015512658
4.45,105.686674342957,71.6507064969754,-34.0359678459816
4.46,108.409490241454,72.0787402868745,-36.3307499545795
4.47,111.152247890194,72.5084429316645,-38.6438049585295
4.48,113.9118793276,72.939928224012,-40.9719511035881
4.49,116.688384553673,73.3724204102565,-43.3159641434165
4.5,119.4832975492,73.8072227883344,-45.6760747608656
4.51,122.292016371819,74.2428872772525,-48.0491290945665
4.52,125.12067694468,74.6809033572817,-50.4397735873983
4.53,127.961609363844,75.1203608136853,-52.8412485501588
4.54,130.820949552463,75.56138378073,-55.259565771733
4.55,133.692561587385,76.0035171545047,-57.6890444328803
4.56,136.582581391762,76.4472470910014,-60.1353343007606
4.57,139.483339061653,76.8918805850743,-62.5914584765787
4.58,142.400970520212,77.338152036059,-65.062818484153
4.59,145.330873825074,77.7854201571657,-67.5454536679083
4.6,148.274582957026,78.234471065844,-70.040111891182
4.61,151.233631896857,78.6844359188126,-72.5491959780444
4.62,154.201884721416,79.1356870909295,-75.0661976304865
4.63,157.185477353854,79.5877901639509,-77.5976871899031
4.64,160.178273871019,80.0407761754045,-80.1374976956145
4.65,163.184876215274,80.4946968501296,-82.6901793651443
4.66,166.200682444258,80.9500279982142,-85.2506544460439
4.67,169.230294500332,81.4057559649507,-87.8245385353813
4.68,172.266042479558,81.8627185795426,-90.4033239000154
4.69,175.315596285874,82.3205848590475,-92.9950114268265
4.7,178.369752034554,82.7788996956229,-95.5908523389311
4.71,181.437713610326,83.238294048003,-98.199419562323
4.72,184.508743147673,83.6987679249056,-100.809975222767
4.73,187.592044531323,84.1597007237523,-103.432343807571
4.74,190.678413876549,84.6209993566071,-106.057414519942
4.75,193.777055068078,85.0826431394294,-108.694411928649
4.76,196.877230240395,85.5445907009705,-111.332639539424
4.77,199.985075316651,86.0072764715377,-113.977798845113
4.78,203.095988354483,86.4698729756705,-116.626115378813
4.79,206.214571296255,86.9332490681799,-119.281322228075
4.8,209.334688218814,87.3962669685038,-121.93842125031
4.81,212.460941064525,87.8599093078747,-124.60103175665
4.82,215.587193910236,88.3231520832069,-127.264041827029
4.83,218.71804869831,88.7868124290818,-129.931236269228
4.84,221.845835524809,89.2500318369958,-132.595803687813
4.85,224.981292255248,89.7134722884315,-135.267819966816
4.86,228.112147043322,90.1764511130331,-137.935695930289
4.87,231.24760377376,90.6394958264044,-140.608107947356
4.88,234.376924581047,91.1019547874041,-143.274969793643
4.89,237.50931334991,91.5642313884125,-145.945081961497
4.9,240.635566195621,92.0258394824486,-148.609726713172
4.91,243.763353022119,92.4871100566072,-151.276242965512
4.92,246.883469944679,92.9477121153533,-153.935757829326
4.93,250.003586867238,93.4079456152716,-156.595641251966
4.94,253.11449990507,93.8674485299278,-159.247051375142
4.95,256.225412942902,94.32644841076,-161.898964532142
4.96,259.324054134431,94.7847694136042,-164.539284720827
4.97,262.421161345172,95.2419977916123,-167.17916355356
4.98,265.507530690398,95.698040443756,-169.809490246642
4.99,268.587764112473,96.1530525129829,-172.43471159949
5,271.657259669032,96.6069512423022,-175.05030842673
5.01,274.719085321652,97.0602848297422,-177.65880049191
5.02,277.768639127968,97.5114707091389,-180.257168418829
5.03,280.808989049558,97.9619983320855,-182.846990717473
5.04,283.837067124844,98.4108126516229,-185.426254473221
5.05,286.852873353827,98.8581515546661,-187.994721799161
5.06,289.854873755719,99.3036736914901,-190.551200064229
5.07,292.84306833052,99.7478858806113,-193.095182449909
5.08,295.815923097443,100.190136466909,-195.625786630534
5.09,298.771904075698,100.630901237231,-198.141002838467
5.1,301.715613207651,101.069145822709,-200.646467384942
5.11,304.637846608573,101.505532189721,-203.132314418852
5.12,307.546274182404,101.939625892402,-205.606648290002
5.13,310.431692044417,102.372037181772,-208.059654862645
5.14,313.301770098551,102.802104054569,-210.499666043982
5.15,316.147304460079,103.229960957073,-212.917343503006
5.16,318.97596503294,103.654997598728,-215.320967434212
5.17,321.780081913195,104.0780310985,-217.702050814695
5.18,324.564257043208,104.49797536197,-220.066281681238
5.19,327.322354499826,104.916164686175,-222.406189813651
5.2,330.057442244626,105.330799269634,-224.726642974992
5.21,332.76798629682,105.743368560352,-227.024617736468
5.22,335.449384714044,106.152000347221,-229.297384366823
5.23,338.10777341945,106.558597820704,-231.549175598746
5.24,340.735482509098,106.961609420568,-233.77387308853
5.25,343.337113925352,107.362245319341,-235.974868606011
5.26,345.908065725848,107.758809141552,-238.149256584296
5.27,348.448337910587,108.153007550811,-240.295330359776
5.28,350.959464460356,108.542720081038,-242.416744379318
5.29,353.435309452003,108.929839579282,-244.505469872721
5.3,355.880474827893,109.312721383211,-246.567753444682
5.31,358.291892626449,109.69241016444,-248.599482462009
5.32,360.668028866884,110.067737061851,-250.600291805033
5.33,363.011951510773,110.440201868184,-252.571749642589
5.34,365.317524634965,110.808015104228,-254.509509530737
5.35,367.58474823946,111.172666217868,-256.412082021592
5.36,369.818224266622,111.532262288666,-258.285961977956
5.37,372.010282812511,111.888706509674,-260.121576302837
5.38,374.163991838702,112.240157677222,-261.92383416148
5.39,376.279351345196,112.588219019735,-263.691132325461
5.4,378.35175938963,112.931007954878,-265.420751434752
5.41,380.38274995279,113.270282865691,-267.112467087099
5.42,382.372323034678,113.603923261683,-268.768399772995
5.43,384.318944654505,113.934194366306,-270.384750288199
5.44,386.219546850695,114.258634345821,-271.960912504874
5.45,388.077197584825,114.579456705481,-273.497740879344
5.46,389.888828895318,114.894437512854,-274.994391382464
5.47,391.652906801386,115.205676494175,-276.447230307211
5.48,393.370965283818,115.510804901721,-277.860160382097
5.49,395.041470361826,115.812170711031,-279.229299650795
5.5,396.664422035409,116.107260359872,-280.557161675537
5.51,398.235218362203,116.397977043191,-281.837241319012
5.52,399.758461284574,116.682593316545,-283.075867968029
5.53,401.231082840944,116.963022721947,-284.268060118997
5.54,402.653083031314,117.237093033733,-285.415989997581
5.55,404.021393894108,117.506686761898,-286.51470713221
5.56,405.337549410114,117.77001439622,-287.567535013894
5.57,406.60308356012,118.028782604902,-288.574300955218
5.58,407.811860420973,118.281036375577,-289.530824045396
5.59,408.968481935039,118.528823720214,-290.439658214825
5.6,410.068346159953,118.76965174966,-291.298694410293
5.61,411.111453095715,119.005971880935,-292.10548121478
5.62,412.100870703902,119.235053316282,-292.86581738762
5.63,413.033531022936,119.459606066505,-293.573924956431
5.64,413.906366091243,119.677002770509,-294.229363320734
5.65,414.723977851186,119.889674158834,-294.834303692352
5.66,415.484832321977,120.095261806549,-295.389570515428
5.67,416.181259599678,120.296020601401,-295.885238998277
5.68,416.81786162665,120.489023208191,-296.328838418459
5.69,417.396172383683,120.677517514546,-296.718654869137
5.7,417.916191870776,120.858555499976,-297.0576363708
5.71,418.380988049506,121.034836834099,-297.346151215407
5.72,418.782891015932,121.203010085945,-297.579880929987
5.73,419.120366789266,121.366405892136,-297.75396089713
5.74,419.394949350298,121.522252074508,-297.87269727579
5.75,419.61124064139,121.673475866393,-297.937764774997
5.76,419.763104739391,121.816922370679,-297.946182368712
5.77,419.852075625088,121.955332630487,-297.896742994601
5.78,419.87968727927,122.085893091418,-297.793794187852
5.79,419.858211548239,122.211624078335,-297.646587469904
5.8,419.795318335936,122.330301635779,-297.465016700157
5.81,419.687939680784,122.444449592354,-297.24349008843
5.82,419.528405678844,122.550882023255,-296.977523655589
5.83,419.315182349328,122.652567534176,-296.662614815152
5.84,419.048269692236,122.746713264097,-296.301556428139
5.85,418.721531784416,122.835553410325,-295.885978374091
5.86,418.333434645081,122.916657141603,-295.416777503478
5.87,417.890114197382,122.992951685907,-294.897162511475
5.88,417.393104422107,123.061975186218,-294.331129235889
5.89,416.833201434529,123.125682557997,-293.707518876532
5.9,416.211939215435,123.182077411895,-293.02986180354
5.91,415.524715822462,123.233218099532,-292.29149772293
5.92,414.766929313247,123.27670482735,-291.490224485897
5.93,413.947783572516,123.314937286852,-290.632846285664
5.94,413.073414523421,123.345557061978,-289.727857461443
5.95,412.136152262023,123.37113968619,-288.765012575833
5.96,411.139064749897,123.38992668441,-287.749138065487
5.97,410.080618006256,123.403541970356,-286.6770760359
5.98,408.957744069524,123.409440946866,-285.548303122658
5.99,407.770442939701,123.410457734813,-284.359985204888
6,406.524850539937,123.40447183462,-283.120378705317
6.01,405.217898908659,123.393913964587,-281.823984944072
6.02,403.851122026653,123.375949914664,-280.475172111989
6.03,402.424519893919,123.353475863834,-279.071044030085
6.04,400.93655852967,123.323461076312,-277.613097453358
6.05,399.390305895481,123.28963956475,-276.100666330731
6.06,397.785761991353,123.248618573846,-274.537143417507
6.07,396.122926817285,123.203345995189,-272.919580822096
6.08,394.400266392489,123.150904883637,-271.249361508852
6.09,392.620848678542,123.094687904102,-269.52616077444
6.1,390.786207656231,123.032005679165,-267.754201977066
6.11,388.894809344768,122.964947575662,-265.929861769106
6.12,386.948187724941,122.891444833926,-264.056742891015
6.13,384.947876777538,122.813969532057,-262.133907245481
6.14,382.893876502559,122.730721850308,-260.163154652251
6.15,380.787720880792,122.64325328689,-258.144467593902
6.16,378.632477873813,122.550115705524,-256.082362168289
6.17,376.426613500833,122.452891633746,-253.973721867087
6.18,374.168593781066,122.350350153746,-251.81824362732
6.19,371.866088618449,122.244208259775,-249.621880358674
6.2,369.514496070621,122.132345492247,-247.382150578374
6.21,367.116884099155,122.017947626153,-245.098936473002
6.22,364.674786684841,121.898325316664,-242.776461368177
6.23,362.189737808467,121.775330020207,-240.41440778826
6.24,359.660203489243,121.647968730781,-238.012234758462
6.25,357.092319650323,121.517348173789,-235.574971476534
6.26,354.481484349341,121.382620154792,-233.098864194549
6.27,351.833833509451,121.2446948727,-230.589138636751
6.28,349.144765188287,121.103261997447,-228.04150319084
6.29,346.42194928979,120.958817990719,-225.463131299071
6.3,343.66538581396,120.810824967105,-222.854560846855
6.31,340.87200679922,120.660886141749,-220.211120657471
6.32,338.04948214951,120.507129326922,-217.542352822588
6.33,335.193209922467,120.35160250411,-214.841607418357
6.34,332.31086002203,120.193147189103,-212.117712832927
6.35,329.396296525047,120.032963202773,-209.363333322274
6.36,326.458723316246,119.869809314479,-206.588914001767
6.37,323.493538453263,119.705536982339,-203.788001470924
6.38,320.50687785925,119.538987728998,-200.967890130252
6.39,317.497207553418,119.371133822136,-198.126073731282
6.4,314.469129478132,119.201468421744,-195.267661056388
6.41,311.419575671816,119.031036202677,-192.388539469139
6.42,308.356216038408,118.859237238259,-189.496978800149
6.43,305.275982616334,118.68630941698,-186.589673199354
6.44,302.185011328744,118.51252165949,-183.672489669254
6.45,299.080234214063,118.338349757532,-180.741884456531
6.46,295.967787195444,118.163948859707,-177.803838335737
6.47,292.846136292096,117.989329307583,-174.856806984513
6.48,289.718349465597,117.814811746295,-171.903537719302
6.49,286.585960696735,117.64036514634,-168.945595550395
6.5,283.452037947085,117.466506680839,-165.985531266246
6.51,280.315047235858,117.292967424968,-163.02207981089
6.52,277.17959050542,117.120440392757,-160.059150112663
6.53,274.047201736558,116.948625632561,-157.098576103997
6.54,270.919414910059,116.778267879329,-154.14114703073
6.55,267.797764006712,116.608818942101,-151.188945064611
6.56,264.685316988092,116.441220083707,-148.244096904385
6.57,261.582073854199,116.274592125421,-145.307481728778
6.58,258.492636547397,116.110538313269,-142.382098234128
6.59,255.417005067687,115.948355313472,-139.468649754215
6.6,252.358247376643,115.789149894541,-136.569097482102
6.61,249.317897455053,115.631453307851,-133.686444147202
6.62,246.297489283706,115.477479073024,-130.820010210682
6.63,243.301624804966,115.325230928581,-127.976393876385
6.64,240.327236057256,115.177377512561,-125.149858544695
6.65,237.383526925303,115.031829475914,-122.351697449389
6.66,234.464361485957,114.890417640645,-119.573943845312
6.67,231.578943623944,114.751962882526,-116.826980741418
6.68,228.722671396901,114.618171909742,-114.104499487159
6.69,225.904748689555,114.487565638926,-111.417183050629
6.7,223.12210754033,114.362450708379,-108.759656831951
6.71,220.379349891591,114.240975672606,-106.138374218985
6.72,217.676475743336,114.124743815708,-103.551731927628
6.73,215.015019076355,114.012296742421,-101.002722333934
6.74,212.401115813797,113.906375534109,-98.494740279688
6.75,209.830164013301,113.804094390816,-96.0260696224854
6.76,207.309833578805,113.708349550733,-93.6014840280715
6.77,204.838590529521,113.617051666529,-91.2215388629922
6.78,202.419502827026,113.532652213788,-88.8868506132376
6.79,200.055638432894,113.453279061012,-86.6023593718822
6.8,197.74392938555,113.381042353834,-84.3628870317163
6.81,195.492045588934,113.313759650429,-82.1782859385054
6.82,193.298453062258,113.253944501324,-80.0445085609341
6.83,191.163151805521,113.199424807647,-77.9637269978735
6.84,189.093811722663,113.152910656952,-75.9409010657114
6.85,187.087364852109,113.1117024243,-73.9756624278087
6.86,185.143811193857,113.079089447792,-72.0647217460654
6.87,183.270820651849,113.052227291737,-70.2185933601118
6.88,181.466859245296,113.034405303737,-68.4324539415595
6.89,179.730392993409,113.022220487096,-66.708172506313
6.9,178.066023838553,113.019448347738,-65.046575490815
6.91,176.478353723091,113.022282481615,-63.4560712414763
6.92,174.96278070466,113.035077648456,-61.9277030562036
6.93,173.51930478326,113.053892974796,-60.4654118084641
6.94,172.154061882042,113.082069542906,-59.0719923391358
6.95,170.868585981794,113.116524999128,-57.752060982666
6.96,169.664411063303,113.161324494915,-56.5030865683877
6.97,168.538469164995,113.213096056029,-55.3253731089658
6.98,167.492294267657,113.27475668618,-54.2175375814773
6.99,166.527420352077,113.342613745422,-53.184806606655
7,165.648449360619,113.421022017816,-52.2274273428028
7.01,164.85691527407,113.506019927018,-51.3508953470515
7.02,164.15281809243,113.60187951339,-50.5509385790404
7.03,163.530021892549,113.704990888338,-49.8250310042113
7.04,162.993128616789,113.81842622027,-49.1747023965187
7.05,162.546740207514,113.938844551482,-48.6078956560324
7.06,162.186254722361,114.070342084818,-48.1159126375426
7.07,161.910138180542,114.20804698452,-47.7020911960216
7.08,161.726060485995,114.356924326577,-47.3691361594183
7.09,161.637089600298,114.513105622764,-47.1239839775341
7.1,161.63555561951,114.680718110208,-46.9548375093022
7.11,161.707652716541,114.85426932499,-46.853383391551
7.12,161.847244968238,115.038207149832,-46.8090378184058
7.13,162.060468297754,115.228683776295,-46.8317845214592
7.14,162.351924647453,115.430788405572,-46.9211362418809
7.15,162.718546055757,115.638945825865,-47.0796002298921
7.16,163.171070388184,115.857779761039,-47.313290627145
7.17,163.707963663944,116.084476785317,-47.6234868786273
7.18,164.315420055946,116.320785060795,-47.9946349951508
7.19,165.007245391283,116.564335937284,-48.4429094539993
7.2,165.783439669953,116.81791194769,-48.965527722263
7.21,166.647070853532,117.078761726651,-49.5683091268809
7.22,167.596604961234,117.349978116801,-50.2466268444325
7.23,168.624372089117,117.627785725225,-50.996586363892
7.24,169.736508160334,117.915618729328,-51.8208894310063
7.25,170.929945213309,118.20921558139,-52.720729631919
7.26,172.207751209618,118.512786228711,-53.6949649809075
7.27,173.572994110836,118.823331063366,-54.7496630474695
7.28,175.018004013024,119.14365328791,-55.8743507251136
7.29,176.544314896971,119.469967174455,-57.0743477225162
7.3,178.147324820311,119.805737911389,-58.3415869089225
7.31,179.833169706197,120.146983243607,-59.6861864625898
7.32,181.597247612266,120.496961476343,-61.1002861359231
7.33,183.434956596153,120.852290289024,-62.5826663071288
7.34,185.347830638646,121.216248667819,-64.1315819708266
7.35,187.337403720534,121.585930105258,-65.7514736152762
7.36,189.394471957089,121.963630936539,-67.4308410205504
7.37,191.520569329098,122.345451664426,-69.1751176646716
7.38,193.71722981735,122.735643557502,-70.9815862598481
7.39,195.976783517906,123.130451937888,-72.8463315800185
7.4,198.300764411553,123.532090376252,-74.7686740353009
7.41,200.687638517503,123.937859239132,-76.749779278371
7.42,203.132803893392,124.350272054835,-78.7825318385574
7.43,205.639328500798,124.767570460223,-80.8717580405747
7.44,208.196474474203,125.190385451,-83.0060890232035
7.45,210.808843755972,125.616731100306,-85.1921126556663
7.46,213.473368384529,126.048252063967,-87.4251163205617
7.47,216.182378455936,126.482776231175,-89.6996022247609
7.48,218.942009893342,126.922537834831,-92.0194720585109
7.49,221.741524831233,127.364702779822,-94.3768220514114
7.5,224.585525211973,127.81112258064,-96.7744026313332
7.51,227.464807150834,128.259894057405,-99.2049130934291
7.52,230.380904628605,128.712186048599,-101.668718580006
7.53,233.330749683709,129.166757357158,-104.163992326551
7.54,236.309740373783,129.623649375137,-106.686090998646
7.55,239.317876698827,130.082903494873,-109.234973203954
7.56,242.347488754901,130.542906145296,-111.804582609605
7.57,245.403178484369,131.004639967115,-114.398538517254
7.58,248.474208021716,131.46724646203,-117.006961559686
7.59,251.566713290094,131.930653232492,-119.636060057602
7.6,254.66688846241,132.394291391549,-122.272597070861
7.61,257.780869461818,132.858088536482,-124.922780925336
7.62,260.89945240359,133.321320622345,-127.578131781245
7.63,264.024171268513,133.784287606469,-130.239883662044
7.64,267.14582217186,134.246068913327,-132.899753258533
7.65,270.269007055995,134.707129991402,-135.561877064593
7.66,273.384522036191,135.166250298673,-138.218271737518
7.67,276.493901093235,135.624102147822,-140.869798945413
7.68,279.591008303976,136.079030562875,-143.511977741101
7.69,282.675843668414,136.532245712125,-146.143597956289
7.7,285.74073728261,136.981482345135,-148.759254937475
7.71,288.788757108139,137.428850510371,-151.359906597768
7.72,291.810699260273,137.872002205254,-153.938697055019
7.73,294.808097719802,138.312478582511,-156.495619137291
7.74,297.773282582785,138.747486855806,-159.025795726979
7.75,300.710855791586,139.179333592551,-161.531522199035
7.76,303.608545499902,139.605681115526,-164.002864384376
7.77,306.470953650096,140.02807056956,-166.442883080536
7.78,309.287342376655,140.444226327862,-168.843116048793
7.79,312.06231362194,140.855658499808,-171.206655122132
7.8,314.786663501225,141.260370725068,-173.526292776157
7.81,317.460392014509,141.660069639856,-175.800322374653
7.82,320.080431200218,142.051983105073,-178.028448095145
7.83,322.640645135199,142.438624553881,-180.202020581318
7.84,325.14256780024,142.816704657123,-182.325863143117
7.85,327.578529291403,143.189522963582,-184.389006327821
7.86,329.948529608686,143.553252267621,-186.395277341065
7.87,332.251034771303,143.910871464982,-188.340163306321
7.88,334.467637009797,144.260229013134,-190.207407996663
7.89,336.564588746837,144.600362871819,-191.964225875018
7.9,338.600181252361,144.930745426331,-193.66943582603
7.91,340.566744622431,145.254603827391,-195.31214079504
7.92,342.461210895469,145.567914306796,-196.893296588673
7.93,344.280512109902,145.873883325962,-198.40662878394
7.94,346.016978361788,146.168456071649,-199.848522290139
7.95,347.666007708765,146.455821659519,-201.210186049246
7.96,349.232202093197,146.731428772036,-202.500773321161
7.97,350.70942559193,146.999828560112,-203.709597031818
7.98,352.091542281815,147.255424980166,-204.836117301649
7.99,353.378552162852,147.504062152327,-205.874490010525
8,354.565853292675,147.739678559897,-206.826174732778
8.01,355.65804761365,147.967394263039,-207.690653350611
8.02,356.648999202624,148.182140736164,-208.46685846646
8.03,357.537174078809,148.388882888494,-209.148291190315
8.04,358.324106222995,148.581993626361,-209.742112596634
8.05,359.005193692816,148.767461893579,-210.237731799237
8.06,359.574300565122,148.939712317708,-210.634588247414
8.07,360.032960820699,149.103078840988,-210.929881979711
8.08,360.385776401913,149.252927367203,-211.13284903471
8.09,360.637349251126,149.394533123575,-211.242816127551
8.1,360.7800094644,149.522755175204,-211.257254289196
8.11,360.815291022521,149.642175716133,-211.173115306388
8.12,360.756999752581,149.749112285555,-211.007887467026
8.13,360.609737596944,149.847795394573,-210.761942202371
8.14,360.368902613246,149.933135835846,-210.4357667774
8.15,360.034494801487,150.01052261524,-210.023972186247
8.16,359.600378238516,150.075352691206,-209.52502554731
8.17,359.06041700118,150.131504880973,-208.928912120207
8.18,358.416145070268,150.174479582569,-208.241665487698
8.19,357.672164388143,150.20940719887,-207.462757189273
8.2,356.830008935594,150.231695046677,-206.598313888917
8.21,355.885076770257,150.246049432559,-205.639027337698
8.22,354.837367892131,150.248487962805,-204.588879929326
8.23,353.689950262792,150.243023912688,-203.446926350104
8.24,352.441289901453,150.225426648553,-202.2158632529
8.25,351.08678486575,150.200650713367,-200.886134152383
8.26,349.635639040411,150.164134490055,-199.471504550356
8.27,348.086318444646,150.120832514445,-197.965485930201
8.28,346.440357059245,150.06626593205,-196.374091127195
8.29,344.699288864995,150.00475830895,-194.694530556045
8.3,342.864647842683,149.933216847704,-192.931430994979
8.31,340.941035934675,149.854930750393,-191.086105184282
8.32,338.929987121757,149.767189942154,-189.162797179603
8.33,336.833035384717,149.673231903449,-187.159803481268
8.34,334.654782665919,149.570212102884,-185.084570563035
8.35,332.395228965364,149.461543856908,-182.933685108456
8.36,330.058976225414,149.344744669187,-180.714231556227
8.37,327.650626388434,149.222938235092,-178.427688153342
8.38,325.170179454422,149.093807564565,-176.076371889857
8.39,322.622237365744,148.960021236355,-173.662216129389
8.4,320.011402064763,148.819841504621,-171.191560560142
8.41,317.340741513054,148.675512865035,-168.665228648019
8.42,314.614857652981,148.525835440407,-166.089022212574
8.43,311.833750484545,148.372226250037,-163.461524234508
8.44,309.002021950108,148.213930190075,-160.788091760033
8.45,306.124273992034,148.052695273235,-158.071578718799
8.46,303.2035745719,147.888252546666,-155.315322025234
8.47,300.244525632069,147.721491523806,-152.523034108263
8.48,297.248661153328,147.551812265869,-149.696848887459
8.49,294.223651039618,147.380724894839,-146.842926144779
8.5,291.167961310149,147.208156995295,-143.959804314854
8.51,288.093863811227,147.03492568808,-141.058938123147
8.52,284.996756600485,146.860606886338,-138.136149714147
8.53,281.888911524229,146.686255613073,-135.202655911156
8.54,278.76879460167,146.512316636371,-132.256477965299
8.55,275.645609717535,146.33912095013,-129.306488767405
8.56,272.517822891036,146.167402945872,-126.350419945164
8.57,269.394638006901,145.997048858212,-123.397589148689
8.58,266.274521084341,145.829310257712,-120.445210826629
8.59,263.168209988873,145.663535528865,-117.504674460008
8.6,260.072636758919,145.501472735629,-114.57116402329
8.61,257.000073240785,145.341497984902,-111.658575255883
8.62,253.94898545368,145.186486783933,-108.762498669747
8.63,250.927043301545,145.035094523794,-105.891948777751
8.64,247.935780765168,144.888976197614,-103.046804567554
8.65,244.984401729276,144.747004410991,-100.237397318285
8.66,242.072906193869,144.612158136447,-97.4607480574221
8.67,239.208964062887,144.481882588038,-94.7270814748492
8.68,236.392575336329,144.359063656718,-92.0335116796114
8.69,233.632943898923,144.241012088087,-89.3919318108362
8.7,230.931603731456,144.132299783156,-86.7993039483
8.71,228.291622795505,144.029544480643,-84.2620783148618
8.72,225.720670995008,143.936149278461,-81.7845217165474
8.73,223.220282310755,143.849673175182,-79.3706091355728
8.74,220.795058685108,143.772929700333,-77.022128984775
8.75,218.44960206043,143.703136509814,-74.7464655506157
8.76,216.183912436723,143.644689717842,-72.5392227188808
8.77,214.007193698714,143.594144995469,-70.4130487032446
8.78,211.919445846401,143.555070983275,-68.3643748631257
8.79,209.922202860574,143.524013000391,-66.3981898601825
8.8,208.026202606748,143.506287781188,-64.5199148255599
8.81,206.228377123346,143.497044253884,-62.7313328694619
8.82,204.530260391156,143.501123357527,-61.0291370336294
8.83,202.937988333331,143.513777445191,-59.4242108881395
8.84,201.454628911445,143.540468090072,-57.9141608213734
8.85,200.083250087076,143.576240766294,-56.5070093207819
8.86,198.823851860222,143.626184685236,-55.1976671749861
8.87,197.676434230883,143.685221186632,-53.9912130442515
8.88,196.648667103,143.759732460234,-52.8889346427657
8.89,195.739016495784,143.84338825107,-51.8956282447135
8.9,194.95055037081,143.942601786908,-51.0079485839016
8.91,194.28326872808,144.051104866851,-50.232163861229
8.92,193.741773509956,144.175372786621,-49.5664007233348
8.93,193.3183948125,144.308444305465,-49.0099505070353
8.94,193.023870501226,144.457704970798,-48.5661655304282
8.95,192.855132614559,144.616452135429,-48.2386804791299
8.96,192.813715133286,144.791223159981,-48.0224919733051
8.97,192.888880191892,144.975149892445,-47.9137302994469
8.98,193.065287982499,145.174055965312,-47.8912320171869
8.99,193.350608409046,145.381983472381,-47.9686249366652
9,193.749443413896,145.605407698775,-48.1440357151214
9.01,194.26179299705,145.837988024139,-48.423804972911
9.02,194.896861043234,146.085951475918,-48.8109095673161
9.03,195.642375706147,146.342605749186,-49.2997699569606
9.04,196.498336985787,146.614239921017,-49.8840970647701
9.05,197.473948766882,146.894161690859,-50.5797870760233
9.06,198.569211049433,147.18856702797,-51.3806440214629
9.07,199.776453929499,147.491435980726,-52.2850179487731
9.08,201.097211387868,147.808219758236,-53.2889916296316
9.09,202.526881482178,148.132898415072,-54.3939830671063
9.1,204.068532174003,148.470043929361,-55.5984882446423
9.11,205.723697444131,148.815612003523,-56.9080854406075
9.12,207.484707388624,149.173409175105,-58.3112982135193
9.13,209.346960065117,149.538429191521,-59.8085308735957
9.14,211.313523435187,149.914913007032,-61.3986104281549
9.15,213.376727594893,150.297844031298,-63.0788835635952
9.16,215.531970601872,150.690914990734,-64.8410556111378
9.17,217.7823204177,151.090671184932,-66.691649232768
9.18,220.120107138438,151.499719253317,-68.6203878851206
9.19,222.539194840934,151.914087317557,-70.6251075233771
9.2,225.039583525187,152.337075023165,-72.7025085020216
9.21,227.613603287259,152.764493280459,-74.8491100067997
9.22,230.258186165574,153.199290041007,-77.0588961245673
9.23,232.971798179344,153.638755344345,-79.3330428349987
9.24,235.743701463053,154.083251249808,-81.660450213245
9.25,238.57542999749,154.531071109679,-84.0443588878114
9.26,241.454711936351,154.983342395419,-86.4713695409323
9.27,244.386149222001,155.438544641114,-88.9476045808867
9.28,247.35440204656,155.897381229378,-91.4570208171821
9.29,250.364072352391,156.357804170486,-94.0062681819051
9.3,253.399820331617,156.81963763724,-96.5801826943774
9.31,256.4662479266,157.282881640944,-99.1833662856558
9.32,259.551083291038,157.745995008752,-101.805088282286
9.33,262.652792444143,158.209194953485,-104.443597490658
9.34,265.762171501187,158.671436780348,-107.090734720839
9.35,268.879220462171,159.13279288591,-109.746427576261
9.36,271.991667480791,159.592011696141,-112.39965578465
9.37,275.104114499411,160.049527620812,-115.054586878599
9.38,278.199687729364,160.503923581163,-117.695764148201
9.39,281.282989113014,160.955354702797,-120.327634410217
9.4,284.343280784846,161.401959121087,-122.941321663759
9.41,287.377494783284,161.845164202946,-125.532330580338
9.42,290.3764272236,162.281990971942,-128.094436251658
9.43,293.341612086583,162.714590832284,-130.627021254299
9.44,296.26077752593,163.13968483022,-133.12109269571
9.45,299.130855580064,163.559341614067,-135.571513965997
9.46,301.94877828741,163.970178775124,-137.978599512286
9.47,304.70534176324,164.375092442404,-140.330249320836
9.48,307.397478045979,164.770203700795,-142.627274345184
9.49,310.0159832509,165.158387988851,-144.857595262049
9.5,312.56239135879,165.535135409319,-147.027255949471
9.51,315.024430523347,165.904903972437,-149.11952655091
9.52,317.40210074457,166.262397650752,-151.139703093818
9.53,319.690800080095,166.611650365908,-153.079149714187
9.54,321.884392606771,166.948038406431,-154.93635420034
9.55,323.978276382235,167.275026794229,-156.703249588006
9.56,325.970917425699,167.588333139492,-158.382584286207
9.57,327.854645833222,167.892591307691,-159.962054525531
9.58,329.62639364323,168.181977686747,-161.444415956483
9.59,331.286160855723,168.46140542276,-162.824755432962
9.6,332.82627756676,168.725319823548,-164.100957743212
9.61,334.243675814766,168.978985728303,-165.264690086463
9.62,335.535287638166,169.216341590316,-166.31894604785
9.63,336.702647017747,169.443252191107,-167.25939482664
9.64,337.73808404957,169.653200850582,-168.084883198988
9.65,338.640064752846,169.852817794317,-168.787246958529
9.66,339.407055146789,170.034820899827,-169.372234246962
9.67,340.039055231398,170.206574803982,-169.832480427416
9.68,340.526861121946,170.360993917815,-170.165867204131
9.69,340.870472818432,170.504315410479,-170.366157407953
9.7,341.071424301645,170.630250162688,-170.441174138957
9.71,341.137385475524,170.745345658302,-170.392039817222
9.72,341.079094205584,170.84391272679,-170.235181478794
9.73,340.90115243419,170.932167855251,-169.968984578939
9.74,340.598958218976,171.003128913612,-169.595829305364
9.75,340.16790961758,171.063850224205,-169.104059393375
9.76,339.608006630002,171.107701358651,-168.500305271351
9.77,338.922317217817,171.141229789517,-167.7810874283
9.78,338.113909342602,171.158663633601,-166.955245709001
9.79,337.179715042779,171.165629765914,-166.014085276865
9.8,336.116666356774,171.157411376853,-164.959254979921
9.81,334.930899207739,171.139976677907,-163.790922529832
9.82,333.616277672521,171.107657261606,-162.508620410915
9.83,332.174335731908,171.066121361114,-161.108214370794
9.84,330.609675328265,171.010579797426,-159.599095530839
9.85,328.923830442379,170.946483577698,-157.977346864681
9.86,327.121403016613,170.86982965757,-156.251573359043
9.87,325.202393050968,170.785117425421,-154.417275625547
9.88,323.172936468595,170.688643816815,-152.48429265178
9.89,321.040703173434,170.584504812628,-150.456198360806
9.9,318.804159184697,170.469431792313,-148.334727392384
9.91,316.472508387111,170.3482137478,-146.124294639311
9.92,314.050352723039,170.21797513113,-143.832377591909
9.93,311.539226173271,170.082036152549,-141.457190020722
9.94,308.945264660956,169.938255663694,-139.007008997262
9.95,306.276138090035,169.789488416472,-136.486649673563
9.96,303.533380441295,169.634379377147,-133.899001064148
9.97,300.726195599465,169.475555744458,-131.250639855007
9.98,297.857651526119,169.312003830044,-128.545647696075
9.99,294.938486086772,169.145802635452,-125.79268345132
