0,591.145574285126,591.199483164738,0.0539088796118676
0.01,588.13897194087,593.710233728826,5.57126178795556
0.02,585.100156000069,590.42197890082,5.32182290075127
0.03,582.032194424297,587.279024591791,5.24683016749373
0.04,578.942757117496,584.248882138964,5.30612502146835
0.05,575.839513983603,581.143307963612,5.30379398000912
0.06,572.728600945771,578.039132859452,5.31053191368153
0.07,569.616153927151,574.923003580572,5.30684965342095
0.08,566.508308850895,571.832820860118,5.32451200922264
0.09,563.412735620941,568.733515726826,5.32078010588521
0.1,560.332502198867,565.676361764953,5.34385956608617
0.11,557.279880430975,562.621401277596,5.34152084662082
0.12,554.256404298052,559.615921750928,5.35951745287605
0.13,551.274345646402,556.622738442872,5.34839279647031
0.14,548.332170495238,553.712565303919,5.38039480868088
0.15,545.445218652437,550.815933076701,5.37071442426418
0.16,542.611956137212,548.009381851864,5.39742571465217
0.17,539.846188776654,545.23681360558,5.39062482892587
0.18,537.149450551551,542.570225603077,5.42077505152577
0.19,534.534013308206,539.934564074281,5.40055076607507
0.2,532.002945008195,537.432566116134,5.42962110793906
0.21,529.559313613093,534.974938303325,5.41562469023222
0.22,527.216924949992,532.667119487072,5.45019453708039
0.23,524.974245038103,530.38819026547,5.41394522736675
0.24,522.840477762154,528.282958418505,5.44248065635134
0.25,520.821759045297,526.223910122716,5.40215107741938
0.26,518.919622868318,524.341592512927,5.42196964460936
0.27,517.138671173583,522.517816976273,5.37914580269023
0.28,515.491175807394,520.892480702707,5.40130489531271
0.29,513.972534827387,519.302444773063,5.32990994567558
0.3,512.587350175926,517.929067028131,5.34171685220497
0.31,511.338689814587,516.630578727159,5.29188891257201
0.32,510.237291608886,515.536144694882,5.29885308599597
0.33,509.283155558821,514.490912651714,5.20775709289273
0.34,508.473213702817,513.677739659618,5.20452595680092
0.35,507.813601964026,512.93051951223,5.11691754820413
0.36,507.299718400085,512.40259896834,5.10288056825482
0.37,506.940766895719,511.963117442055,5.02235054633616
0.38,506.735213470143,511.739387701814,5.00417423167096
0.39,506.683058123355,511.578811163716,4.89575304036117
0.4,506.77356298984,511.66039870677,4.88683571692962
0.41,506.992922242508,511.81336297542,4.82044073291183
0.42,507.347271804509,512.18766530504,4.84039350053058
0.43,507.842747598996,512.633753825004,4.79100622600794
0.44,508.480883606757,513.308172691829,4.8272890850721
0.45,509.264747789366,514.037566826756,4.77281903739043
0.46,510.186670242885,514.986355446552,4.7996852036668
0.47,511.252786890466,516.018810107011,4.76602321654519
0.48,512.46156375132,517.25308576661,4.79152201528973
0.49,513.805330921508,518.559864429637,4.75453350812904
0.5,515.281020439454,520.074217239278,4.79319679982393
0.51,516.888632305158,521.638882610809,4.75025030565064
0.52,518.626632537832,523.408664916942,4.78203237910998
0.53,520.491953175901,525.231627863177,4.73967468727596
0.54,522.475390334637,527.244850946652,4.76946061201465
0.55,524.575410033253,529.30757019093,4.73216015767719
0.56,526.792012271747,531.548437200882,4.75642492913482
0.57,529.109857242243,533.815198334431,4.70534109218784
0.58,531.532012906314,536.254235284378,4.72222237806443
0.59,534.047741398447,538.721509771639,4.6737683731925
0.6,536.649372814701,541.330488478291,4.68111566359005
0.61,539.335373174288,543.982791627621,4.64741845333276
0.62,542.091936650119,546.733168052458,4.64123140233926
0.63,544.92059722298,549.529383495707,4.60878627272712
0.64,547.807549065781,552.407230846417,4.59968178063639
0.65,550.749724216945,555.324145087503,4.57442087055767
0.66,553.736384810959,558.304205065509,4.56782025455038
0.67,556.759860943881,561.301966772606,4.54210582872543
0.68,559.81555067335,564.344606597808,4.52905592445757
0.69,562.892716133848,567.396040133602,4.50332399975366
0.7,565.988289363801,570.478000879595,4.4897115157944
0.71,569.08693055533,573.55763074071,4.47070018537977
0.72,572.187105727647,576.643255960243,4.45615023259597
0.73,575.278077015237,579.714681847368,4.43660483213102
0.74,578.356776456523,582.765346902524,4.40857044600125
0.75,581.409398224416,585.802138804591,4.39274058017463
0.76,584.435942318914,588.786467930053,4.35052561113912
0.77,587.422602912927,591.759355357163,4.33675244423637
0.78,590.367846025668,594.65046539348,4.28261936781212
0.79,593.256331849257,597.519009407314,4.26267755805725
0.8,596.086526402906,600.286284322138,4.19975791923218
0.81,598.844623859524,603.035902185165,4.19127832564095
0.82,601.527556257536,605.646461685631,4.11890542809522
0.83,604.123051750638,608.228777950414,4.10572619977563
0.84,606.626508396468,610.662462427034,4.03595403056568
0.85,609.031790271873,613.066203630062,4.034413358189
0.86,611.328159511337,615.295348826938,3.96718931560054
0.87,613.514082134074,617.481476664032,3.96739452995837
0.88,615.581888236144,619.467740439462,3.885852203318
0.89,617.52237393282,621.41755586879,3.89518193597053
0.9,619.3355392241,623.160873154636,3.82533393053632
0.91,621.013714206047,624.860763668323,3.84704946227578
0.92,622.552296936297,626.325280328967,3.77298339266997
0.93,623.943617510909,627.730027016589,3.7864095056799
0.94,625.186141949096,628.909931815965,3.72378986686931
0.95,626.279870250859,630.022530972054,3.74266072119485
0.96,627.217132512257,630.899944630824,3.68281211856731
0.97,627.996394752503,631.712616451401,3.71622169889804
0.98,628.614589010021,632.274387969481,3.65979895945975
0.99,629.068647323235,632.776950398091,3.70830307485573
1,629.352433768994,633.014996589041,3.66256282004667
1.01,629.464414366509,633.195177752083,3.73076338557382
1.02,629.413793000509,633.103741554863,3.68994855435358
1.03,629.220511421235,632.952554912989,3.73204349175421
1.04,628.881501667113,632.538112264289,3.65661059717593
1.05,628.398297718929,632.068737837008,3.67044011807923
1.06,627.773967538259,631.333385242405,3.5594177041462
1.07,627.008511125104,630.544022402781,3.53551127767707
1.08,626.094258575524,629.502438644643,3.408180069119
1.09,625.032743870308,628.400371610253,3.36762773994508
1.1,623.825500990242,627.057067242037,3.23156625179502
1.11,622.467927992963,625.659406641783,3.19147864882029
1.12,620.961558859259,624.032939027835,3.07138016857596
1.13,619.31406349307,622.354279409643,3.04021591657272
1.14,617.528509855971,620.452939093544,2.92442923757324
1.15,615.609499890326,618.503287628409,2.89378773808346
1.16,613.560101557711,616.352883495757,2.79278193804601
1.17,611.391052723641,614.151013269984,2.75996054634322
1.18,609.105421349691,611.775044951108,2.66962360141656
1.19,606.709343359014,609.341818300279,2.6324749412646
1.2,604.212022636336,606.763778373326,2.55175573699046
1.21,601.619595104809,604.139293411696,2.51969830688665
1.22,598.936662706797,601.392982976313,2.45632026951603
1.23,596.173963307815,598.600532204715,2.42656889689965
1.24,593.337632831015,595.693396192299,2.35576336128372
1.25,590.439943122699,592.764528765366,2.32458564266653
1.26,587.483962144443,589.763161205475,2.27919906103159
1.27,584.483495723339,586.734060491008,2.25056476766929
1.28,581.443145801749,583.646236968352,2.20309116660269
1.29,578.375184225978,580.556533582796,2.18134935681803
1.3,575.285746919176,577.42942142215,2.14367450297368
1.31,572.187105727647,574.29376215785,2.1066564302032
1.32,569.083862593755,571.171948518727,2.08808592497178
1.33,565.991357325377,568.042848449697,2.05149112431991
1.34,562.911123903303,564.957232846093,2.04610894279017
1.35,559.856968154622,561.870507932696,2.01353977807366
1.36,556.835026002488,558.845298102449,2.01027209996096
1.37,553.854501331626,555.834172219343,1.97967088771725
1.38,550.92766598834,552.918411821354,1.99074583301388
1.39,548.057587934206,550.019439379898,1.96185144569233
1.4,545.259606977103,547.242649710915,1.98304273381223
1.41,542.538325059394,544.481200928221,1.94287586882717
1.42,539.90754800817,541.879991693338,1.97244368516772
1.43,537.370343785007,539.310470361512,1.94012657650455
1.44,534.940518216996,536.909027977486,1.96850976048972
1.45,532.625741208077,534.557783154787,1.93204194671046
1.46,530.426012758249,532.384305491907,1.95829273365837
1.47,528.359740636967,530.260958678129,1.90121804116234
1.48,526.428458825019,528.353930858174,1.92547203315473
1.49,524.63523528398,526.493112737193,1.85787745321261
1.5,522.990807879367,524.87977582825,1.88896794888319
1.51,521.504380495906,523.307934326044,1.80355383013818
1.52,520.172885172021,521.980027569813,1.80714239779184
1.53,518.999389869288,520.725977521175,1.72658765188646
1.54,517.991564491648,519.735151741377,1.74358724972853
1.55,517.158612923826,518.800406108973,1.64179318514687
1.56,516.500535165823,518.14293181758,1.64239665175671
1.57,516.021933160002,517.541478965011,1.5195458050091
1.58,515.715137002425,517.214545891518,1.49940888909305
1.59,515.577078731516,516.957721270124,1.38064253860807
1.6,515.612360289637,516.996219421369,1.38385913173249
1.61,515.804107888123,517.091693063982,1.28758517585948
1.62,516.152321526973,517.460729626185,1.30840809921176
1.63,516.667739071702,517.907065100536,1.23932602883406
1.64,517.350360522311,518.608679068646,1.2583185463352
1.65,518.190981994073,519.368991293912,1.17800929983912
1.66,519.197273390926,520.418852315355,1.22157892442942
1.67,520.358496847355,521.515055574026,1.15655872667071
1.68,521.676186344149,522.878408594577,1.20222225042767
1.69,523.147273919731,524.30824861934,1.16097469960891
1.7,524.770225593314,525.969368231074,1.19914263775991
1.71,526.545041364898,527.696774284449,1.15173291955057
1.72,528.457915407391,529.635827584666,1.17791217727529
1.73,530.505779759219,531.636937635363,1.13115787614402
1.74,532.690168401168,533.844346205367,1.15417780419921
1.75,534.992673563784,536.093750158753,1.10107659496941
1.76,537.408693304704,538.518185685807,1.10949238110265
1.77,539.93669364314,541.003074294002,1.06638065086247
1.78,542.558266809636,543.63467744565,1.07641063601397
1.79,545.273412804194,546.302095822362,1.02868301816818
1.8,548.065257838145,549.108991948102,1.04373410995686
1.81,550.932267930704,551.93937140347,1.00710347276549
1.82,553.85910327399,554.85759892456,0.99849565056968
1.83,556.838093964064,557.813142827914,0.975048863849565
1.84,559.860036116198,560.829474300902,0.969438184704359
1.85,562.914191864879,563.865267873954,0.951076009075223
1.86,565.992891306165,566.929443549107,0.936552242941843
1.87,569.080794632179,570.003349867908,0.922555235728964
1.88,572.173299900556,573.081839160717,0.908539260161433
1.89,575.256601284206,576.151710630212,0.895109346005825
1.9,578.324562859978,579.191344566013,0.86678170603534
1.91,581.364912781567,582.224594285058,0.859681503490833
1.92,584.371515125823,585.185982403338,0.81446727751495
1.93,587.332098046442,588.132119367561,0.800021321119289
1.94,590.237457658698,590.983439524169,0.745981865471094
1.95,593.073788135498,593.805680001556,0.731891866058277
1.96,595.834953553692,596.496565381455,0.661611827762954
1.97,598.505614105401,599.153536205383,0.647922099982225
1.98,601.079633867473,601.65822063849,0.578586771017171
1.99,603.544740993606,604.129230742034,0.584489748428041
2,605.893265579858,606.397454345124,0.504188765265781
2.01,608.120605683868,608.628800094119,0.508194410251008
2.02,610.188411785938,610.645564379053,0.457152593115211
2.03,612.082878058977,612.626816117743,0.543938058765889
2.04,613.823946253227,614.346612014063,0.522665760835821
2.05,615.426956176568,616.006898310856,0.579942134288103
2.06,616.882703944271,617.414079655936,0.531375711665419
2.07,618.177383729247,618.766326725664,0.588942996416563
2.08,619.312529512282,619.858645775232,0.546116262949795
2.09,620.27893740865,620.869186145527,0.590248736877015
2.1,621.067403533623,621.596568889865,0.529165356241606
2.11,621.676393906414,622.268297594624,0.591903688210095
2.12,622.09977260387,622.633809521957,0.534036918087509
2.13,622.33907360678,622.942181736125,0.603108129344719
2.14,622.391228953569,622.958442811035,0.567213857465958
2.15,622.268510490538,622.896104309456,0.627593818918172
2.16,621.987792006355,622.530526781474,0.542734775119015
2.17,621.546005539444,622.107995781761,0.561990242317165
2.18,620.941617109017,621.386098591861,0.444481482844026
2.19,620.171558753498,620.599547447182,0.427988693684483
2.2,619.231228530524,619.524345422392,0.293116891868294
2.21,618.126762363246,618.385456017555,0.258693654309013
2.22,616.856626270877,616.974889350603,0.118263079726148
2.23,615.416218311052,615.501331121831,0.0851128107788099
2.24,613.8147423685,613.781703185454,-0.0330391830457302
2.25,612.058334366371,611.994943999047,-0.0633903673240184
2.26,610.154664208605,609.968853439026,-0.185810769579462
2.27,608.10526587599,607.885175541249,-0.220090334740917
2.28,605.917809272465,605.600339144332,-0.317470128133436
2.29,603.604566244333,603.246472293495,-0.358093950838111
2.3,601.168604753171,600.72277460204,-0.445830151130963
2.31,598.620662664493,598.146950086756,-0.473712577736592
2.32,595.973011824602,595.4150410842,-0.557970740401743
2.33,593.228720195075,592.635774278673,-0.592945916401845
2.34,590.404661564577,589.747663321326,-0.656998243250769
2.35,587.506971856261,586.819477763862,-0.687494092398993
2.36,584.549456897218,583.808876108448,-0.74058078877033
2.37,581.539786591386,580.762837936721,-0.776948654665375
2.38,578.494834727433,577.678519777791,-0.816314949642333
2.39,575.419203247722,574.567182164968,-0.852021082753822
2.4,572.329765940921,571.449044134578,-0.880721806342763
2.41,569.235726691755,568.31955423459,-0.916172457165203
2.42,566.149357346529,565.208334292234,-0.941023054294988
2.43,563.07986178997,562.095861494633,-0.984000295337182
2.44,560.039511868381,559.05256317286,-0.986948695521278
2.45,557.040579428064,556.016873229848,-1.02370619821647
2.46,554.092268353748,553.071887294709,-1.02038105903887
2.47,551.209918453311,550.156375571421,-1.05354288188994
2.48,548.399665649905,547.363052125264,-1.0366135246411
2.49,545.679917712983,544.595255168337,-1.08466254464588
2.5,543.055276584911,541.995735971566,-1.05954061334512
2.51,540.544150035142,539.434689120729,-1.10946091441349
2.52,538.149606025253,537.068958272795,-1.08064775245828
2.53,535.883916401546,534.745712765714,-1.13820363583216
2.54,533.7624209719,532.645951182696,-1.11646978920442
2.55,531.783585755527,530.598408597143,-1.18517715838368
2.56,529.958148617943,528.803895062169,-1.15425355577429
2.57,528.302983347815,527.049879403481,-1.25310394433404
2.58,526.815021983566,525.583895376417,-1.23112660714867
2.59,525.503468409924,524.17506866975,-1.32839974017361
2.6,524.371390588464,523.064506802369,-1.30688378609534
2.61,523.429526384702,522.006727347671,-1.4227990370307
2.62,522.680943760214,521.252991876869,-1.42795188334446
2.63,522.128710676575,520.56829086446,-1.56041981211456
2.64,521.766691210634,520.190737013156,-1.57595419747815
2.65,521.605623227906,519.893966946357,-1.71165628154915
2.66,521.640904786027,519.90976394524,-1.73114084078713
2.67,521.84952617318,520.00151608563,-1.84801008755051
2.68,522.216147581485,520.413854617857,-1.80229296362779
2.69,522.507603931183,521.613193644201,-0.894410286981838
2.7,522.693215606517,521.581719146741,-1.11149645977639
2.71,522.808264165608,521.569434851641,-1.2388293139669
2.72,522.871157377912,521.565283470544,-1.30587390736821
2.73,522.900303012882,521.544898156993,-1.35540485588933
2.74,522.906438936033,521.517995864742,-1.38844307129057
2.75,522.906438936033,521.486650127513,-1.41978880851957
2.76,522.906438936033,521.45458173071,-1.45185720532299
2.77,522.906438936033,521.424216114565,-1.48222282146833
2.78,522.906438936033,521.39978365003,-1.50665528600291
2.79,522.906438936033,521.376771671587,-1.52966726444652
2.8,522.906438936033,521.359780343983,-1.54665859205033
2.81,522.906438936033,521.343771153153,-1.56266778287966
2.82,522.906438936033,521.335090244209,-1.57134869182369
2.83,522.906438936033,521.326652338979,-1.57978659705418
2.84,522.909506897609,521.325391712785,-1.58411518482376
2.85,522.91564282076,521.324991918912,-1.59065090184833
2.86,522.924846705488,521.332312378695,-1.5925343267927
2.87,522.938652532579,521.341533190228,-1.59711934235122
2.88,522.957060302033,521.359872631089,-1.59718767094432
2.89,522.980070013852,521.379788307716,-1.60028170613589
2.9,523.007681668034,521.409732796192,-1.59794887184228
2.91,523.041429245367,521.442113977122,-1.5993152682446
2.92,523.081312745852,521.483795250874,-1.59751749497786
2.93,523.125798188701,521.526541763092,-1.59925642560916
2.94,523.174885573913,521.583445207104,-1.59144036680857
2.95,523.230108882277,521.640516973291,-1.58959190898554
2.96,523.288400152217,521.709783234166,-1.57861691805147
2.97,523.352827345308,521.782639795217,-1.57018755009096
2.98,523.423390461551,521.862587066685,-1.5608033948663
2.99,523.498555520157,521.950517847403,-1.54803767275348
3,523.578322521127,522.047046766056,-1.53127575507051
3.01,523.664225445249,522.149553021867,-1.51467242338242
3.02,523.75779827331,522.26295465032,-1.49484362298983
3.03,523.860574986098,522.385105722386,-1.47546926371183
3.04,523.974089564402,522.51718200252,-1.45690756188208
3.05,524.099875989008,522.649997221043,-1.44987876796472
3.06,524.239468240706,522.794874327783,-1.44459391292298
3.07,524.388264377131,522.946098521164,-1.44216585596655
3.08,524.550866340647,523.114348150111,-1.43651819053616
3.09,524.72267218889,523.283122469122,-1.43954971976802
3.1,524.902147941072,523.470044548559,-1.43210339251266
3.11,525.086225635619,523.660174594566,-1.42605104105257
3.12,525.276439253316,523.867156613616,-1.40928263970045
3.13,525.46972083259,524.079096385758,-1.39062444683179
3.14,525.669138335015,524.302004661619,-1.36713367339564
3.15,525.874691760592,524.533960761196,-1.3407309993961
3.16,526.092517032472,524.779218967161,-1.31329806531085
3.17,526.32568211223,525.027535891676,-1.29814622055358
3.18,526.571119038292,525.29468935938,-1.27642967891177
3.19,526.828827810657,525.565047799857,-1.26378001080013
3.2,527.094206486961,525.85390677363,-1.24029971333118
3.21,527.374924971144,526.154012062942,-1.22091290820151
3.22,527.672517243994,526.467922038494,-1.20459520550037
3.23,527.985449324722,526.78387499257,-1.20157433215184
3.24,528.304517328603,527.119404365477,-1.18511296312636
3.25,528.631255236422,527.472077039334,-1.15917819708829
3.26,528.967197028969,527.837807655682,-1.12938937328704
3.27,529.321546590971,528.204923255963,-1.11662333500783
3.28,529.691235960851,528.590874841984,-1.10036111886711
3.29,530.073197177035,528.979937876543,-1.09325930049238
3.3,530.470498201097,529.395771585493,-1.07472661560394
3.31,530.887740975402,529.822809143107,-1.06493183229463
3.32,531.320323557586,530.26196722146,-1.05835633612583
3.33,531.760576043709,530.712769655272,-1.04780638843727
3.34,532.208498433772,531.182090116951,-1.0264083168214
3.35,532.668692670137,531.665714832208,-1.00297783792905
3.36,533.142692733594,532.165891262482,-0.976801471111912
3.37,533.633566585717,532.666677524731,-0.966889060986091
3.38,534.142848207296,533.200204820802,-0.942643386494296
3.39,534.664401675177,533.732285553146,-0.932116122030948
3.4,535.198226989361,534.287668785422,-0.910558203939445
3.41,535.747392111424,534.858485816794,-0.888906294629805
3.42,536.316498983729,535.442809599268,-0.8736893844615
3.43,536.902479644702,536.033843309112,-0.868636335590168
3.44,537.511470017492,536.660005348586,-0.851464668906488
3.45,538.131198255798,537.282885231214,-0.848313024583831
3.46,538.763198340407,537.944804994044,-0.81839334636345
3.47,539.410538232895,538.608026230718,-0.802512002177082
3.48,540.074751914049,539.28822401033,-0.786527903719161
3.49,540.760441326234,539.988949551803,-0.77149177443107
3.5,541.458402584722,540.705112557742,-0.753290026979698
3.51,542.173237631877,541.437995573038,-0.735242058839162
3.52,542.908014429274,542.191960673476,-0.716053755798157
3.53,543.665800938489,542.946094433605,-0.719706504883789
3.54,544.438927255584,543.729355410145,-0.709571845438859
3.55,545.225859399769,544.52984533692,-0.696014062848917
3.56,546.029665332621,545.357276502342,-0.672388830279488
3.57,546.853413015716,546.187035392254,-0.666377623461585
3.58,547.694034487477,547.042877243101,-0.651157244376122
3.59,548.553063728693,547.916815306343,-0.63624842235015
3.6,549.43356870094,548.81629112946,-0.61727757147969
3.61,550.337083385004,549.71948971249,-0.617593672513863
3.62,551.255937876948,550.652380804689,-0.60355707225915
3.63,552.19013217677,551.599503133952,-0.590629042817682
3.64,553.145802207623,552.574042398495,-0.571759809128139
3.65,554.116812046354,553.550944150826,-0.565867895528186
3.66,555.109297616116,554.570375925499,-0.538921690616576
3.67,556.126326878485,555.58543315343,-0.540893725054502
3.68,557.163297891095,556.636312986149,-0.526984904946175
3.69,558.217142692373,557.693215945872,-0.523926746501274
3.7,559.289395263105,558.785055937925,-0.504339325180467
3.71,560.381589584079,559.889506269245,-0.492083314833735
3.72,561.493725655296,561.021088497284,-0.472637158011707
3.73,562.631939399908,562.155089511451,-0.476849888456741
3.74,563.790094894761,563.330205185827,-0.459889708934043
3.75,564.965124178282,564.513485234278,-0.451638944003889
3.76,566.160095212045,565.732632195165,-0.427463016879869
3.77,567.37500799605,566.949211993673,-0.425796002376728
3.78,568.614464472662,568.208285256735,-0.406179215927068
3.79,569.879998622667,569.464066073133,-0.415932549534091
3.8,571.160872580552,570.760679640549,-0.400192940003308
3.81,572.464756250255,572.070078202374,-0.394678047880802
3.82,573.785513708624,573.407201288436,-0.378312420187626
3.83,575.133882821176,574.757610735248,-0.376272085928349
3.84,576.505261645545,576.134878007208,-0.370383638337216
3.85,577.893514258582,577.531597571757,-0.361916686825111
3.86,579.303242602649,578.953460208104,-0.349782394544832
3.87,580.735980658534,580.38974489937,-0.346235759163733
3.88,582.196330368601,581.855530767774,-0.340799600827154
3.89,583.673553867335,583.330456866628,-0.343097000706962
3.9,585.173787077887,584.845761809506,-0.328025268381225
3.91,586.693962038682,586.367701647519,-0.326260391163032
3.92,588.241748653658,587.928449271734,-0.313299381924253
3.93,589.811010999665,589.490452863427,-0.320558136238333
3.94,591.400215095915,591.0923325984,-0.307882497515152
3.95,593.010894923195,592.709140653777,-0.301754269417984
3.96,594.649186404657,594.355141862537,-0.294044542119991
3.97,596.307419636361,596.003805052249,-0.303614584111756
3.98,597.987128599096,597.702592518182,-0.284536080914222
3.99,599.688313292861,599.402706977777,-0.285606315084237
4,601.418643621596,601.144317717307,-0.274325904288958
4.01,603.167381719786,602.885442950391,-0.281938769394856
4.02,604.936061568218,604.672459582464,-0.263601985754235
4.03,606.732353070832,606.46961091995,-0.262742150881877
4.04,608.553188266052,608.293581054121,-0.259607211930756
4.05,610.392431230727,610.124446653413,-0.267984577314451
4.06,612.253149926432,612.00158176579,-0.25156816064225
4.07,614.143014257107,613.889903406192,-0.253110850914936
4.08,616.052820338025,615.808121534027,-0.244698803998176
4.09,617.982568169185,617.727751302333,-0.254816866852366
4.1,619.939927654527,619.698099637849,-0.2418280166778
4.11,621.917228890112,621.676244806729,-0.240984083382727
4.12,623.914471875939,623.685867490118,-0.228604385821427
4.13,625.939326515948,625.708499304937,-0.230827211010592
4.14,627.987190867775,627.751290599535,-0.235900268239675
4.15,630.053462989057,629.818325686146,-0.235137302911198
4.16,632.145812783733,631.913090695922,-0.232722087811453
4.17,634.261172290228,634.021562799983,-0.239609490245471
4.18,636.394939566177,636.167259154819,-0.227680411358165
4.19,638.554784515519,638.318531337379,-0.236253178140487
4.2,640.737639176681,640.497358240972,-0.240280935708597
4.21,642.938901607297,642.699737523658,-0.23916408363857
4.22,645.166241711307,644.933621637028,-0.232620074278657
4.23,647.415057546347,647.165770735361,-0.249286810986291
4.24,649.682281150842,649.445479287996,-0.236801862845823
4.25,651.977116409519,651.737337748207,-0.239778661311902
4.26,654.29035943765,654.04905053431,-0.241308903339473
4.27,656.625078196812,656.376641745345,-0.248436451467228
4.28,658.985874629368,658.742050731133,-0.24382389823495
4.29,661.363544850591,661.11175832723,-0.251786523360806
4.3,663.76575876442,663.517627158274,-0.24813160614633
4.31,666.189448409279,665.929940551125,-0.259507858154279
4.32,668.630011842805,668.383461019207,-0.246550823597545
4.33,671.096652949725,670.840548961934,-0.256103987790766
4.34,673.580167845312,673.32266618613,-0.257501659181685
4.35,676.086692452718,675.826453726807,-0.26023872591054
4.36,678.613158810365,678.350320457936,-0.262838352428844
4.37,681.158032937467,680.884961963077,-0.27307097439018
4.38,683.727450757176,683.460703455131,-0.26674730204536
4.39,686.312208384763,686.02800706222,-0.28420132254314
4.4,688.918441743381,688.645962077857,-0.272479665523974
4.41,691.544616852241,691.255491443162,-0.289125409079134
4.42,694.18613176898,693.903423134717,-0.282708634263031
4.43,696.852190378325,696.57071631969,-0.281474058634558
4.44,699.530520833974,699.23755137718,-0.292969456794253
4.45,702.233394982228,701.934349937808,-0.299045044420154
4.46,704.950074957574,704.649853438174,-0.300221519399884
4.47,707.685162702374,707.375813725317,-0.30934897705697
4.48,710.437124235841,710.125919637839,-0.311204598001837
4.49,713.204425577186,712.893375507118,-0.311050070067949
4.5,715.991668668775,715.686425800698,-0.305242868077357
4.51,718.792717587454,718.4810164511,-0.31170113635369
4.52,721.615242237163,721.300435203584,-0.314807033578631
4.53,724.4469707716,724.118094572031,-0.328876199569436
4.54,727.300175037068,726.979611915301,-0.320563121766895
4.55,730.16411716805,729.829174320881,-0.334942847169259
4.56,733.046467068487,732.710066112835,-0.336400955652493
4.57,735.942622796015,735.592219575807,-0.350403220207568
4.58,738.854118331422,738.503439241867,-0.350679089555115
4.59,741.780953674708,741.418286726314,-0.362666948394121
4.6,744.720060864297,744.356198741907,-0.363862122389946
4.61,747.672973880977,747.307006614754,-0.365967266222583
4.62,750.636624763172,750.265689465532,-0.370935297640472
4.63,753.615615453246,753.243580292421,-0.372035160824566
4.64,756.603810028047,756.22416661235,-0.379643415696592
4.65,759.607344410727,759.214274337725,-0.393070073001809
4.66,762.618548697347,762.220401703441,-0.398146993905584
4.67,765.643558811057,765.237508036785,-0.40605077427233
4.68,768.674704847919,768.262787835453,-0.411917012465665
4.69,771.72119069266,771.306788068528,-0.414402624131753
4.7,774.772278479765,774.347171639142,-0.425106840622789
4.71,777.835638113172,777.413332967732,-0.422305145439623
4.72,780.903599688943,780.471408319519,-0.43219136942389
4.73,783.983833111018,783.540042860084,-0.443790250933716
4.74,787.067134494668,786.614676422839,-0.452458071829255
4.75,790.161173743833,789.697827440026,-0.463346303806816
4.76,793.256746973786,792.793035790453,-0.463711183333317
4.77,796.359990107679,795.888250858456,-0.471739249222651
4.78,799.466301203148,798.992340372952,-0.473960830195779
4.79,802.580282202555,802.094773447147,-0.485508755407636
4.8,805.694263201963,805.205460205322,-0.488802996641198
4.81,808.814380124523,808.324733390769,-0.489646733754398
4.82,811.934497047082,811.437912377625,-0.496584669456752
4.83,815.060749892793,814.568404979072,-0.492344913720672
4.84,818.183934776928,817.684194212946,-0.499740563982073
4.85,821.313255584215,820.817013040043,-0.496242544172333
4.86,824.439508429926,823.934178363641,-0.505330066285183
4.87,827.568829237212,827.066976030948,-0.501853206263718
4.88,830.695082082923,830.183734537885,-0.511347545038007
4.89,833.822868909422,833.311122192222,-0.511746717200367
4.9,836.944519812769,836.424439036987,-0.520080775781821
4.91,840.067704696905,839.547462949162,-0.520241747742944
4.92,843.184753657888,842.65654298408,-0.528210673807507
4.93,846.300268638084,845.772116360378,-0.528152277706226
4.94,849.409647695128,848.875381392803,-0.534266302324795
4.95,852.515958790597,851.981466882784,-0.534491907812935
4.96,855.614599982126,855.076133812285,-0.538466169840945
4.97,858.708639231291,858.170305879327,-0.538333351964411
4.98,861.793474595729,861.250628750133,-0.542845845595934
4.99,864.870640056228,864.327130022861,-0.543510033367511
5,867.938601631999,867.387819511214,-0.550782120784902
5.01,870.995825342255,870.447854368394,-0.547970973860743
5.02,874.043845167784,873.48933397629,-0.554511191493475
5.03,877.079593147009,876.530154239812,-0.549438907197441
5.04,880.10460326072,879.545370204325,-0.55923305639476
5.05,883.115807547339,882.560899391953,-0.554908155386215
5.06,886.116273968444,885.553068576859,-0.563205391584916
5.07,889.099866600881,888.542565892497,-0.557300708383877
5.08,892.072721367804,891.504967312348,-0.567754055456362
5.09,895.025634384484,894.464152304633,-0.56148207985143
5.1,897.964741574072,897.393201302837,-0.571540271235335
5.11,900.885440994207,900.31953713665,-0.565903857556691
5.12,903.79233458725,903.222352231128,-0.569982356122182
5.13,906.676218468475,906.104814973053,-0.571403495421578
5.14,909.543228561033,908.966723011072,-0.576505549961098
5.15,912.388762922561,911.812333635489,-0.576429287072187
5.16,915.215889514634,914.626482799637,-0.589406714997494
5.17,918.020006394889,917.433785456354,-0.586220938535234
5.18,920.801113563326,920.205123228126,-0.59599033520044
5.19,923.560745000732,922.965025898322,-0.595719102409589
5.2,926.292764783956,925.691420496926,-0.60134428702986
5.21,929.004842816938,928.407211467484,-0.597631349453877
5.22,931.686241234162,931.080807932446,-0.605433301715948
5.23,934.344629939568,933.744668055865,-0.599961883703486
5.24,936.972339029216,936.361424148386,-0.610914880829682
5.25,939.572436464683,938.971350971155,-0.601085493528217
5.26,942.143388265179,941.530184479556,-0.613203785623
5.27,944.683660449918,944.082186850776,-0.601473599141855
5.28,947.194786999686,946.581658905723,-0.613128093963383
5.29,949.672165972122,949.070963410834,-0.601202561287778
5.3,952.115797367223,951.502410633806,-0.613386733417087
5.31,954.528749146568,953.928624786628,-0.600124359940423
5.32,956.904885387002,956.295426711908,-0.609458675093947
5.33,959.248808030892,958.658474485864,-0.590333545027534
5.34,961.555915135872,960.952517726609,-0.603397409262925
5.35,963.824672721155,963.234805927396,-0.589866793759143
5.36,966.058148748316,965.459058921209,-0.599089827107036
5.37,968.251741274992,967.668414098766,-0.583327176225794
5.38,970.405450301184,969.812521845972,-0.592928455211791
5.39,972.522343788466,971.944276077008,-0.578067711458402
5.4,974.596285813687,974.014808861987,-0.581476951699756
5.41,976.62574239606,976.068966348942,-0.556776047117864
5.42,978.616849458736,978.047853282704,-0.56899617603176
5.43,980.561937097775,980.019236992,-0.542700105774884
5.44,982.462539293965,981.914440511214,-0.548098782750685
5.45,984.320190028095,983.79385859545,-0.526331432644838
5.46,986.131821338588,985.607585907539,-0.52423543104851
5.47,987.895899244656,987.393174530272,-0.502724714383589
5.48,989.6124237463,989.110293326846,-0.502130419453579
5.49,991.282928824308,990.813800797693,-0.469128026615181
5.5,992.904346517103,992.436387036898,-0.467959480205081
5.51,994.475142843898,994.04306761499,-0.432075228907593
5.52,995.995317804692,995.558792136753,-0.436525667939009
5.53,997.467939361062,997.068965518015,-0.398973843046747
5.54,998.886871589857,998.495417452844,-0.391454137012715
5.55,1000.25364847186,999.895679581573,-0.357968890286998
5.56,1001.56673602629,1001.21834394936,-0.348392076925734
5.57,1002.82766823393,1002.52029917111,-0.307369062820499
5.58,1004.034911114,1003.73715029577,-0.297760818227289
5.59,1005.1869306857,1004.9329257106,-0.254004975098951
5.6,1006.28372694904,1006.0392819417,-0.24444500733955
5.61,1007.32069796165,1007.12269398651,-0.198003975135407
5.62,1008.30397964669,1008.12555887311,-0.178420773576704
5.63,1009.23203802336,1009.10172564618,-0.130312377183486
5.64,1010.10333911088,1009.98435913689,-0.118979973992168
5.65,1010.91481494767,1010.84650266516,-0.0683122825113287
5.66,1011.66799951452,1011.61865166045,-0.0493478540720389
5.67,1012.36596077301,1012.36568008751,0
5.68,1012.9994948384,1013.02002163402,0.0205267956174566
5.69,1013.56860171071,1013.65108799163,0.0824862809220122
5.7,1014.07941731308,1014.19425009682,0.11483278373646
5.71,1014.53500960708,1014.70735958053,0.172349973450764
5.72,1014.93077665035,1015.12735593208,0.196579281728759
5.73,1015.26825242369,1015.51915842443,0.250906000743157
5.74,1015.54130100393,1015.81054470844,0.269243704510586
5.75,1015.75145637187,1016.08490231631,0.333445944437358
5.76,1015.89565056593,1016.25677513,0.361124564065335
5.77,1015.97388358611,1016.40744894324,0.433565357125303
5.78,1015.98768941321,1016.46032686143,0.472637448215323
5.79,1015.94780591272,1016.48500197161,0.537196058894438
5.8,1015.86497095017,1016.41032747799,0.545356527819195
5.81,1015.73918452557,1016.31554018471,0.576355659143246
5.82,1015.56737867733,1016.12028925161,0.552910574279394
5.83,1015.34495146308,1015.89886312615,0.55391166307345
5.84,1015.07036890205,1015.58940505972,0.519036157672417
5.85,1014.74516497502,1015.24942853437,0.504263559354399
5.86,1014.36320375883,1014.80526015932,0.442056400485171
5.87,1013.92141729192,1014.34482659774,0.423409305823384
5.88,1013.41980557429,1013.79405389886,0.374248324565428
5.89,1012.85530064434,1013.20875981372,0.35345916937581
5.9,1012.22330055973,1012.52586639914,0.302565839410477
5.91,1011.52687328203,1011.82797092685,0.301097644817105
5.92,1010.77522269597,1011.02388581701,0.248663121044956
5.93,1009.96528083997,1010.18301715769,0.217736317717595
5.94,1009.09551373324,1009.25699089696,0.161477163716881
5.95,1008.16438739499,1008.2951903774,0.130802982411296
5.96,1007.17036784444,1007.23747349063,0.0671056461865192
5.97,1006.11038712001,1006.16216745911,0.0517803391015832
5.98,1004.9844452217,1004.98896126309,0.00451604138652328
5.99,1003.79867807267,1003.79081031952,-0.00786775315282284
6,1002.55461965369,1002.4960453582,-0.0585742954906436
6.01,1001.2492020032,1001.16843292466,-0.080769078542744
6.02,999.882425121194,999.753899185456,-0.128525935738139
6.03,998.451221046097,998.310688988087,-0.140532058009512
6.04,996.96172570106,996.782442809563,-0.179282891497223
6.05,995.413939086084,995.222629221504,-0.191309864580262
6.06,993.807861201167,993.572915647623,-0.23494555354398
6.07,992.141958065523,991.904333002942,-0.237625062581401
6.08,990.41776365994,990.149253185715,-0.26851047422474
6.09,988.636811965205,988.363168922641,-0.273643042564458
6.1,986.800636962106,986.485312449963,-0.315324512143206
6.11,984.906170689067,984.593386450349,-0.312784238718109
6.12,982.958015088452,982.618397392728,-0.339617695724314
6.13,980.959238121837,980.608817739673,-0.350420382164089
6.14,978.90370386607,978.527388981219,-0.376314884851013
6.15,976.797548244303,976.428286515658,-0.369261728644801
6.16,974.640771256536,974.240112328964,-0.400658927572067
6.17,972.431838921981,972.035382390209,-0.396456531772287
6.18,970.172285221425,969.76295979679,-0.409325424635426
6.19,967.866712097233,967.456339145872,-0.4103729513605
6.2,965.510517607041,965.082351966224,-0.428165640817383
6.21,963.108303693212,962.689963153981,-0.418340539230826
6.22,960.661604336534,960.227451871498,-0.434152465036277
6.23,958.16888555622,957.748211308186,-0.420674248033947
6.24,955.636283275421,955.203014316752,-0.433268958669146
6.25,953.059195551773,952.634493723006,-0.424701828767184
6.26,950.443758308428,950.010707314814,-0.433050993614074
6.27,947.789971545386,947.361773595779,-0.428197949606783
6.28,945.094767301071,944.655981934513,-0.438785366558363
6.29,942.368883440998,941.943282922716,-0.425600518282522
6.3,939.60311608044,939.174425202316,-0.42869087812403
6.31,936.808203084913,936.396027469845,-0.412175615068236
6.32,933.979542512051,933.55526313963,-0.424279372421438
6.33,931.118668342645,930.709501433388,-0.409166909256555
6.34,928.230182519056,927.815581603442,-0.414600915614074
6.35,925.312551060498,924.916460860969,-0.39609019952934
6.36,922.370375909333,921.96910052848,-0.401275380853235
6.37,919.400589103986,919.010856896191,-0.389732207795305
6.38,916.410860548397,916.023528939014,-0.3873316093825
6.39,913.396588300202,913.016905775391,-0.379682524811074
6.4,910.36544226334,909.99340552244,-0.372036740899603
6.41,907.314354476235,906.955099919679,-0.359254556556152
6.42,904.24946086204,903.896387033721,-0.353073828318543
6.43,901.16615947839,900.827868788481,-0.338290689909059
6.44,898.072120229224,897.736091927107,-0.336028302117143
6.45,894.964275152968,894.645773276951,-0.31850187601674
6.46,891.85029415356,891.541509996452,-0.308784157108221
6.47,888.725575288637,888.433850520427,-0.291724768209747
6.48,885.597788462138,885.318219656544,-0.279568805593613
6.49,882.4623317317,882.196589136434,-0.26574259526592
6.5,879.32840898205,879.075842178439,-0.252566803611103
6.51,876.189884290036,875.948163209457,-0.241721080578827
6.52,873.057495521173,872.828660319623,-0.228835201550169
6.53,869.925106752311,869.704630036947,-0.220476715364157
6.54,866.800387887388,866.59360659783,-0.20678128955808
6.55,863.67873698404,863.481685551439,-0.197051432601484
6.56,860.569357926996,860.386691183915,-0.182666743081199
6.57,857.467648773891,857.296034726865,-0.171614047025628
6.58,854.381279428666,854.227383264167,-0.153896164499315
6.59,851.308715910531,851.16580329635,-0.142912614181455
6.6,848.253026181062,848.13510382521,-0.117922355852329
6.61,845.214210240261,845.108359463725,-0.105850776535817
6.62,842.19687003049,842.11071496991,-0.0861550605798129
6.63,839.201005551749,839.128698046829,-0.0723075049204454
6.64,836.229684765615,836.181257323443,-0.0484274421723967
6.65,833.284441652874,833.250609751958,-0.0338319009157431
6.66,830.368344175104,830.355751131139,-0.0125930439645572
6.67,827.481392332303,827.475394609708,-0.00599772259477049
6.68,824.626654086048,824.651579079094,0.0249249930458291
6.69,821.807197397914,821.837231908015,0.0300345101007906
6.7,819.021488287114,819.082498194756,0.0610099076421875
6.71,816.277196657586,816.344236492079,0.0670398344926753
6.72,813.571254547756,813.672593900922,0.101339353166281
6.73,810.908263899987,811.004891963171,0.0966280631839709
6.74,808.289758695066,808.416732592692,0.126973897625817
6.75,805.715738932994,805.848476214502,0.132737281508412
6.76,803.192340536922,803.349513990345,0.157173453422956
6.77,800.716495545274,800.866878546111,0.150383000837223
6.78,798.294339881203,798.473434000063,0.179094118859894
6.79,795.92433956392,796.098961769259,0.174622205338665
6.8,793.609562555,793.811733769586,0.202171214585633
6.81,791.354610796808,791.542224801696,0.187614004888474
6.82,789.157950308556,789.370080741891,0.212130433334551
6.83,787.021115071031,787.217520549348,0.196405478317502
6.84,784.948707026598,785.161824605482,0.213117578884294
6.85,782.93765821368,783.135753504674,0.198095290994047
6.86,780.992570574641,781.2087227517,0.216152177058575
6.87,779.118046051844,779.310573629312,0.192527577467672
6.88,777.311016683715,777.523342414192,0.212325730477232
6.89,775.569948489465,775.752331474286,0.182382984821288
6.9,773.905579334609,774.101176525871,0.195597191261754
6.91,772.313307276784,772.477178383007,0.163871106223041
6.92,770.796200277565,770.970158480631,0.17395820306615
6.93,769.349656394589,769.484772208213,0.13511581362377
6.94,767.984413493371,768.124097543417,0.139684050045616
6.95,766.698937593122,766.797552027717,0.0986144345948787
6.96,765.491694713056,765.58347063041,0.0917759173537434
6.97,764.362684853172,764.408272781121,0.0455879279488727
6.98,763.311908013471,763.369340224134,0.0574322106631371
6.99,762.347034097891,762.352964123065,0.00593002517371133
7,761.468063106432,761.467134151648,0
7.01,760.674995039095,760.621031404786,-0.0539636343095253
7.02,759.966295915092,759.892786885186,-0.0735090299064041
7.03,759.345033695999,759.210202102765,-0.134831593234026
7.04,758.806606439451,758.656503616633,-0.150102822817644
7.05,758.352548126237,758.144730146736,-0.207817979500533
7.06,757.985926717932,757.763855634033,-0.222071083899436
7.07,757.705208233749,757.417859739036,-0.28734849471266
7.08,757.510392673687,757.206875630363,-0.303517043323836
7.09,757.404547999323,757.034038961326,-0.370509037996499
7.1,757.384606249081,756.999271043811,-0.38533520527028
7.11,757.435227615081,756.992345193111,-0.442882421969784
7.12,757.5594800589,757.168129297508,-0.391350761392118
7.13,757.757363580537,757.342769929463,-0.41459365107437
7.14,758.030412160781,757.652890491795,-0.377521668986333
7.15,758.378625799631,757.992409004442,-0.386216795188943
7.16,758.805072458663,758.481153841696,-0.323918616966694
7.17,759.320490003392,758.998950648112,-0.321539355280038
7.18,759.920276491456,759.640677819668,-0.279598671787539
7.19,760.612101826792,760.347157893471,-0.264943933320978
7.2,761.383694163099,761.155643276507,-0.228050886591859
7.21,762.244257385102,762.028345867749,-0.215911517352993
7.22,763.193791492804,763.016389142532,-0.177402350272246
7.23,764.230762505414,764.045005323764,-0.185757181649706
7.24,765.342898576631,765.201429695504,-0.141468881127139
7.25,766.536335629606,766.409425129099,-0.126910500507279
7.26,767.812607645127,767.746720262476,-0.0658873826508852
7.27,769.176316565558,769.108805293699,-0.0675112718585069
7.28,770.627462390897,770.593900627562,-0.0335617633354559
7.29,772.152239294056,772.10949135532,-0.04274793873617
7.3,773.758317178972,773.762716299973,0.00439912100102902
7.31,775.442628084071,775.443099339256,0
7.32,777.211307932503,777.2441820429,0.0328741103971879
7.33,779.04901691639,779.067885671831,0.0188687554408489
7.34,780.961890958883,781.01807593804,0.056184979157365
7.35,782.951464040771,783.004029683028,0.0525656422573775
7.36,785.010066258113,785.07997801989,0.0699117617768934
7.37,787.134629649335,787.201394397345,0.0667647480100868
7.38,789.332824118375,789.416933605462,0.0841094870869483
7.39,791.592377818931,791.662992844662,0.0706150257308309
7.4,793.913290751001,794.017285815873,0.103995064871924
7.41,796.301698837739,796.388698831634,0.0869999938954606
7.42,798.745330232841,798.860870794005,0.115540561163584
7.43,801.247252897883,801.359282723057,0.112029825173977
7.44,803.805932852076,803.935001049736,0.129068197660445
7.45,806.415234172269,806.534029109115,0.118794936846029
7.46,809.076690839251,809.206393299312,0.129702460061026
7.47,811.782632949081,811.90506069184,0.122427742759442
7.48,814.537662444124,814.680595423822,0.142932979698344
7.49,817.334109420439,817.462508263117,0.128398842677598
7.5,820.17043989724,820.319402159795,0.148962262554733
7.51,823.048187855313,823.201959617753,0.153771762439646
7.52,825.958149409933,826.122191126137,0.164041716204224
7.53,828.904926503461,829.062911064341,0.157984560879754
7.54,831.879315251171,832.049107441223,0.169792190051908
7.55,834.885917595427,835.046690726247,0.160773130820303
7.56,837.912461689925,838.073212821634,0.160751131709162
7.57,840.965083457818,841.121127464394,0.156044006575826
7.58,844.031511052801,844.199419633135,0.167908580333915
7.59,847.117880398027,847.28800692106,0.170126523032764
7.6,850.211919647192,850.377240641499,0.165320994307535
7.61,853.321298704237,853.500137573267,0.178838869030187
7.62,856.433745722857,856.603026306401,0.169280583544264
7.63,859.552328664628,859.733061111564,0.18073244693619
7.64,862.667843644824,862.841766160315,0.173922515491427
7.65,865.786426586595,865.966308872998,0.179882286402744
7.66,868.89580564364,869.066423124073,0.170617480433407
7.67,872.00058275832,872.1774823808,0.176899622480505
7.68,875.090020065122,875.256236709927,0.166216644804877
7.69,878.168719506408,878.337609455639,0.168889949231129
7.7,881.227477197452,881.39385082374,0.16637362628785
7.71,884.270895080617,884.440630660626,0.169735580008705
7.72,887.288235290388,887.443960034231,0.155724743843166
7.73,890.281031807553,890.443175505414,0.162143697861097
7.74,893.246216670536,893.386157945908,0.139941275372394
7.75,896.177653956186,896.324930543407,0.147276587220631
7.76,899.07687764529,899.19991165971,0.12303401442
7.77,901.936217833908,902.060701875257,0.124484041349433
7.78,904.755674522042,904.852552221113,0.0968776990707738
7.79,907.527577805752,907.631062611774,0.103484806022152
7.8,910.254995646612,910.328421454166,0.0734258075539174
7.81,912.927190179109,913.007027321335,0.0798371422265518
7.82,915.548763345605,915.596816977615,0.0480536320101237
7.83,918.112045242162,918.160290615772,0.0482453736101434
7.84,920.613967907204,920.632983876404,0.0190159691996996
7.85,923.052997359942,923.077662380066,0.0246650201240755
7.86,925.424531658013,925.415877716573,-0.00865394143977483
7.87,927.72703682063,927.739907630952,0.0128708103222834
7.88,929.957444886215,929.94309229237,-0.0143525938448192
7.89,932.109619931619,932.105583789737,-0.00403614188189749
7.9,934.188163899204,934.16710597453,-0.0210579246738689
7.91,936.186940865819,936.184188894766,-0.00275197105270308
7.92,938.099814908312,938.071219487011,-0.0285954213013611
7.93,939.92985398826,939.939771206885,0.00991721862510531
7.94,941.673990144086,941.659167356672,-0.0148227874137774
7.95,943.330689395002,943.346151340502,0.015461945499851
7.96,944.89228183707,944.891448224639,0
7.97,946.36490339344,946.414287822705,0.0493844292647054
7.98,947.745486102537,947.767719199969,0.0222330974318083
7.99,949.026360060422,949.09109991351,0.0647398530876444
8,950.209059247882,950.254438383946,0.0453791360637297
8.01,951.288981722553,951.380230114671,0.0912483921183593
8.02,952.272263407588,952.359858190636,0.0875947830479618
8.03,953.157370322198,953.297519452743,0.14014913054541
8.04,953.936632562444,954.061525747866,0.124893185421911
8.05,954.610050128325,954.792987360444,0.182937232118775
8.06,955.177623019843,955.36084070484,0.183217684997089
8.07,955.637817256209,955.888719432397,0.250902176188447
8.08,955.989098856635,956.234176164822,0.245077308187319
8.09,956.223797917181,956.543111462122,0.319313544941451
8.1,956.344982399424,956.688975467485,0.343993068060627
8.11,956.355720264939,956.789826437919,0.43410617298025
8.12,956.275953263969,956.730145512705,0.454192248735922
8.13,956.105681396514,956.588785161079,0.483103764565158
8.14,955.841836700998,956.307481083219,0.46564438222083
8.15,955.481351215844,955.985333926589,0.503982710745049
8.16,955.02729290263,955.495858787853,0.468565885223256
8.17,954.481195742143,954.960732669601,0.479536927458071
8.18,953.841525753595,954.25379546123,0.41226970763546
8.19,953.10521497541,953.514803111421,0.409588136011052
8.2,952.269195446012,952.5957583257,0.326562879688254
8.21,951.333467165402,951.644207282305,0.310740116903162
8.22,950.294962172003,950.529367476865,0.23440530486198
8.23,949.15061250424,949.377308280823,0.226695776582574
8.24,947.901952142902,948.072677118908,0.170724976005772
8.25,946.55358303035,946.723187594884,0.169604564534438
8.26,945.107039147374,945.215148842902,0.108109695528128
8.27,943.562320493973,943.662823278854,0.100502784881542
8.28,941.919427070148,941.973615510912,0.0541884407635962
8.29,940.181426837473,940.242647970983,0.0612211335103439
8.3,938.352921738314,938.368916066468,0.0159943281541928
8.31,936.433911772669,936.452014679791,0.0181029071216017
8.32,934.427464902114,934.400747158238,-0.0267177438757926
8.33,932.335115107438,932.323339875389,-0.0117752320487625
8.34,930.162998311792,930.102512159406,-0.0604861523861473
8.35,927.909580534388,927.865081988011,-0.0444985463773264
8.36,925.57946371759,925.508461042092,-0.0710026754975388
8.37,923.175715822973,923.109334869012,-0.0663809539613567
8.38,920.701404812113,920.602615913949,-0.09878889816423
8.39,918.159598646587,918.077503778815,-0.0820948677722981
8.4,915.553365287969,915.444480376488,-0.1088849114808
8.41,912.885772697836,912.791798754287,-0.0939739435494857
8.42,910.162956799339,910.04277471363,-0.120182085709416
8.43,907.38338361169,907.278295756993,-0.10508785469699
8.44,904.556257019617,904.436085346153,-0.120171673463915
8.45,901.678509061544,901.572454559918,-0.106054501625749
8.46,898.762411583773,898.645428950856,-0.116982632917143
8.47,895.803362643942,895.699657409704,-0.103705234238305
8.48,892.812100107565,892.697278028709,-0.114822078856037
8.49,889.787089993854,889.689704518076,-0.0973854757778554
8.5,886.737536187537,886.636581463891,-0.100954723646282
8.51,883.663438688615,883.572866618779,-0.0905720698356163
8.52,880.570933420237,880.484449423447,-0.0864839967903208
8.53,877.464622324769,877.379807666424,-0.0848146583452944
8.54,874.347573363785,874.270609739933,-0.0769636238519524
8.55,871.222854498862,871.151901948421,-0.0709525504405519
8.56,868.096601653151,868.040203797197,-0.0563978559544012
8.57,864.971882788228,864.9231412305,-0.0487415577276806
8.58,861.853299846457,861.823966250268,-0.0293335961888488
8.59,858.7454547702,858.724689583745,-0.0207651864550371
8.6,855.652949501823,855.657240357132,0.00429085530890916
8.61,852.5788520029,852.591592729282,0.012740726381935
8.62,849.527764215795,849.562451933165,0.0346877173702751
8.63,846.505822063661,846.542880837657,0.0370587739960229
8.64,843.514559527284,843.591531839801,0.076972312517114
8.65,840.561646510604,840.634953881108,0.0733073705035849
8.66,837.647083013621,837.761405527195,0.11432251357428
8.67,834.781606901851,834.897741790883,0.116134889031741
8.68,831.963684194505,832.120143949213,0.156459754707498
8.69,829.202518776311,829.356581068749,0.154062292438198
8.7,826.498110647268,826.684906365761,0.186795718492476
8.71,823.858129711317,824.04549574456,0.187366033242483
8.72,821.285643930033,821.510021509363,0.224377579330508
8.73,818.782187284203,818.996029293772,0.21384200956868
8.74,816.356963658556,816.60848531575,0.251521657193734
8.75,814.006905091515,814.246387898004,0.239482806488695
8.76,811.741215467808,812.016553677483,0.275338209675283
8.77,809.564496729799,809.821585241117,0.257088511317647
8.78,807.473680915911,807.757201074545,0.283520158634246
8.79,805.476437930083,805.737016057826,0.260578127742747
8.8,803.578903695469,803.872489294054,0.293585598585423
8.81,801.776476269703,802.031786193774,0.255309924071298
8.82,800.076825556726,800.359908390142,0.283082833416188
8.83,798.484553498901,798.728449313639,0.243895814737812
8.84,796.99812611544,797.268641577718,0.270515462278127
8.85,795.622145348706,795.845716331669,0.223570982962997
8.86,794.355077217913,794.608376604153,0.253299386239632
8.87,793.206125607786,793.40248576159,0.196360153803766
8.88,792.176824499115,792.382862629699,0.20603813058392
8.89,791.265639911111,791.399437218224,0.133797307113014
8.9,790.478707766926,790.624554459596,0.14584669266992
8.91,789.809892143407,789.878175151528,0.0682830081215116
8.92,789.260727021344,789.34280056086,0.0820735395162728
8.93,788.831212400736,788.841718937868,0.0105065371317323
8.94,788.524416243159,788.540432096946,0.0160158537867119
8.95,788.351076414128,788.299732385781,-0.0513440283474438
8.96,788.311192913643,788.236035559539,-0.0751573541043626
8.97,788.387891953037,788.216811878841,-0.171080074196084
8.98,788.575037609159,788.434588950281,-0.140448658877744
8.99,788.869561920434,788.667772161226,-0.2017897592076
9,789.266862944496,789.092451962125,-0.174410982370659
9.01,789.765406700559,789.572400430081,-0.193006270478236
9.02,790.372863092561,790.250603753043,-0.122259339517768
9.03,791.095368043656,790.975879749849,-0.119488293807422
9.04,791.942125438568,791.881387571364,-0.0607378672043524
9.05,792.903931392573,792.826402314503,-0.0775290780704836
9.06,793.985387848032,793.979538625164,-0.00584922286850542
9.07,795.186494804947,795.159011612475,-0.0274831924716636
9.08,796.501116340165,796.533562405005,0.0324460648404283
9.09,797.923116530535,797.948028028408,0.0249114978734042
9.1,799.45709731842,799.541284437512,0.0841871190923484
9.11,801.104592684609,801.182815093497,0.078222408887541
9.12,802.859466705951,802.983822935182,0.124356229231239
9.13,804.714049478504,804.826766698331,0.112717219826777
9.14,806.668341002271,806.829768833636,0.161427831364904
9.15,808.726943219613,808.885581848574,0.158638628961398
9.16,810.874516322653,811.062853722901,0.188337400248315
9.17,813.11106031139,813.301904309028,0.19084399763824
9.18,815.441177128189,815.672165100043,0.230987971853551
9.19,817.849526965169,818.06393362869,0.214406663520776
9.2,820.33764380312,820.583207740083,0.245563936962867
9.21,822.903993661252,823.142664476394,0.238670815141518
9.22,825.536304693264,825.802045752267,0.265741059002835
9.23,828.242246803094,828.489580855111,0.247334052017095
9.24,831.003412221288,831.265616055867,0.262203834578941
9.25,833.827470851786,834.089511897869,0.262041046082686
9.26,836.699082886708,836.974361367211,0.275278480502834
9.27,839.619782306842,839.890952040015,0.271169733172997
9.28,842.583433189037,842.865450186199,0.282016997162145
9.29,845.582365629353,845.870409871603,0.288044242249953
9.3,848.613511666216,848.917927896529,0.304416230312995
9.31,851.670735376472,851.973282459742,0.302547083269928
9.32,854.749434817758,855.0602127597,0.310777941941978
9.33,857.843474066923,858.160484864931,0.317010798008027
9.34,860.948251181604,861.269147104881,0.320895923276566
9.35,864.05609625786,864.387101734392,0.331005476531573
9.36,867.165475314904,867.494598860512,0.329123545608013
9.37,870.268718448797,870.60580902889,0.337090580093331
9.38,873.361223717175,873.694203490148,0.332979772973317
9.39,876.436855196885,876.779063634445,0.342208437559975
9.4,879.494078907141,879.828631625676,0.334552718534724
9.41,882.52062300164,882.862333680927,0.341710679287416
9.42,885.519555441956,885.837846359423,0.318290917466925
9.43,888.480138362576,888.811134016435,0.330995653859418
9.44,891.40083778271,891.696250940975,0.295413158265205
9.45,894.272449817632,894.572246664492,0.299796846859977
9.46,897.091906505765,897.350541180489,0.25863467472368
9.47,899.850003962384,900.118784305421,0.268780343037406
9.48,902.542140245123,902.769646008261,0.227505763137856
9.49,905.165247392408,905.405775260819,0.240527868411505
9.5,907.71012151951,907.909216074997,0.199094555486681
9.51,910.17676262643,910.388183650248,0.21142102381782
9.52,912.552898866865,912.728208818446,0.175309951581426
9.53,914.836996260027,915.028329800735,0.191333540707888
9.54,917.029054805915,917.192213759645,0.163158953730431
9.55,919.116802658227,919.304954872791,0.188152214563956
9.56,921.101773797752,921.257198223772,0.155424426019522
9.57,922.982434243699,923.174381031451,0.191946787752272
9.58,924.748046130556,924.903715575494,0.155669444938212
9.59,926.397075477533,926.591988173167,0.194912695633661
9.6,927.931056265418,928.101876571871,0.170820306453038
9.61,929.343852571061,929.557130173919,0.213277602858398
9.62,930.629328471309,930.810515948381,0.181187477072399
9.63,931.781348043011,932.034406723958,0.253058680946765
9.64,932.804513228531,933.035038317005,0.230525088474337
9.65,933.700358008656,933.985337066841,0.284979058185058
9.66,934.464280441023,934.730685852981,0.266405411957976
9.67,935.091678583269,935.422756972372,0.331078389103027
9.68,935.579484473816,935.893667485772,0.314183011956061
9.69,935.926164131878,936.316069713596,0.389905581717585
9.7,936.128649595879,936.521361198618,0.392711602739496
9.71,936.191542808183,936.674109704002,0.482566895819218
9.72,936.124047653516,936.593729507036,0.469681853520115
9.73,935.946105882121,936.471813200268,0.525707318147397
9.74,935.648513609271,936.118229498513,0.469715889241684
9.75,935.22820287339,935.721470579879,0.493267706489291
9.76,934.683639693691,935.10569315632,0.422053462629265
9.77,934.011756108597,934.437575003678,0.425818895081306
9.78,933.209484156533,933.555110691456,0.345626534923326
9.79,932.279891799074,932.619670613808,0.339778814734018
9.8,931.218377093857,931.478958800862,0.260581707004917
9.81,930.024940040882,930.288438932409,0.263498891527092
9.82,928.702648601725,928.896961552777,0.194312951052098
9.83,927.253036757173,927.456476331608,0.20343957443481
9.84,925.682240430378,925.810816977327,0.12857654694858
9.85,923.988725640552,924.127978739731,0.139253099178859
9.86,922.175560349271,922.25370626133,0.0781459120589716
9.87,920.248880479687,920.339844914541,0.0909644348537313
9.88,918.213287974163,918.246250173954,0.0329621997914273
9.89,916.070316813487,916.121469534448,0.0511527209606584
9.9,913.82610292081,913.838327228364,0.0122243075543338
9.91,911.486782219284,911.503881281338,0.0170990620541716
9.92,909.05235470891,909.042012002975,-0.0103427059349315
9.93,906.532024274414,906.540530890014,0.00850661560002663
9.94,903.928858877372,903.90391339508,-0.0249454822916277
9.95,901.247460460148,901.239737017947,-0.00772344220081322
9.96,898.498566888257,898.468199851046,-0.0303670372111355
9.97,895.680644180911,895.675481004526,-0.00516317638539476
9.98,892.807498165201,892.786056644558,-0.0214415206428384
9.99,889.879128841127,889.871111291097,-0.00801755003044491
