0,886.904740093417,886.570363653126,-0.33437644029118
0.01,883.890467845222,886.194679642886,2.30421179766415
0.02,880.840914038905,885.817297229071,4.97638319016642
0.03,877.765282559194,885.43909275344,7.67381019424613
0.04,874.668175348453,885.061364093917,10.3931887454635
0.05,871.558796291409,884.683845020111,13.125048728702
0.06,868.43867936885,884.308254947473,15.8695755786229
0.07,865.320096427078,883.933950488514,18.6138540614359
0.08,862.20611542767,883.56338320238,21.3572677747103
0.09,859.104406274565,883.195610196855,24.0912039222895
0.1,856.021104890915,882.833537854644,26.8124329637293
0.11,852.965415161447,882.47561317415,29.5101980127029
0.12,849.938871066949,882.124287734693,32.1854166677438
0.13,846.953744453723,881.778607561273,34.8248631075503
0.14,844.011569302559,881.441767482127,37.4301981795683
0.15,841.126151440546,881.110472890343,39.9843214497972
0.16,838.295956886897,880.789793355425,42.4938364685279
0.17,835.536325449491,880.476700506309,44.9403750568182
0.18,832.847257128327,880.175387580551,47.3281304522243
0.19,830.239489788921,879.881650330196,49.6421605412745
0.2,827.717625373637,879.601623308655,51.8839979350181
0.21,825.284731844051,879.331135545404,54.0464037013534
0.22,822.953081046465,879.075611658815,56.1225306123503
0.23,820.724206961667,878.829627137038,58.1054201753709
0.24,818.602711532021,878.599471885805,59.9967603537835
0.25,816.599332623042,878.380043084533,61.7807104614911
0.26,814.712536253943,878.177896900816,63.4653606468728
0.27,812.948458347874,877.986665870702,65.0382075228283
0.28,811.314768808776,877.813671615625,66.4989028068493
0.29,809.813001617436,877.652690870355,67.8396892529191
0.3,808.444690754642,877.510279837375,69.0655890827334
0.31,807.211370201182,877.380148675487,70.1687784743053
0.32,806.123777822571,877.269718878953,71.1459410563815
0.33,805.183447599597,877.171469234299,71.9880216347021
0.34,804.39037953226,877.093486844335,72.7031073120745
0.35,803.744573620561,877.027928776168,73.2833551556068
0.36,803.252165787649,876.983259312108,73.7310935244589
0.37,802.907020110375,876.950870068199,74.0438499578236
0.38,802.715272511889,876.939136578711,74.2238640668221
0.39,802.67845697298,876.940626349601,74.2621693766206
0.4,802.782767666556,876.961163438015,74.178395771459
0.41,803.020534688679,876.994003132099,73.97346844342
0.42,803.394826000923,877.047177057062,73.6523510561386
0.43,803.907175584076,877.11117826129,73.2040026772141
0.44,804.566787322867,877.195746728585,72.6289594057184
0.45,805.359855390204,877.291630663564,71.9317752733597
0.46,806.295583670814,877.406229339953,71.1106456691393
0.47,807.369370222334,877.532343235621,70.1629730132868
0.48,808.585816987128,877.67658398173,69.0907669946016
0.49,809.929584157316,877.831297243831,67.9017130865149
0.5,811.408341636837,878.002939327742,66.5945976909049
0.51,813.019021464117,878.184022313445,65.1650008493283
0.52,814.764691600731,878.381457309821,63.6167657090899
0.53,816.6300122388,878.587512363664,61.9575001248644
0.54,818.616517359112,878.807523327187,60.1910059680749
0.55,820.722672980879,879.036964198408,58.3142912175293
0.56,822.939275219374,879.278175655757,56.3389004363831
0.57,825.257120189869,879.527241831566,54.2701216416971
0.58,827.680809834728,879.787812387624,52.1070025528956
0.59,830.193470365285,880.054107819198,49.8606374539132
0.6,832.795101781539,880.329533728318,47.5344319467795
0.61,835.479568160339,880.609730538955,45.1301623786161
0.62,838.234597655381,880.896861417465,42.6622637620841
0.63,841.060190266667,881.188896342397,40.1287060757304
0.64,843.942540167104,881.484947878492,37.5424077113884
0.65,846.881647356693,881.784394823309,34.9027474666156
0.66,849.862172027554,882.087015324107,32.2248432965526
0.67,852.884114179689,882.39095684672,29.5068426670308
0.68,855.932134005218,882.695564903964,26.7634308987458
0.69,859.006231504141,883.000983707724,23.9947522035834
0.7,862.091066868579,883.304295783416,21.2132289148374
0.71,865.185106117744,883.606932130225,18.4218260124807
0.72,868.277611386122,883.906141663046,15.6285302769245
0.73,871.363980731348,884.202634326621,12.8386535952729
0.74,874.433476287907,884.493570279874,10.0600939919669
0.75,877.483030094223,884.780125369323,7.29709527509988
0.76,880.50343826557,885.059282251774,4.55584398620431
0.77,883.488564878796,885.332937820053,1.84437294125723
0.78,886.432274010748,885.597120709512,-0.835153301235664
0.79,889.322293815125,885.855158822971,-3.46713499215355
0.8,892.154022349562,886.101660858298,-6.0523614912637
0.81,894.913653786968,886.340753424702,-8.57290036226584
0.82,897.599654146556,886.566068998087,-11.0335851484691
0.83,900.195149639658,886.7833205164,-13.4118291232581
0.84,902.698606285487,886.984653942437,-15.7139523430499
0.85,905.102354180104,887.176603119646,-17.9257510604585
0.86,907.394121477205,887.352334562209,-20.0417869149962
0.87,909.575442157579,887.516729234485,-22.0587129230939
0.88,911.637112336497,887.663608126968,-23.9735042095291
0.89,913.569928129233,887.798362504772,-25.7715656244609
0.9,915.375423516574,887.914258675513,-27.4611648410607
0.91,917.045928594582,888.018174419798,-29.0277541747838
0.92,918.573773459316,888.101845154177,-30.4719283051395
0.93,919.951288206837,888.172503657443,-31.7787845493942
0.94,921.184608760297,888.221951891221,-32.9626568690763
0.95,922.269133177332,888.258154808083,-34.010978369249
0.96,923.195657573215,888.272914363729,-34.922743209486
0.97,923.964181947946,888.274095682435,-35.6900862655114
0.98,924.568570378373,888.253600559389,-36.3149698189836
0.99,925.002686941345,888.219294126275,-36.7833928150704
1,925.266531636861,888.162578981983,-37.1039526548784
1.01,925.364706407286,888.092207728588,-37.2724986786983
1.02,925.306415137346,887.999960151424,-37.3064549859224
1.03,925.106997634921,887.894566664079,-37.2124309708419
1.04,924.764919919223,887.768051122603,-36.9968687966199
1.05,924.274046067099,887.628090066955,-36.6459560001437
1.06,923.635910059339,887.467494998682,-36.1684150606567
1.07,922.852045876729,887.294419458441,-35.557626418288
1.08,921.92245351927,887.101386545265,-34.8210669740047
1.09,920.844065025387,886.896117145471,-33.9479478799158
1.1,919.618414375866,886.671955284518,-32.9464590913476
1.11,918.245501570708,886.436521989994,-31.8089795807141
1.12,916.725326609914,886.18349410853,-30.5418325013837
1.13,915.064025416634,885.919560817089,-29.1444645995449
1.14,913.263131971656,885.639763447188,-27.6233685244684
1.15,911.33031617892,885.350036820017,-25.9802793589032
1.16,909.268646000002,885.046021315517,-24.2226246844848
1.17,907.082723377265,884.733374407845,-22.3493489694202
1.18,904.784820157012,884.408224589243,-20.3765955677693
1.19,902.373402358456,884.07578559309,-18.2976167653659
1.2,899.862275808687,883.733162114501,-16.129113694186
1.21,897.256042450069,883.383959380312,-13.8720830697565
1.22,894.559304224966,883.026946050094,-11.5323581748717
1.23,891.784332979681,882.665294715524,-9.11903826415744
1.24,888.935730656578,882.297840599038,-6.63789005753995
1.25,886.024235121171,881.926990871304,-4.09724424986666
1.26,883.055982296612,881.551991199662,-1.50399109694979
1.27,880.043244029205,881.175725753307,1.13248172410238
1.28,876.9921562421,880.798438574507,3.80628233240679
1.29,873.913456800813,880.420229497215,6.50677269640175
1.3,870.813281628497,880.043627721726,9.23034609322951
1.31,867.70543655224,879.668444672528,11.9630081202876
1.32,864.594523514408,879.297143001926,14.7026194875175
1.33,861.492814361303,878.929012771786,17.4361984104834
1.34,858.406445016078,878.56689380826,20.1604487921824
1.35,855.346153344246,878.208966878424,22.8628135341781
1.36,852.321143230535,877.859868892908,25.5387256623733
1.37,849.339084578885,877.516271972741,28.1771873938558
1.38,846.410715254812,877.184055472373,30.7733402175614
1.39,843.542171181466,876.859347956133,33.3171767746672
1.4,840.748792166726,876.547773666518,35.7989814997918
1.41,838.03211219138,876.244196547776,38.212084356396
1.42,835.407471063308,875.955904836244,40.5484337729363
1.43,832.879470724873,875.677773564175,42.7983028393022
1.44,830.457315060801,875.416303389305,44.9589883285041
1.45,828.151741936609,875.166857433605,47.0151154969963
1.46,825.964285333084,874.934605199446,48.9703198663616
1.47,823.908751077317,874.71455480873,50.8058037314127
1.48,821.989741111672,874.515292507051,52.525551395379
1.49,820.208789416937,874.329119655312,54.1203302383753
1.5,818.576633858627,874.163258050534,55.5866241919067
1.51,817.102478321469,874.01131803507,56.9088397136013
1.52,815.783254843887,873.882185424897,58.0989305810098
1.53,814.625099349033,873.766907991517,59.1418086424839
1.54,813.629545817696,873.674016576042,60.0444707583463
1.55,812.805798134601,873.596056529146,60.7902583945455
1.56,812.158458242113,873.541503235926,61.3830449938133
1.57,811.690594101808,873.50161520469,61.8110211028817
1.58,811.397603771322,873.485089686223,62.0874859149013
1.59,811.279487250655,873.483617819523,62.2041305688683
1.6,811.328574635867,873.504310497893,62.1757358620265
1.61,811.538730003807,873.539302587653,62.0005725838462
1.62,811.909953354476,873.596847584479,61.6868942300027
1.63,812.44377866866,873.669402064402,61.2256233957422
1.64,813.134070023209,873.763466758663,60.6293967354542
1.65,813.986963341273,873.871586995308,59.8846236540345
1.66,814.996322699702,874.000873617326,59.0045509176239
1.67,816.159080136919,874.142474209041,57.983394072122
1.68,817.479837595289,874.303621615595,56.8237840203059
1.69,818.953993132447,874.476550580044,55.5225574475975
1.7,820.583080729181,874.667972540015,54.0848918108339
1.71,822.357896500765,874.870366309509,52.5124698087436
1.72,824.272304524046,875.088845879611,50.8165413555651
1.73,826.323236837449,875.317065963893,48.9938291264444
1.74,828.504557517823,875.560329119,47.0557716011767
1.75,830.803994718863,875.811058736117,45.0070640172539
1.76,833.223082421359,876.074280025566,42.8511976042066
1.77,835.744946836643,876.344390975301,40.5994441386579
1.78,838.364986022352,876.623832085259,38.2588460629069
1.79,841.078598036121,876.909685885728,35.8310878496072
1.8,843.867375108497,877.201408828732,33.3340337202351
1.81,846.732851220268,877.497647570929,30.7647963506605
1.82,849.65508462119,877.797891841578,28.1428072203877
1.83,852.632541330476,878.100777202843,25.4682358723668
1.84,855.649881540247,878.405227634214,22.7553460939668
1.85,858.702503308139,878.70981213447,20.0073088263309
1.86,861.775066826274,879.013565606985,17.2384987807108
1.87,864.859902190712,879.315900116203,14.4559979254915
1.88,867.946271535938,879.614064573966,11.6677930380282
1.89,871.026504958013,879.909090621482,8.88258566346917
1.9,874.08986459142,880.196940360491,6.10707576907112
1.91,877.128680532222,880.479910034063,3.35122950184063
1.92,880.132214914902,880.753373792035,0.621158877132984
1.93,883.091263854733,881.020548600751,-2.07071525398158
1.94,885.998157447777,881.276109722997,-4.7220477247796
1.95,888.836021905365,881.523540358204,-7.31248154716093
1.96,891.598721304347,881.756539543711,-9.84218176063621
1.97,894.272449817632,881.979966030802,-12.2924837868297
1.98,896.84953754128,882.186653558247,-14.6628839830332
1.99,899.317712628988,882.382470365569,-16.9352422634194
2,901.667771196028,882.559684406438,-19.1080867895895
2.01,903.896645280826,882.724441262755,-21.1722040180712
2.02,905.988995075502,882.869563522175,-23.119431553327
2.03,907.938684656905,883.000819610772,-24.9378650461327
2.04,909.744180044246,883.110133532892,-26.6340465113543
2.05,911.393209391223,883.205436922978,-28.1877724682448
2.06,912.878102793897,883.27715616921,-29.6009466246869
2.07,914.197326271478,883.334310070179,-30.8630162012993
2.08,915.34934584318,883.367458121399,-31.9818877217807
2.09,916.326491605064,883.384554177015,-32.941937428049
2.1,917.122627633976,883.378099064065,-33.7445285699112
2.11,917.737753929918,883.355769317804,-34.3819846121143
2.12,918.164200588951,883.308756754309,-34.8554438346422
2.13,918.395831687921,883.245181647623,-35.1506500402978
2.14,918.435715188406,883.156513160298,-35.2792020281082
2.15,918.305326821436,883.053367570043,-35.2519592513931
2.16,918.01233649095,882.926204569306,-35.086131921644
2.17,917.556744196948,882.784342506972,-34.7724016899757
2.18,916.940083920218,882.61916184798,-34.3209220722376
2.19,916.160821679972,882.439448447439,-33.7213732325332
2.2,915.217423495422,882.237913994768,-32.9795095006546
2.21,914.102219462629,882.022778568093,-32.0794408945358
2.22,912.822879485533,881.787408387596,-31.0354710979374
2.23,911.376335602557,881.538914185373,-29.837421417184
2.24,909.767189756065,881.271505293464,-28.4956844626007
2.25,908.00004388842,880.992725053547,-27.0073188348731
2.26,906.084101884351,880.697071244339,-25.3870306400116
2.27,904.023965686221,880.391133170641,-23.6328325155797
2.28,901.825771217181,880.070517944882,-21.7552532722987
2.29,899.498722361958,879.74143768271,-19.7572846792476
2.3,897.050489024493,879.399865584411,-17.650623440082
2.31,894.490275089511,879.05138144096,-15.4388936485509
2.32,891.82881842253,878.694132701426,-13.1346857211037
2.33,889.072254946699,878.331569282304,-10.7406856643953
2.34,886.235924469899,877.962626242596,-8.27329822730303
2.35,883.32596291528,877.590287587904,-5.73567532737582
2.36,880.357710090721,877.214852820754,-3.14285726996741
2.37,877.337301919374,876.837553255763,-0.499748663611058
2.38,874.27854422833,876.460241417908,2.18169718957824
2.39,871.19524284468,876.083782560976,4.88853971629578
2.4,868.095067672363,875.710129056199,7.61506138383584
2.41,864.993358519258,875.339070146623,10.3457116273648
2.42,861.899319270093,874.973567677427,13.0742484073342
2.43,858.82522177117,874.612712043029,15.7874902718587
2.44,855.778735926429,874.261129061184,18.4823931347546
2.45,852.776735524537,873.915446484714,21.1387109601766
2.46,849.826890469433,873.58217597419,23.7552855047567
2.47,846.943006588208,873.257590311562,26.3145837233542
2.48,844.132753784802,872.947158443461,28.814404658659
2.49,841.414539828668,872.646032741428,31.2314929127602
2.5,838.791432681384,872.362022831839,33.5705901504546
2.51,836.278772150827,872.089460190219,35.8106880393923
2.52,833.888830083301,871.836243231798,37.9474131484969
2.53,831.624674440382,871.595749403755,39.9710749633726
2.54,829.504712991524,871.377197254439,41.8724842629151
2.55,827.532013698303,871.172644118556,43.6406304202535
2.56,825.712712483871,870.990654077828,45.2779415939574
2.57,824.060615175318,870.823927848573,46.7633126732553
2.58,822.57878973422,870.681317967908,48.1025282336876
2.59,821.27337208373,870.555070305016,49.2816982212864
2.6,820.145896204634,870.45481395282,50.3089177481861
2.61,819.20556598166,870.369633155751,51.1640671740907
2.62,818.45851733796,870.310909760713,51.8523924227535
2.63,817.909352215897,870.268493432201,52.3591412163037
2.64,817.555002653895,870.252523565219,52.6975209113244
2.65,817.395468651955,870.253016209642,52.8575475576873
2.66,817.424614286925,870.278690799999,52.8540765130741
2.67,817.633235674077,870.319785244934,52.686549570857
2.68,818.00139106317,870.290680987722,52.2892899245516
2.69,818.295915374444,870.259247031768,51.9633316573238
2.7,818.483061030566,870.226282092457,51.7432210618913
2.71,818.599643570445,870.192163339594,51.5925197691488
2.72,818.6686727059,870.157556371765,51.4888836658652
2.73,818.705488244809,870.122583214514,51.4170949697047
2.74,818.717760091112,870.087632134636,51.3698720435239
2.75,818.717760091112,870.05272531894,51.3349652278283
2.76,818.716226110324,870.018228848768,51.3020027384438
2.77,818.716226110324,869.983954138116,51.267728027792
2.78,818.716226110324,869.950123055076,51.2338969447518
2.79,818.716226110324,869.916613573967,51.2003874636432
2.8,818.717760091112,869.883603189715,51.1658430986033
2.81,818.717760091112,869.850936596704,51.1331765055917
2.82,818.717760091112,869.818769103188,51.1010090120758
2.83,818.717760091112,869.78686774996,51.0691076588479
2.84,818.717760091112,869.755554245584,51.0377941544721
2.85,818.7192940719,869.72465109798,51.0053570260795
2.86,818.7192940719,869.694391269203,50.9750971973032
2.87,818.722362033476,869.664453053534,50.9420910200585
2.88,818.730031937415,869.635213626566,50.9051816891513
2.89,818.743837764506,869.606517683303,50.8626799187973
2.9,818.763779514749,869.578587092852,50.8148075781033
2.91,818.789857188143,869.551355297388,50.7614981092447
2.92,818.822070784689,869.525110726726,50.7030399420373
2.93,818.855818362022,869.499442929255,50.6436245672327
2.94,818.895701862507,869.474984228892,50.5792823663851
2.95,818.932517401416,869.451335268088,50.5188178666715
2.96,818.969332940326,869.428374022299,50.4590410819733
2.97,819.009216440811,869.405845346158,50.3966289053467
2.98,819.056769845235,869.384082042131,50.3273121968963
2.99,819.113527134387,869.362817871722,50.2492907373347
3,819.18409025063,869.342596411647,50.158506161017
3.01,819.269993174751,869.323129237535,50.0531360627836
3.02,819.368167945176,869.305026487124,49.9368585419481
3.03,819.480148542691,869.287711309414,49.8075627667225
3.04,819.602867005722,869.271649628428,49.6687826227064
3.05,819.736323334268,869.256430993377,49.5201076591093
3.06,819.883585489905,869.24257679531,49.3589913054045
3.07,820.038517549482,869.229388156147,49.1908706066655
3.08,820.19958553221,869.217863481312,49.0182779491017
3.09,820.366789438089,869.206871252217,48.840081814128
3.1,820.537061305545,869.196943952305,48.65988264676
3.11,820.713469096152,869.188203611975,48.4747345158225
3.12,820.891410867546,869.180594768079,48.2891839005332
3.13,821.073954581305,869.173640409233,48.0996858279277
3.14,821.268770141366,869.168228007089,47.8994578657226
3.15,821.475857547731,869.163581030553,47.6877234828222
3.16,821.696750781186,869.16057585824,47.4638250770544
3.17,821.931449841733,869.158502519597,47.2270526778643
3.18,822.176886767794,869.157960059494,46.9810732916998
3.19,822.434595540159,869.158582401502,46.7239868613427
3.2,822.706110139615,869.16073563044,46.4546254908246
3.21,822.994498527738,869.164231163794,46.1697326360559
3.22,823.295158762163,869.169446180287,45.8742874181244
3.23,823.603488900528,869.175604149446,45.5721152489184
3.24,823.917954962045,869.183215369167,45.2652604071218
3.25,824.240090927501,869.191702988805,44.9516120613042
3.26,824.579100681623,869.201998854027,44.6228981724045
3.27,824.933450243625,869.213326434682,44.2798761910567
3.28,825.301605632717,869.227105685047,43.9255000523301
3.29,825.682032868113,869.241694794331,43.5596619262185
3.3,826.079333892176,869.258025607901,43.1786917157248
3.31,826.495042685693,869.276164691347,42.7811220056544
3.32,826.921489344725,869.295546288577,42.374056943852
3.33,827.355605907696,869.316314617205,41.9607087095094
3.34,827.800460336183,869.338724828944,41.5382644927605
3.35,828.262188553337,869.362665995215,41.1004774418777
3.36,828.739256578369,869.388448734975,40.6491921566056
3.37,829.236266353644,869.415529479041,40.1792631253974
3.38,829.748615936798,869.445150688214,39.6965347514164
3.39,830.271703385467,869.475548525485,39.2038451400181
3.4,830.807062680439,869.507843422964,38.7007807425252
3.41,831.362363725654,869.541669305521,38.1793055798672
3.42,831.933004578747,869.577647406161,37.6446428274137
3.43,832.523587182083,869.615456024001,37.0918688419177
3.44,833.131043574086,869.655150631472,36.524107057386
3.45,833.749237831604,869.696121099547,35.9468832679432
3.46,834.379703935425,869.739254900952,35.3595509655268
3.47,835.027043827912,869.783786600528,34.7567427726161
3.48,835.695859451431,869.831014125518,34.1351546740866
3.49,836.381548863615,869.879584094501,33.498035230886
3.5,837.079510122103,869.930017899393,32.8505077772903
3.51,837.797413130834,869.982204612337,32.1847914815029
3.52,838.535257889807,870.036665626403,31.5014077365962
3.53,839.29457837981,870.093057054522,30.7984786747124
3.54,840.064636735329,870.151445462708,30.0868087273788
3.55,840.851568879514,870.211542429873,29.3599735503591
3.56,841.655374812366,870.273769508616,28.6183946962497
3.57,842.480656476249,870.3380601453,27.8574036690515
3.58,843.318209986434,870.404203572549,27.0859935861153
3.59,844.178773208438,870.472599156567,26.2938259481288
3.6,845.059278180684,870.543335650948,25.4840574702638
3.61,845.961258883961,870.61602479563,24.6547659116686
3.62,846.877045414329,870.690588943118,23.8135435287891
3.63,847.809705733363,870.766562178627,22.956856445264
3.64,848.763841783428,870.845852561559,22.0820107781312
3.65,849.733317641372,870.926230340031,21.1929126986588
3.66,850.725803211134,871.009104371737,20.2833011606032
3.67,851.742832473502,871.093975463872,19.3511429903698
3.68,852.775201543749,871.181864209587,18.4066626658378
3.69,853.824444402663,871.2710400573,17.4465956546369
3.7,854.895162992607,871.363255758002,16.4680927653947
3.71,855.984289352006,871.456758573916,15.47246922191
3.72,857.096425423223,871.553057202272,14.4566317790492
3.73,858.234639167834,871.651541518145,13.4169023503107
3.74,859.389726701112,871.752732914562,12.3630062134501
3.75,860.563222003845,871.855255826877,11.2920338230321
3.76,861.758193037608,871.960796444818,10.2026034072103
3.77,862.973105821613,872.068378564688,9.09527274307527
3.78,864.214096279013,872.178934031721,7.96483775270781
3.79,865.476562467442,872.290665736619,6.81410326917717
3.8,866.757436425327,872.405071281196,5.64763485586923
3.81,868.058252133454,872.521618194065,4.46336606061152
3.82,869.380543572611,872.641449093132,3.26090552052108
3.83,870.728912685163,872.762999830704,2.03408714554109
3.84,872.098757528745,872.887368649846,0.788611121101439
3.85,873.487010141781,873.013601534142,-0.473408607638703
3.86,874.89520450506,873.142541580584,-1.75266292447611
3.87,876.329476541733,873.272968533407,-3.0565080083262
3.88,877.788292271013,873.406901378494,-4.38139089251888
3.89,879.267049750534,873.542165838761,-5.72488391177274
3.9,880.767282961086,873.680758712279,-7.08652424880711
3.91,882.288991902669,873.821171320155,-8.4678205825137
3.92,883.838312498434,873.964768143139,-9.8735443552946
3.93,885.406040863653,874.110018315972,-11.2960225476807
3.94,886.995244959902,874.258430531153,-12.7368144287493
3.95,888.60745876797,874.408640323305,-14.1988184446651
3.96,890.24728423022,874.562400436922,-15.6848837932982
3.97,891.903983481136,874.717214893385,-17.1867685877506
3.98,893.583692443871,874.87498064709,-18.7087117967814
3.99,895.287945099212,875.034721497968,-20.2532236012445
4,897.018275427947,875.197735365142,-21.8205400628051
4.01,898.768547506925,875.363212448947,-23.4053350579779
4.02,900.538761336144,875.531030730531,-25.0077306056131
4.03,902.336586819546,875.701034910932,-26.6355519086138
4.04,904.155888033979,875.87410136446,-28.2817866695189
4.05,905.995130998654,876.048832348745,-29.9462986499094
4.06,907.858917655935,876.226403754297,-31.6325139016383
4.07,909.74878198661,876.406005781429,-33.3427762051812
4.08,911.658588067527,876.589213678134,-35.0693743893935
4.09,913.589869879476,876.77360912576,-36.8162607537157
4.1,915.550297326393,876.961699202106,-38.588598124287
4.11,917.529132542766,877.151387294111,-40.3777452486545
4.12,919.529443490169,877.344437232039,-42.1850062581299
4.13,921.557366091754,877.539140666467,-44.0182254252873
4.14,923.605230443581,877.736884256809,-45.8683461867716
4.15,925.673036545651,877.936015119855,-47.7370214257965
4.16,927.768454301903,878.138485668341,-49.6299686335622
4.17,929.883813808397,878.343042376883,-51.540771431514
4.18,932.019115065134,878.550262099135,-53.4688529659986
4.19,934.182027976052,878.759601274798,-55.422426701254
4.2,936.364882637214,878.971403799711,-57.3934788375033
4.21,938.567679048617,879.184959715118,-59.3827193334994
4.22,940.798087114203,879.401977380701,-61.3961097335018
4.23,943.046902949244,879.621025782167,-63.4258771670771
4.24,945.317194515314,879.842537560328,-65.4746569549856
4.25,947.613563754779,880.06600243488,-67.5475613198986
4.26,949.926806782911,880.292174748924,-69.6346320339868
4.27,952.264593503648,880.519845351776,-71.7447481518722
4.28,954.626923916992,880.750045914746,-73.8768780022456
4.29,957.006128119003,880.98185571024,-76.0242724087631
4.3,959.411409994408,881.217315889125,-78.1940941052829
4.31,961.836633620055,881.454729204498,-80.381904415557
4.32,964.281798995944,881.693762866597,-82.588036129347
4.33,966.75150806444,881.935171216102,-84.8163368483382
4.34,969.238090921603,882.179142843593,-87.0589480780101
4.35,971.747683490584,882.424801395892,-89.3228820946915
4.36,974.277217809807,882.673466964561,-91.6037508452461
4.37,976.825159898485,882.922798900669,-93.9023609978155
4.38,979.396111698982,883.175348633104,-96.2207630658779
4.39,981.983937288145,883.42879770106,-98.5551395870847
4.4,984.596306569914,883.685453483191,-100.910853086723
4.41,987.224015659562,883.943596550101,-103.280419109461
4.42,989.870132518665,884.204114357829,-105.666018160836
4.43,992.539259089586,884.465819946709,-108.073439142877
4.44,995.222191487598,884.729689516654,-110.492501970944
4.45,997.92659961664,884.995878377654,-112.930721238986
4.46,1000.64634755356,885.264031555912,-115.382315997648
4.47,1003.38603724073,885.533849542482,-117.852187698248
4.48,1006.14106673577,885.805487645937,-120.335579089833
4.49,1008.91450400027,886.078235911479,-122.836268088791
4.5,1011.70634903422,886.353436610206,-125.352912424014
4.51,1014.51199989526,886.629592177884,-127.882407717376
4.52,1017.33605852576,886.90817800189,-130.42788052387
4.53,1020.17392298335,887.188339919281,-132.985583064069
4.54,1023.03172919118,887.470366355455,-135.561362835726
4.55,1025.90027326452,887.753392053345,-138.146881211175
4.56,1028.78722510732,888.038193533298,-140.749031574022
4.57,1031.68644879643,888.323905538386,-143.362543258044
4.58,1034.6025462742,888.611426612482,-145.991119661718
4.59,1037.53091559827,888.900002430099,-148.630913168171
4.6,1040.47462473022,889.190354045568,-151.284270684652
4.61,1043.43060570848,889.48176041293,-153.94884529555
4.62,1046.39885853304,889.774487769487,-156.624370763553
4.63,1049.38091718469,890.068203326429,-159.312713858261
4.64,1052.37217972107,890.362718504204,-162.009461216866
4.65,1055.37878206532,890.65838828395,-164.72039378137
4.66,1058.39305431352,890.955445623802,-167.437608689718
4.67,1061.4211323888,891.25302526746,-170.16810712134
4.68,1064.45534638724,891.551837173649,-172.903509213591
4.69,1067.50336621277,891.851737135965,-175.651629076806
4.7,1070.55598798066,892.152126131501,-178.403861849159
4.71,1073.62241557565,892.453869421597,-181.168546154053
4.72,1076.6919111322,892.75644563579,-183.93546549641
4.73,1079.77367853507,893.059499798284,-186.714178736786
4.74,1082.85697991872,893.362732397615,-189.494247521105
4.75,1085.95255314867,893.666642622513,-192.285910526156
4.76,1089.0511943402,893.97076456611,-195.08042977409
4.77,1092.15750543567,894.275852557727,-197.881652877943
4.78,1095.26688449271,894.580619804417,-200.686264688293
4.79,1098.3839334537,894.886264356506,-203.497669097194
4.8,1101.50098241468,895.191499420897,-206.309482993783
4.81,1104.62723526039,895.497367744625,-209.129867515765
4.82,1107.75042014452,895.802859860571,-211.947560283949
4.83,1110.8812749326,896.108763375305,-214.772511557295
4.84,1114.0090617591,896.414246310102,-217.594815448998
4.85,1117.14145052796,896.719940968459,-220.421509559501
4.86,1120.27077133525,897.025137394737,-223.245633940513
4.87,1123.40316010411,897.330490078352,-226.072670025758
4.88,1126.53094693061,897.635133760486,-228.895813170124
4.89,1129.66180171868,897.939867139832,-231.721934578848
4.9,1132.78498660282,898.243836050336,-234.541150552484
4.91,1135.90970546774,898.547517491563,-237.362187976177
4.92,1139.02828840951,898.850789438817,-240.177498970693
4.93,1142.1453373705,899.153385657052,-242.991951713448
4.94,1145.25318244675,899.455383795594,-245.797798651156
4.95,1148.35949354222,899.756395594882,-248.603097947338
4.96,1151.45506677217,900.056343400126,-251.398723372044
4.97,1154.54910602134,900.355327045524,-254.193778975816
4.98,1157.63240740499,900.653157945528,-256.979249459462
4.99,1160.71110684628,900.950490588204,-259.760616258076
5,1163.77753444126,901.245882870961,-262.531651570299
5.01,1166.8362921323,901.540621585349,-265.295670546952
5.02,1169.88431195783,901.833597420327,-268.050714537503
5.03,1172.92159391785,902.125464862357,-270.796129055493
5.04,1175.94660403156,902.415292087786,-273.531311943774
5.05,1178.95934229896,902.70435479588,-276.25498750308
5.06,1181.95827473928,902.990744970901,-278.967529768379
5.07,1184.94340135251,903.275937986372,-281.667463366137
5.08,1187.91318815785,903.55880234139,-284.35438581646
5.09,1190.86610117453,903.840114545627,-287.025986628903
5.1,1193.80674234491,904.119164634546,-289.687577710364
5.11,1196.72590778426,904.396096810817,-292.329810973443
5.12,1199.62973341572,904.670201107279,-294.959532308441
5.13,1202.51208331616,904.942376057173,-297.569707258987
5.14,1205.37909340872,905.212033718,-300.16705969072
5.15,1208.22309378946,905.479318291687,-302.743775497773
5.16,1211.04868640074,905.743652926744,-305.305033473996
5.17,1213.84973531942,906.006490814411,-307.843244505009
5.18,1216.62930850707,906.265890649137,-310.363417857933
5.19,1219.3858719829,906.522750963793,-312.863121019107
5.2,1222.11789176613,906.776184297006,-315.341707469124
5.21,1224.82536785674,907.026956064556,-317.798411792184
5.22,1227.50523229318,907.274456133006,-320.230776160174
5.23,1230.1620870178,907.519028378941,-322.643058638859
5.24,1232.78826212666,907.759652219843,-325.028609906817
5.25,1235.38682558134,907.99769210259,-327.38913347875
5.26,1237.95777738183,908.231428574435,-329.726348807395
5.27,1240.49651558578,908.462614343797,-332.033901241983
5.28,1243.00610815477,908.689463397373,-334.316644757397
5.29,1245.48195314641,908.913373462636,-336.568579683774
5.3,1247.9271185223,909.132447591018,-338.794670931282
5.31,1250.34007030165,909.348760195298,-340.991310106352
5.32,1252.71620654208,909.559837478559,-343.156369063521
5.33,1255.06012918597,909.767676201473,-345.292452984497
5.34,1257.36570231016,909.97036831743,-347.39533399273
5.35,1259.63445989545,910.169810750417,-349.464649145033
5.36,1261.86793592261,910.36433950328,-351.50359641933
5.37,1264.06152844928,910.555740570342,-353.505787878938
5.38,1266.21523747548,910.741107509525,-355.474129965955
5.39,1268.33213096276,910.922925187493,-357.409205775267
5.4,1270.40453900719,911.099585069158,-359.304953938031
5.41,1272.43552957035,911.272185369006,-361.163344201344
5.42,1274.42663663303,911.439017709024,-362.987618924006
5.43,1276.37325825285,911.602001204817,-364.771257048033
5.44,1278.27386044904,911.758872813673,-366.514987635367
5.45,1280.13304516396,911.911629304729,-368.221415859231
5.46,1281.94314249367,912.057752486487,-369.885390007183
5.47,1283.70722039974,912.200093311849,-371.507127087891
5.48,1285.42527888217,912.335700949765,-373.089577932405
5.49,1287.09578396017,912.466982623159,-374.628801337011
5.5,1288.71566767218,912.591874961288,-376.123792710892
5.51,1290.28493001819,912.712552230996,-377.572377787194
5.52,1291.80663895977,912.826440767773,-378.980198191997
5.53,1293.27772653535,912.936069825148,-380.341656710202
5.54,1294.69665876415,913.038499656808,-381.658159107342
5.55,1296.06190166537,913.136681063399,-382.925220601971
5.56,1297.3749892198,913.227363683305,-384.147625536495
5.57,1298.63745540823,913.313609251712,-385.323846156518
5.58,1299.8431643075,913.392666604742,-386.450497702759
5.59,1300.99518387921,913.466809853336,-387.528374025874
5.6,1302.09198014254,913.533775937756,-388.558204204784
5.61,1303.12895115516,913.595794597124,-389.533156558036
5.62,1304.11376682098,913.649859515779,-390.463907305201
5.63,1305.04182519765,913.699476167583,-391.342349030067
5.64,1305.91005832359,913.74049562139,-392.1695627022
5.65,1306.72153416038,913.777377379763,-392.944156780617
5.66,1307.47471872724,913.806283125455,-393.668435601785
5.67,1308.16807804336,913.83004164025,-394.33803640311
5.68,1308.79701016639,913.845835192265,-394.951174974125
5.69,1309.36765101949,913.856658964938,-395.510992054552
5.7,1309.87846662185,913.859151651508,-396.019314970342
5.71,1310.33252493507,913.856619049439,-396.475905885632
5.72,1310.72675799755,913.846032652712,-396.880725344838
5.73,1311.05809784774,913.83015468516,-397.22794316258
5.74,1311.32654448562,913.806178507465,-397.520365978155
5.75,1311.5305639304,913.776744316589,-397.753819613811
5.76,1311.67322414368,913.739311714001,-397.933912429679
5.77,1311.75145716386,913.696498710323,-398.054958453537
5.78,1311.76526299095,913.645432106879,-398.119830884071
5.79,1311.72998143283,913.589240208241,-398.140741224589
5.8,1311.65328239344,913.524905603694,-398.128376789745
5.81,1311.53363189198,913.455833931667,-398.077797960313
5.82,1311.36336002453,913.378541862597,-397.984818161934
5.83,1311.13786484871,913.296046766231,-397.841818082479
5.84,1310.85868034531,913.204987340398,-397.653693004912
5.85,1310.51967059119,913.108891247082,-397.410779344108
5.86,1310.12850549028,913.004774360461,-397.123731129819
5.87,1309.68058310021,912.895398901414,-396.785184198796
5.88,1309.17283545942,912.777237171888,-396.395598287531
5.89,1308.60372858712,912.654005416462,-395.949723170658
5.9,1307.97019452172,912.522586393742,-395.447608127978
5.91,1307.27530122481,912.385697947627,-394.889603277183
5.92,1306.51904869638,912.24089953139,-394.27814916499
5.93,1305.70450489802,912.090054801987,-393.614450096033
5.94,1304.83013584892,911.931954571795,-392.898181277125
5.95,1303.88980562595,911.768484684421,-392.121320941529
5.96,1302.88811617146,911.596439160613,-391.291677010847
5.97,1301.82046554309,911.419711726301,-390.400753816789
5.98,1300.68992170242,911.234763608649,-389.455158093771
5.99,1299.49801863023,911.044179522786,-388.453839107444
6,1298.24475632653,910.846251089182,-387.398505237348
6.01,1296.92706682973,910.643629581573,-386.283437248157
6.02,1295.551086063,910.433153406867,-385.117932656133
6.03,1294.11221208396,910.21765132698,-383.89456075698
6.04,1292.61504683499,909.994183617532,-382.620863217458
6.05,1291.0565223545,909.766632894786,-381.289889459714
6.06,1289.43970660406,909.531138701666,-379.908567902394
6.07,1287.76459958369,909.291006801709,-378.473592781981
6.08,1286.02966731259,909.043530437258,-376.986136875332
6.09,1284.23951173313,908.792004275302,-375.447507457828
6.1,1282.39259886452,908.533089250523,-373.859509613997
6.11,1280.48892870675,908.2695253656,-372.219403341149
6.12,1278.52850125983,907.999626444182,-370.528874815648
6.13,1276.51745244692,907.725444709849,-368.792007737071
6.14,1274.45118032563,907.444384349378,-367.006795976252
6.15,1272.33121887678,907.15910770655,-365.17211117023
6.16,1270.1621700427,906.867795493125,-363.294374549575
6.17,1267.94249984263,906.572244785088,-361.370255057542
6.18,1265.67067429578,906.271157674456,-359.399516621324
6.19,1263.35436330607,905.966242490586,-357.388120815484
6.2,1260.98896493115,905.655258412672,-355.333706518478
6.21,1258.57754713259,905.340690284848,-353.236856847742
6.22,1256.12317787198,905.020840852338,-351.102337019642
6.23,1253.62278918772,904.697795605684,-348.924993582036
6.24,1251.0809830222,904.369602152028,-346.711380870172
6.25,1248.4977593754,904.038079745383,-344.459679630017
6.26,1245.87158426654,903.702030324648,-342.169553941892
6.27,1243.21012759955,903.362729582169,-339.847398017381
6.28,1240.5072534513,903.019545204848,-337.487708246452
6.29,1237.77063172571,902.673187138792,-335.097444586918
6.3,1234.99719446121,902.323067444061,-332.674127017149
6.31,1232.19154360017,901.970528369812,-330.221015230358
6.32,1229.35367914258,901.614593721909,-327.739085420671
6.33,1226.48360108845,901.256361702159,-325.227239386291
6.34,1223.58591138013,900.894667536201,-322.691243843929
6.35,1220.65907603685,900.530931122303,-320.128144914547
6.36,1217.70769700096,900.164409222518,-317.543287778442
6.37,1214.73024029167,899.796222223996,-314.934018067674
6.38,1211.73284183214,899.426059517706,-312.306782314434
6.39,1208.70936569922,899.054331539475,-309.655034159745
6.4,1205.66901577763,898.680894075799,-306.988121701831
6.41,1202.6087241058,898.306357236974,-304.302366868826
6.42,1199.53462660687,897.930155276807,-301.604471330063
6.43,1196.44365531928,897.553464048269,-298.890191271011
6.44,1193.34194616618,897.175939666979,-296.166006499201
6.45,1190.22796516677,896.797992571277,-293.429972595494
6.46,1187.10631426342,896.419667131851,-290.686647131569
6.47,1183.97392549456,896.041074277485,-287.932851217075
6.48,1180.84000274491,895.662646634122,-285.177356110788
6.49,1177.69841009132,895.284206714369,-282.414203376951
6.5,1174.55681743773,894.906442283885,-279.650375153845
6.51,1171.41215682257,894.528976182975,-276.883180639595
6.52,1168.27363213055,894.15267366643,-274.12095846412
6.53,1165.13357345775,893.776991181108,-271.356582276642
6.54,1162.00271866968,893.402960378252,-268.599758291428
6.55,1158.87799980475,893.029826939114,-265.848172865636
6.56,1155.76248482456,892.658677981471,-263.103806843089
6.57,1152.65770770988,892.288537327152,-260.369170382728
6.58,1149.56673642229,891.921202047996,-257.645534374294
6.59,1146.488036981,891.555829084537,-254.932207896463
6.6,1143.42927928996,891.193583211374,-252.235696078586
6.61,1140.38586140679,890.833066717974,-249.552794688816
6.62,1137.36545323545,890.47655368278,-246.888899552671
6.63,1134.36652079513,890.121903163548,-244.244617631582
6.64,1131.39366602821,889.771866242804,-241.621799785406
6.65,1128.44688893468,889.424235420101,-239.022653514579
6.66,1125.52772349533,889.081051827465,-236.446671667866
6.67,1122.64077165253,888.741183988847,-233.899587663683
6.68,1119.78449942549,888.406395715936,-231.378103709554
6.69,1116.96504273735,888.074834483253,-228.890208254097
6.7,1114.17933362655,887.74911827281,-226.43021535374
6.71,1111.43657597781,887.427194883951,-224.009381093859
6.72,1108.73063386798,887.111005625336,-221.619628242644
6.73,1106.069177201,886.799219345392,-219.269957855608
6.74,1103.45067199608,886.493954848682,-216.956717147398
6.75,1100.8781862148,886.19304899955,-214.68513721525
6.76,1098.35632179951,885.899164169987,-212.457157629523
6.77,1095.88201078865,885.609560378724,-210.272450409926
6.78,1093.46138910537,885.32803150475,-208.13335760062
6.79,1091.09292276887,885.051227442162,-206.041695326708
6.8,1088.77814575996,884.782309766779,-203.995835993181
6.81,1086.52319400176,884.518494118795,-202.004699882965
6.82,1084.32653351351,884.263263783972,-200.063269729538
6.83,1082.1881642952,884.013024596011,-198.175139699189
6.84,1080.11575625076,883.771437337306,-196.344318913453
6.85,1078.10470743785,883.536039345402,-194.568668092448
6.86,1076.15961979881,883.309570675062,-192.850049123748
6.87,1074.28356129522,883.089557567258,-191.194003727962
6.88,1072.47499794631,882.878651336054,-189.596346610256
6.89,1070.73392975206,882.673745902347,-188.060183849713
6.9,1069.0695605972,882.478912521449,-186.590648075751
6.91,1067.47728853938,882.290845434238,-185.186443105142
6.92,1065.95864755937,882.112872654438,-183.845774904932
6.93,1064.51210367639,881.941222498777,-182.570881177613
6.94,1063.14686077517,881.780276847545,-181.366583927625
6.95,1061.85985089414,881.626252921138,-180.233597973002
6.96,1060.65260801407,881.483177621168,-179.169430392902
6.97,1059.5220641734,881.34649163049,-178.17557254291
6.98,1058.4712873337,881.220654492505,-177.250632841195
6.99,1057.50794739891,881.102094191513,-176.405853207397
7,1056.62897640745,880.994970757999,-175.634005649451
7.01,1055.83437435932,880.8947914262,-174.93958293312
7.02,1055.12260727374,880.806137775596,-174.316469498144
7.03,1054.49981107386,880.725304664936,-173.774506408924
7.04,1053.95984983653,880.655342795316,-173.304507041214
7.05,1053.50579152331,880.592924194339,-172.912867328971
7.06,1053.13917011501,880.542208899566,-172.596961215444
7.07,1052.85845163083,880.498926002849,-172.359525627981
7.08,1052.66517005155,880.467823490462,-172.197346561088
7.09,1052.5577913964,880.443443463204,-172.114347933196
7.1,1052.54398556931,880.431842922545,-172.112142646765
7.11,1052.6084127624,880.426166205343,-172.182246557057
7.12,1052.74340307173,880.43265889676,-172.31074417497
7.13,1052.94895649731,880.44614043048,-172.50281606683
7.14,1053.22353905834,880.471303321239,-172.752235737101
7.15,1053.56868473562,880.503510576949,-173.065174158672
7.16,1053.99052945228,880.546722547973,-173.443806904307
7.17,1054.49674311229,880.597322830746,-173.899420281545
7.18,1055.08579173484,880.659072093051,-174.42671964179
7.19,1055.76841318544,880.728908600699,-175.039504584741
7.2,1056.53540357939,880.80933947152,-175.72606410787
7.21,1057.38676291666,880.896537531522,-176.490225385138
7.22,1058.33016110121,880.995661198933,-177.334499902277
7.23,1059.36099619067,881.101929279705,-178.259066910965
7.24,1060.47313226189,881.218869468324,-179.254262793566
7.25,1061.66656931486,881.342310705285,-180.324258609575
7.26,1062.94437531117,881.476690329833,-181.467684981337
7.27,1064.30655025082,881.617404649091,-182.689145601729
7.28,1065.75769607616,881.769334726761,-183.988361349399
7.29,1067.2840069601,881.927788130239,-185.356218829861
7.3,1068.89008484502,882.095693499769,-186.794391345251
7.31,1070.57286176933,882.269512105705,-188.303349663625
7.32,1072.33847365618,882.453692358111,-189.884781298069
7.33,1074.17464865928,882.643120293189,-191.531528366091
7.34,1076.08598872099,882.842188846067,-193.243799874923
7.35,1078.07402782209,883.046982128265,-195.027045693825
7.36,1080.13109605864,883.260428763195,-196.870667295444
7.37,1082.25565944987,883.478890197335,-198.776769252536
7.38,1084.45231993812,883.705927360115,-200.746392578005
7.39,1086.71187363867,883.937380323789,-202.774493314882
7.4,1089.03278657074,884.176199885894,-204.856586684846
7.41,1091.42119465748,884.420544596039,-207.000650061442
7.42,1093.86636003337,884.672000789373,-209.194359243997
7.43,1096.36828269841,884.927085231436,-211.441197466974
7.44,1098.92849663339,885.188981664585,-213.739514968805
7.45,1101.53779795359,885.453885157913,-216.083912795677
7.46,1104.20385656293,885.725412080035,-218.478444482895
7.47,1106.91286663434,886.000389813004,-220.912476821336
7.48,1109.66943011017,886.280404681149,-223.389025429021
7.49,1112.47047902885,886.563515402729,-225.906963626121
7.5,1115.30987746723,886.850598340933,-228.459279126297
7.51,1118.19069338687,887.140255775714,-231.050437611156
7.52,1121.10372290307,887.433408440586,-233.670314462484
7.53,1124.05510193896,887.729146711576,-236.325955227384
7.54,1127.03102466746,888.027681364201,-239.003343303259
7.55,1130.04069497329,888.327903098318,-241.712791874972
7.56,1133.06877304858,888.629856291025,-244.438916757554
7.57,1136.12446277805,888.933618598731,-247.190844179319
7.58,1139.1939583346,889.237514973186,-249.956443361414
7.59,1142.28339564141,889.542532697946,-252.740862943464
7.6,1145.38203683294,889.847529190402,-255.534507642538
7.61,1148.49448385156,890.153036917734,-258.341446933826
7.62,1151.60999883175,890.458101877728,-261.151896954022
7.63,1154.73318371589,890.762857185791,-263.970326530099
7.64,1157.85483461923,891.066659442892,-266.788175176338
7.65,1160.97801950337,891.369442087467,-269.608577415903
7.66,1164.09046652199,891.670428600911,-272.420037921079
7.67,1167.19984557903,891.969596790914,-275.230248788116
7.68,1170.2938848282,892.265892808333,-278.027992019867
7.69,1173.37718621185,892.559960041983,-280.817226169867
7.7,1176.44054584526,892.850655895476,-283.589889949784
7.71,1179.48703169,893.13900092158,-286.34803076842
7.72,1182.50743986134,893.422554629003,-289.084885232337
7.73,1185.50483832087,893.703080804226,-291.801757516644
7.74,1188.47002318386,893.978416278095,-294.491606905765
7.75,1191.40452843108,894.249870019441,-297.154658411639
7.76,1194.30375212018,894.515267759203,-299.788484360977
7.77,1197.1630923088,894.776606239282,-302.386486069518
7.78,1199.98254899694,895.031067783691,-304.951481213249
7.79,1202.75445228065,895.281137232957,-307.473315047693
7.8,1205.48033614072,895.523053985387,-309.957282155333
7.81,1208.15253067322,895.760179241307,-312.392351431913
7.82,1210.77256985892,895.988985347802,-314.783584511118
7.83,1213.33278379391,896.211868401992,-317.120915391918
7.84,1215.83010451658,896.425988518559,-319.404115998021
7.85,1218.26759998853,896.634030221032,-321.633569767498
7.86,1220.63453234424,896.832598956917,-323.801933387323
7.87,1222.93243556449,897.024168480004,-325.908267084486
7.88,1225.1597756685,897.205521719539,-327.954253948961
7.89,1227.30888275233,897.38014191788,-329.92874083445
7.9,1229.38282477755,897.542948330342,-331.839876447208
7.91,1231.37546582102,897.699077097838,-333.676388723182
7.92,1233.28527190193,897.843525120899,-335.441746781031
7.93,1235.11070903952,897.979897674899,-337.130811364621
7.94,1236.85024325298,898.104223324292,-338.746019928688
7.95,1238.49927259996,898.220673108827,-340.278599491133
7.96,1240.05626309966,898.324643269331,-341.731619830329
7.97,1241.52274873288,898.420604370584,-343.102144362296
7.98,1242.89566153804,898.503797341109,-344.391864196931
7.99,1244.17039957277,898.577894030178,-345.592505542593
8,1245.34849681787,898.63894517223,-346.70955164564
8.01,1246.4207493886,898.691010888137,-347.729738500463
8.02,1247.39482718891,898.729276628363,-348.665550560547
8.03,1248.27073021879,898.758945132168,-349.511785086622
8.04,1249.04078857431,898.774869048684,-350.265919525626
8.05,1249.70653623625,898.781807386905,-350.924728849345
8.06,1250.26490524304,898.774413113318,-351.490492129721
8.07,1250.72049753704,898.758055373304,-351.962442163736
8.08,1251.06564321432,898.727187453627,-352.338455760693
8.09,1251.29727431329,898.687455835045,-352.609818478245
8.1,1251.41539083395,898.633069752988,-352.782321080962
8.11,1251.42306073789,898.567989496508,-352.855071241382
8.12,1251.34329373692,898.490661964477,-352.852631772443
8.13,1251.17302186947,898.404282009882,-352.768739859588
8.14,1250.91224513553,898.304023999162,-352.608221136368
8.15,1250.55789557353,898.195345823084,-352.362549750446
8.16,1250.10997318346,898.072634228367,-352.037338955093
8.17,1249.56541000376,897.941158514377,-351.624251489383
8.18,1248.92574001522,897.795571675403,-351.130168339817
8.19,1248.18636127546,897.641276124817,-350.545085150644
8.2,1247.34267184212,897.473878890864,-349.868792951256
8.21,1246.39927365757,897.297850544342,-349.101423113228
8.22,1245.35156477944,897.10878702905,-348.24277775039
8.23,1244.19954520774,896.911280935209,-347.288264272531
8.24,1242.94474892325,896.700329180317,-346.244419742933
8.25,1241.59177786833,896.48196646899,-345.10981139934
8.26,1240.13909806221,896.251345036749,-343.887753025461
8.27,1238.58670950487,896.01280231369,-342.57390719118
8.28,1236.9361461771,895.762488935995,-341.173657241105
8.29,1235.19201002128,895.504742325309,-339.687267695972
8.3,1233.35583501818,895.236156855585,-338.119678162595
8.31,1231.42915514859,894.960515281169,-336.468639867421
8.32,1229.41350439331,894.674744779881,-334.738759613429
8.33,1227.31195071391,894.381984695701,-332.929966018208
8.34,1225.12909605275,894.079916547756,-331.049179504994
8.35,1222.86494040983,893.771668580766,-329.093271829064
8.36,1220.5256197083,893.455077623898,-327.070542084402
8.37,1218.11266792896,893.132772726651,-324.979895202309
8.38,1215.62608507179,892.802856957846,-322.823228113944
8.39,1213.07354104075,892.467870617823,-320.605670422926
8.4,1210.45656981662,892.125761477333,-318.330808339287
8.41,1207.77670538018,891.779225135172,-315.997480245008
8.42,1205.04161763538,891.426575437565,-313.615042197815
8.43,1202.24823862064,891.070530166003,-311.177708454637
8.44,1199.40730620148,890.709392078102,-308.697914123378
8.45,1196.51882037789,890.345590534385,-306.173229843505
8.46,1193.58738309224,889.977550319328,-303.609832772913
8.47,1190.61452832532,889.607090676442,-301.007437648878
8.48,1187.60945996185,889.233934274096,-298.375525687754
8.49,1184.57064402105,888.858990731268,-295.711653289782
8.5,1181.50728438764,888.481993811018,-293.025290576623
8.51,1178.42091504242,888.104263574065,-290.316651468355
8.52,1175.31613792774,887.725910948162,-287.590226979578
8.53,1172.19602100518,887.347601511078,-284.848419494102
8.54,1169.06670019789,886.969623680821,-282.097076517069
8.55,1165.93124346745,886.592421178312,-279.338822289139
8.56,1162.79425275623,886.216659586048,-276.577593170182
8.57,1159.66033000657,885.842449838956,-273.817880167614
8.58,1156.53407716086,885.470845778051,-271.063231382809
8.59,1153.41856218067,885.101503529317,-268.317058651353
8.6,1150.31992098914,884.735754263063,-265.584166726077
8.61,1147.23968756706,884.372466504161,-262.867221062899
8.62,1144.18553181838,884.01448007789,-260.17105174049
8.63,1141.16052170467,883.660031211726,-257.500490492944
8.64,1138.16772518751,883.311682413995,-254.856042773515
8.65,1135.21327819004,882.967525703106,-252.245752486934
8.66,1132.30024867385,882.630866831093,-249.669381842757
8.67,1129.43630654286,882.2992431652,-247.13706337766
8.68,1126.61838383552,881.975905002991,-244.642478832529
8.69,1123.85875239811,881.657790682264,-242.200961715846
8.7,1121.15434426907,881.349437310832,-239.804906958238
8.71,1118.51589731391,881.047505898526,-237.468391415384
8.72,1115.94187755183,880.755712677018,-235.186164874812
8.73,1113.43995488679,880.470718649484,-232.969236237306
8.74,1111.01473126115,880.197216257997,-230.817515003153
8.75,1108.66620667489,879.930446575495,-228.735760099395
8.76,1106.40205103197,879.67616700235,-226.72588402962
8.77,1104.22379831318,879.42996249419,-224.79383581899
8.78,1102.13451648008,879.19647005556,-222.93804642452
8.79,1100.14034145582,878.971629615176,-221.168711840644
8.8,1098.24127324042,878.761010024752,-219.480263215668
8.81,1096.43884581466,878.558842845826,-217.880002968834
8.82,1094.73919510168,878.370852246318,-216.368342855362
8.83,1093.14845702464,878.192922674647,-214.955534349993
8.84,1091.66509760276,878.029713359929,-213.635384242831
8.85,1090.28758285523,877.876642823616,-212.410940031614
8.86,1089.0251166668,877.738592168627,-211.286524498173
8.87,1087.88076699904,877.610258840943,-210.270508158097
8.88,1086.85146589037,877.498298882318,-209.353167008052
8.89,1085.94334926394,877.396832880611,-208.546516383329
8.9,1085.15334915818,877.311274431313,-207.842074726867
8.91,1084.48299955388,877.23592160501,-207.24707794887
8.92,1083.93230045102,877.176842507358,-206.755457943662
8.93,1083.50892175357,877.128601444399,-206.380320309171
8.94,1083.21593142308,877.096612016314,-206.119319406766
8.95,1083.05486344035,877.075005882811,-205.979857557539
8.96,1083.02264984381,877.072358251699,-205.950291592111
8.97,1083.0993488832,877.077254103546,-206.022094779654
8.98,1083.28802852011,877.098557061477,-206.189471458633
8.99,1083.59022273533,877.130332222345,-206.459890512985
9,1084.00593152884,877.178547843129,-206.827383685711
9.01,1084.52901897751,877.236559047879,-207.292459929631
9.02,1085.15488313897,877.310389551164,-207.844493587806
9.03,1085.88965993637,877.393982427476,-208.495677508894
9.04,1086.74101927364,877.492651408684,-209.248367864956
9.05,1087.71356309316,877.601515466388,-210.112047626772
9.06,1088.79962149099,877.724790085013,-211.074831405977
9.07,1090.00533039026,877.857594241238,-212.147736149022
9.08,1091.32915581021,878.005674283599,-213.323481526611
9.09,1092.76035988531,878.161986007589,-214.598373877721
9.1,1094.30354455792,878.331965135542,-215.971579422378
9.11,1095.95564186647,878.510564260589,-217.445077605881
9.12,1097.71971977254,878.70235381925,-219.01736595329
9.13,1099.58350642982,878.902253134547,-220.681253295273
9.14,1101.54700183832,879.113434885357,-222.433566952963
9.15,1103.61173997881,879.332915019594,-224.278824959216
9.16,1105.76851696658,879.563122964063,-226.205394002517
9.17,1108.01579882083,879.800209404283,-228.215589416547
9.18,1110.35358554157,880.047624330982,-230.305961210588
9.19,1112.77113926327,880.300575519198,-232.470563744072
9.2,1115.26692600516,880.562035945158,-234.704890060002
9.21,1117.84247974802,880.829132503592,-237.013347244428
9.22,1120.48399466476,881.103207475433,-239.380787189327
9.23,1123.19453871696,881.38189804195,-241.81264067501
9.24,1125.96337403909,881.666657411163,-244.296716627927
9.25,1128.79203461195,881.955522118277,-246.836512493673
9.26,1131.67131655081,882.249124479535,-249.422192071275
9.27,1134.59508393252,882.545323541205,-252.049760391315
9.28,1137.56333675708,882.845461572779,-254.717875184301
9.29,1140.56533715897,883.146987177401,-257.418349981569
9.3,1143.6010851382,883.450765618638,-260.150319519562
9.31,1146.66137681003,883.755199500946,-262.906177309084
9.32,1149.74467819368,884.060322105505,-265.684356088176
9.33,1152.84025142364,884.364824452393,-268.475426971247
9.34,1155.94963048068,884.668884028725,-271.280746451955
9.35,1159.06054351851,884.971757597304,-274.088785921206
9.36,1162.17299053713,885.272668638938,-276.900321898192
9.37,1165.27776765181,885.571794636114,-279.705973015696
9.38,1168.37487486255,885.86691696587,-282.507957896681
9.39,1171.45204032305,886.159344597954,-285.292695725096
9.4,1174.5107980141,886.446137851636,-288.064660162464
9.41,1177.54041007017,886.729470953636,-290.810939116534
9.42,1180.54087649127,887.005971583925,-293.534904907345
9.43,1183.50145941189,887.277958177844,-296.223501234046
9.44,1186.42215883203,887.54200293883,-298.880155893199
9.45,1189.29223688616,887.800568512214,-301.491668373946
9.46,1192.11015959351,888.049738990853,-304.060420602657
9.47,1194.86518908855,888.292276533818,-306.572912554732
9.48,1197.5557913905,888.523799305582,-309.031992084918
9.49,1200.17583057621,888.748833282473,-311.426997293737
9.5,1202.71610276095,888.9616099685,-313.75449279245
9.51,1205.17814192551,889.16633364115,-316.01180828436
9.52,1207.54967622358,889.358345106982,-318.191331116598
9.53,1209.83070565516,889.541038844748,-320.289666810412
9.54,1212.0166282779,889.709722364303,-322.306905913597
9.55,1214.10130816864,889.869365392816,-324.231942775824
9.56,1216.08014338501,890.013411759297,-326.066731625713
9.57,1217.95620188859,890.146886662061,-327.809315226529
9.58,1219.7156778523,890.264875720687,-329.450802131613
9.59,1221.35550331455,890.371683080532,-330.983820234018
9.6,1222.87874623692,890.461972804427,-332.416773432493
9.61,1224.28233865783,890.541535551112,-333.740803106718
9.62,1225.55707669257,890.604003698145,-334.953072994425
9.63,1226.70142636033,890.655822420567,-336.045603939763
9.64,1227.71385368033,890.689137580874,-337.024716099456
9.65,1228.60049457573,890.710915746296,-337.889578829434
9.66,1229.35674710416,890.71424570925,-338.64250139491
9.67,1229.97800932325,890.706304818897,-339.271704504353
9.68,1230.45967929065,890.67953845402,-339.78014083663
9.69,1230.80175700635,890.64178956919,-340.15996743716
9.7,1230.99964052798,890.585270587598,-340.414369940382
9.71,1231.05793179792,890.517047929344,-340.540883868576
9.72,1230.98890266247,890.430731787027,-340.558170875443
9.73,1230.80329098714,890.333033592853,-340.470257394287
9.74,1230.49649482956,890.216964509451,-340.279530320109
9.75,1230.06851418974,890.090067963656,-339.978446226084
9.76,1229.51474712531,889.945676838882,-339.569070286428
9.77,1228.82598975155,889.789781489704,-339.036208261846
9.78,1228.0099119724,889.617068197207,-338.392843775193
9.79,1227.06651378785,889.4332277885,-337.63328599935
9.8,1225.9957951979,889.232913279897,-336.762881918003
9.81,1224.79162027941,889.02215937896,-335.76946090045
9.82,1223.4631929171,888.795508186061,-334.667684731039
9.83,1222.0074451494,888.55914970059,-333.44829544881
9.84,1220.42897891866,888.308047582552,-332.120931336108
9.85,1218.73086218648,888.047559826248,-330.683302360232
9.86,1216.91462893362,887.773160394555,-329.141468539065
9.87,1214.98334712167,887.489963218041,-327.493383903629
9.88,1212.94468665457,887.194263167699,-325.750423486871
9.89,1210.79711355153,886.890697155713,-323.906416395817
9.9,1208.5467637357,886.575670996387,-321.971092739314
9.91,1206.20130711103,886.253999079377,-319.947308031654
9.92,1203.76227765829,885.922087230201,-317.840190428089
9.93,1201.23734528143,885.5841729869,-315.65317229453
9.94,1198.62957794202,885.237760398057,-313.391817543963
9.95,1195.94357758243,884.886277200479,-311.057300381951
9.96,1193.18854808739,884.527959589895,-308.660588497495
9.97,1190.36448945689,884.165658460543,-306.198830996347
9.98,1187.48520751803,883.798175756848,-303.687031761182
9.99,1184.54916829002,883.427940836461,-301.121227453559
