0,291.970233262214,291.73660079826,-0.233632463954109
0.01,288.963630917958,291.535866233978,2.57223531601971
0.02,285.92174701558,291.407484643925,5.48573762834457
0.03,282.852251459021,288.30182750055,5.44957604152864
0.04,279.759746190644,285.274520909749,5.51477471910454
0.05,276.654969075963,282.233460868491,5.57849179252821
0.06,273.539454095768,279.191378873187,5.6519247774188
0.07,270.423939115572,276.150026298802,5.72608718322994
0.08,267.311492096952,273.082873305423,5.77138120847064
0.09,264.212850905423,270.008777884142,5.79592697871891
0.1,261.131083502561,266.93836256781,5.80727906524902
0.11,258.075393773092,263.889807861858,5.814414088766
0.12,255.050383659382,260.863690537859,5.81330687847688
0.13,252.065257046156,257.884098046111,5.81884099995492
0.14,249.12461587578,254.937570818164,5.81295494238367
0.15,246.234596071403,252.049306053009,5.81470998160589
0.16,243.405935498542,249.207867705338,5.8019322067957
0.17,240.640168137984,246.44425659141,5.80408845342635
0.18,237.948031855245,243.73125893938,5.78322708413512
0.19,235.331060631112,241.113944767366,5.78288413625381
0.2,232.803060292676,238.562781659127,5.75972136645109
0.21,230.36249685915,236.118842823737,5.75634596458738
0.22,228.018574215261,233.743779568413,5.72520535315221
0.23,225.780496245736,231.494989930173,5.714493684437
0.24,223.646728969787,229.327986655069,5.68125768528191
0.25,221.62801025293,227.292231209934,5.66422095700406
0.26,219.732009999103,225.347515294885,5.6155052957815
0.27,217.955660246731,223.545630734875,5.5899704881443
0.28,216.303562938178,221.836360694383,5.53279775620459
0.29,214.787989919747,220.291710416641,5.50372049689443
0.3,213.410475172226,218.841254731182,5.43077955895578
0.31,212.167950734039,217.557292264988,5.38934153094903
0.32,211.066552528337,216.375789478558,5.30923695022096
0.33,210.107814535908,215.371498100345,5.26368356443655
0.34,209.302474622268,214.475046378077,5.17257175580926
0.35,208.648998806629,213.756262552421,5.10726374579184
0.36,208.148921069778,213.154533779094,5.00561270931607
0.37,207.797639469353,212.73018932721,4.93254985785734
0.38,207.59668798614,212.424229818651,4.82754183251149
0.39,207.550668562503,212.300384446148,4.74971588364517
0.4,207.650377313716,212.298402371844,4.64802505812841
0.41,207.882008412686,212.476369963833,4.5943615511467
0.42,208.245561859415,212.771806110444,4.52624425102877
0.43,208.751775519417,213.24894845106,4.49717293164332
0.44,209.405251335057,213.841209918715,4.43595858365842
0.45,210.196785421606,214.605075516171,4.40829009456496
0.46,211.134047683004,215.481059117245,4.3470114342413
0.47,212.207834234524,216.539610671013,4.33177643648943
0.48,213.421213037741,217.705864238467,4.28465120072553
0.49,214.771116131081,219.039750205803,4.26863407472212
0.5,216.254475552966,220.480233873954,4.22575832098752
0.51,217.875893245761,222.081656761232,4.20576351547135
0.52,219.624631343951,223.785695596464,4.16106425251274
0.53,221.499155866747,225.637499324448,4.13834345770121
0.54,223.494864871786,227.588208526429,4.09334365464261
0.55,225.608690397493,229.67595270507,4.06726230757704
0.56,227.831428559139,231.854791086335,4.02336252719647
0.57,230.160011395149,234.158544452805,3.99853305765629
0.58,232.591370943948,236.546185843345,3.95481489939709
0.59,235.11476934002,239.050105306464,3.935335966444
0.6,237.728672602577,241.622164446855,3.89349184427766
0.61,240.419274904529,244.292988098092,3.87371319356288
0.62,243.188110226662,247.02047290535,3.83236267868824
0.63,246.022906722675,249.834086586223,3.81117986354849
0.64,248.917528469415,252.699479078231,3.78195060881589
0.65,251.865839543731,255.627888051021,3.76204850728999
0.66,254.858636060896,258.596381800659,3.73774573976272
0.67,257.891316078546,261.609343921732,3.71802784318635
0.68,260.951607750378,264.655817806648,3.70421005627014
0.69,264.036443114816,267.722801418795,3.68635830397903
0.7,267.135084306345,270.810093468079,3.67500916173356
0.71,270.242929382601,273.904717883743,3.66178850114153
0.72,273.347706497282,277.001515939046,3.65380944176366
0.73,276.446347688811,280.088392411141,3.64204472232973
0.74,279.526581110885,283.167125916238,3.64054480535304
0.75,282.586872782717,286.213978337157,3.62710555443954
0.76,285.613416877215,289.240370850797,3.62695397358186
0.77,288.60621339438,292.213788906234,3.60757551185418
0.78,291.548388545545,295.154767142575,3.60637859702962
0.79,294.441476311497,298.031539397101,3.59006308560402
0.8,297.268602903571,300.856709345479,3.58810644190766
0.81,300.028234340977,303.598563199161,3.57032885818415
0.82,302.709632758201,306.280728393719,3.57109563551813
0.83,305.306662232091,308.8624213834,3.55575915130896
0.84,307.811652858709,311.371637058498,3.55998419978937
0.85,310.215400753325,313.768809155683,3.55340840235766
0.86,312.517905915942,316.080426667125,3.56252075118255
0.87,314.705362519467,318.259071722938,3.55370920347144
0.88,316.774702602324,320.347290421646,3.57258781932228
0.89,318.721324222151,322.288459906877,3.56713568472634
0.9,320.53602349422,324.130557585462,3.594534091242
0.91,322.214198476167,325.813428187737,3.59922971156954
0.92,323.751247225628,327.389384363828,3.63813713819991
0.93,325.147169742604,328.793580980087,3.64641123748305
0.94,326.392762142367,330.084590307492,3.69182816512495
0.95,327.48649044413,331.192899050481,3.70640860635081
0.96,328.419150763164,332.179132751297,3.75998198813261
0.97,329.193811061046,332.98363016386,3.78981910281391
0.98,329.812005318564,333.663263606358,3.85125828779434
0.99,330.267597612566,334.148124818836,3.88052720627024
1,330.555986000689,334.507631103224,3.95164510253494
1.01,330.675636502144,334.671193579095,3.99555707695055
1.02,330.635753001659,334.705499951861,4.06974695020227
1.03,330.451675307113,334.541466397319,4.08979109020606
1.04,330.128005360869,334.247751185246,4.11974582437671
1.05,329.666277143715,333.756035360603,4.08975821688836
1.06,329.057286770925,333.139730602299,4.08244383137429
1.07,328.297966280921,332.330909086591,4.03294280567025
1.08,327.380645769766,331.410948703458,4.03030293369181
1.09,326.306859218246,330.301257951569,3.99439873332329
1.1,325.090412453452,329.078144806924,3.98773235347187
1.11,323.726703533022,327.673093339747,3.94638980672488
1.12,322.221868380106,326.149697561927,3.92782918182127
1.13,320.572839033129,324.45526065596,3.88242162283058
1.14,318.784217434455,322.656372214708,3.87215478025252
1.15,316.863673488022,320.699279214285,3.83560572626317
1.16,314.817343116982,318.64258623263,3.82524311564811
1.17,312.648294282912,316.434798218359,3.78650393544729
1.18,310.361128928174,314.142080621157,3.78095169298257
1.19,307.966584918285,311.717453022491,3.75086810420635
1.2,305.467730214819,309.209766890174,3.74203667535494
1.21,302.873768702505,306.591030954658,3.71726225215298
1.22,300.193904266068,303.901543555854,3.7076392897863
1.23,297.429670886299,301.113590954461,3.68392006816157
1.24,294.596408371074,298.270902815432,3.67449444435806
1.25,291.695650701182,295.346916223365,3.65126552218311
1.26,288.741203703714,292.380187581002,3.63898387728767
1.27,285.737669321034,289.359843425365,3.62217410433124
1.28,282.698853380233,286.310008201397,3.61115482116423
1.29,279.627823842886,283.22102675192,3.59320290903423
1.3,276.539920516872,280.119310753253,3.5793902363813
1.31,273.438211363767,277.00076284461,3.56255148084284
1.32,270.336502210662,273.879675184768,3.54317297410637
1.33,267.237861019133,270.770732472211,3.53287145307849
1.34,264.159161577847,267.673575060295,3.51441348244754
1.35,261.101937867591,264.60977184488,3.50783397728878
1.36,258.078461734668,261.569211521847,3.49074978717869
1.37,255.099471044594,258.579852308945,3.48038126435125
1.38,252.171101720521,255.632213932229,3.46111221170833
1.39,249.30562560875,252.761451867094,3.45582625834362
1.4,246.509178632435,249.941240842589,3.43206221015419
1.41,243.795566618665,247.215096132375,3.41952951370976
1.42,241.164789567441,244.555916344009,3.3911267765682
1.43,238.636789229006,242.012042214127,3.37525298512054
1.44,236.211565603358,239.555380175907,3.34381457254926
1.45,233.899856556015,237.226102223303,3.32624566728811
1.46,231.71239995249,234.993967238213,3.28156728572256
1.47,229.649195792784,232.905814772073,3.25661897928882
1.48,227.722515923199,230.915062884157,3.19254696095834
1.49,225.941564228464,229.097620604684,3.15605637621962
1.5,224.306340708578,227.386707287695,3.08036657911677
1.51,222.819913325117,225.855817973194,3.03590464807658
1.52,221.494553924383,224.446143407281,2.95158948289827
1.53,220.334864448742,223.225620172395,2.8907557236528
1.54,219.339310917404,222.128586354461,2.78927543705677
1.55,218.512495272734,221.233394609611,2.72089933687718
1.56,217.854417514731,220.473024224936,2.61860671020531
1.57,217.369679585759,219.91556262695,2.54588304119105
1.58,217.059815466606,219.490322256127,2.4305067895213
1.59,216.921757195696,219.274709681026,2.35295248533001
1.6,216.958572734606,219.194844028164,2.23627129355836
1.61,217.154922275455,219.334529559845,2.17960728439007
1.62,217.510805818245,219.605164272799,2.09435845455351
1.63,218.023155401398,220.082210592947,2.05905519154891
1.64,218.695038986492,220.690245407493,1.99520642100123
1.65,219.529524535102,221.506967984259,1.97744344915714
1.66,220.529680008803,222.449854461163,1.92017445236036
1.67,221.687835503657,223.592856630387,1.90502112672957
1.68,223.007058981239,224.856325975189,1.84926699394978
1.69,224.484282479973,226.314541869546,1.83025938957326
1.7,226.113370076707,227.891140968037,1.77777089132968
1.71,227.888185848291,229.645145927203,1.75696007891193
1.72,229.807195813936,231.515728803594,1.70853298965787
1.73,231.862730069703,233.549527356634,1.68679728693073
1.74,234.047118711652,235.686988651329,1.63986993967657
1.75,236.357293778207,237.96947920043,1.61218542222286
1.76,238.780983423067,240.3463294361,1.56534601303341
1.77,241.312051723078,242.851028850052,1.53897712697426
1.78,243.94436275509,245.437732315177,1.49336956008662
1.79,246.662576711223,248.135765083127,1.47318837190352
1.8,249.46515961069,250.896748191582,1.43158858089214
1.81,252.3383056264,253.750342907549,1.41203728114931
1.82,255.272810873625,256.656746612572,1.38393573894703
1.83,258.259471467639,259.625812735406,1.36634126776664
1.84,261.289083523713,262.632819857059,1.34373633334559
1.85,264.350909176333,265.682952044804,1.33204286847081
1.86,267.432676579195,268.753720381455,1.32104380226019
1.87,270.529783789936,271.839784755956,1.31000096601963
1.88,273.626891000677,274.933800440276,1.30690943959894
1.89,276.719396269054,278.014287845218,1.29489157616359
1.9,279.790425806402,281.088122063341,1.29769625693882
1.91,282.83844563193,284.127945275346,1.28949964341564
1.92,285.846581956974,287.139061781974,1.29247982500004
1.93,288.810232839169,290.091069811208,1.28083697203908
1.94,291.714058470637,293.000838536371,1.28678006573369
1.95,294.551922928225,295.824797831048,1.27287490282265
1.96,297.311554365631,298.594235474259,1.28268110862751
1.97,299.985282878916,301.256819661076,1.27153678216018
1.98,302.559302640988,303.845169529659,1.28586688867108
1.99,305.029011709484,306.306162002329,1.27715029284542
2,307.386740180464,308.676357815196,1.28961763473166
2.01,309.61714824605,310.903324437188,1.28617619113805
2.02,311.717167944665,313.029876065001,1.31270812033586
2.03,313.677595391583,314.991409283388,1.31381389180501
2.04,315.489226702076,316.840250419117,1.35102371704056
2.05,317.144391972205,318.505056204072,1.3606642318673
2.06,318.644625182757,320.051335073768,1.40670989101062
2.07,319.976120506642,321.398701137424,1.42258063078162
2.08,321.137343963071,322.612004187873,1.47466022480216
2.09,322.119091667318,323.618368617168,1.4992769498503
2.1,322.92289760017,324.49006320837,1.56716560819979
2.11,323.548761761627,325.143145502342,1.5943837407151
2.12,323.990548228538,325.658012787384,1.6674645588464
2.13,324.245189039327,325.950012080603,1.70482304127614
2.14,324.306548270843,326.100690043937,1.79414177309445
2.15,324.196101654115,326.023063639458,1.82696198534325
2.16,323.924587054659,325.803055722347,1.87846866768791
2.17,323.493538453263,325.35501951567,1.86148106240711
2.18,322.896819926776,324.767364188847,1.87054426207078
2.19,322.134431475197,323.962720081294,1.82828860609743
2.2,321.191033290647,323.02713895608,1.83610566543325
2.21,320.071227315491,321.878983491608,1.80775617611681
2.22,318.791887338394,320.599541490186,1.80765415179224
2.23,317.349945397781,319.117237774032,1.76729237625119
2.24,315.753071397593,317.508866962044,1.75579556445081
2.25,313.998197376251,315.708601365091,1.7104039888398
2.26,312.09145925691,313.794105592853,1.70264633594275
2.27,310.043594905082,311.711271727946,1.66767682286394
2.28,307.859206263133,309.517916262535,1.65870999940165
2.29,305.542895273426,307.170337509524,1.62744223609826
2.3,303.106933782263,304.726208858224,1.61927507596124
2.31,300.560525674373,302.147470857296,1.58694518292316
2.32,297.908272892119,299.488518196964,1.58024530484482
2.33,295.167049224167,296.724035947386,1.5569867232191
2.34,292.339922632094,293.891776134561,1.55185350246751
2.35,289.443766904566,290.973323297139,1.52955639257254
2.36,286.483183983947,288.005812998493,1.52262901454571
2.37,283.476581639691,284.977810221684,1.50122858199268
2.38,280.428561814162,281.918940756575,1.49037894241337
2.39,277.355998296027,278.823280037643,1.46728174161592
2.4,274.266560989225,275.715957079228,1.44939609000261
2.41,271.17252174006,272.59831609577,1.42579435570963
2.42,268.086152394834,269.487320141681,1.40116774684685
2.43,265.016656838275,266.399789937108,1.38313309883284
2.44,261.977840897473,263.336043630447,1.35820273297378
2.45,258.975840495581,260.322305932099,1.34646543651803
2.46,256.030597382841,257.344921005996,1.31432362315525
2.47,253.145179520828,254.450184700695,1.30500517986681
2.48,250.337994678997,251.610832433454,1.27283775445713
2.49,247.613644799712,248.880630808261,1.26698600854925
2.5,244.990537652428,246.2214620088,1.2309243563721
2.51,242.474809160295,243.695018837846,1.22020967755148
2.52,240.078731169618,241.250460856482,1.17172968686418
2.53,237.816109507487,238.960708657709,1.14459915022181
2.54,235.688478154689,236.774958287392,1.08648013270329
2.55,233.711176919105,234.760646705349,1.04946978624375
2.56,231.891875704672,232.865036977344,0.973161272671746
2.57,230.233642472968,231.163689175794,0.930046702826161
2.58,228.741079166355,229.583988621355,0.842909454999699
2.59,227.429525592713,228.213205247217,0.783679654504056
2.6,226.302049713617,226.97906750491,0.677017791293423
2.61,225.358651529067,225.964286074158,0.605634545091135
2.62,224.603932981428,225.091740879446,0.487807898018161
2.63,224.042496013062,224.453287095068,0.410791082005574
2.64,223.672806643181,223.963669300408,0.29086265722745
2.65,223.49946681415,223.709262307383,0.209795493232605
2.66,223.52094254518,223.607121923946,0.0861793787661043
2.67,223.723428009181,223.738437604443,0.0150095952623985
2.68,224.076243590395,224.023452080108,-0.0527915102872498
2.69,224.364631978518,224.53848615915,0.173854180631594
2.7,224.559447538579,225.201921175882,0.642473637302714
2.71,224.689835905549,225.234038841916,0.544202936367384
2.72,224.768068925731,225.252524713779,0.484455788047768
2.73,224.809486407004,225.263509792744,0.454023385739674
2.74,224.826360195671,225.279229369427,0.452869173756426
2.75,224.827894176459,225.295045783929,0.467151607469759
2.76,224.827894176459,225.303672216364,0.47577803990535
2.77,224.827894176459,225.309271727916,0.481377551457342
2.78,224.827894176459,225.313307346122,0.485413169662763
2.79,224.827894176459,225.319935738284,0.49204156182526
2.8,224.827894176459,225.327932622522,0.500038446063428
2.81,224.827894176459,225.3392072996,0.511313123140951
2.82,224.827894176459,225.352520109659,0.524625933200383
2.83,224.829428157247,225.370033378621,0.540605221374051
2.84,224.832496118823,225.389794368227,0.557298249404084
2.85,224.837098061186,225.414214651452,0.577116590265746
2.86,224.844767965126,225.441779151231,0.597011186105419
2.87,224.855505830641,225.475062140527,0.619556309885695
2.88,224.87084563852,225.512432129534,0.641586491013527
2.89,224.890787388762,225.555168584042,0.664381195279844
2.9,224.916865062156,225.602023062909,0.685158000752892
2.91,224.946010697126,225.65525433902,0.709243641893636
2.92,224.97975827446,225.713614650154,0.733856375694415
2.93,225.016573813369,225.779755008939,0.763181195570098
2.94,225.057991294642,225.850549121658,0.79255782701577
2.95,225.104010718278,225.928349032478,0.824338314199764
2.96,225.156166065067,226.012880835972,0.856714770905114
2.97,225.212923354218,226.105519267722,0.892595913503612
2.98,225.26968064337,226.202367823728,0.932687180357817
2.99,225.329505894098,226.307239145566,0.977733251468493
3,225.401602991128,226.423385432347,1.02178244121939
3.01,225.48750591525,226.547968769742,1.06046285449176
3.02,225.587214666462,226.674141402318,1.08692673585639
3.03,225.69766128319,226.809527965501,1.11186668231053
3.04,225.820379746221,226.951791606941,1.13141186071974
3.05,225.955370055555,227.10490809331,1.14953803775461
3.06,226.101098230404,227.266228215918,1.16512998551426
3.07,226.254496309193,227.436956771534,1.18246046234071
3.08,226.412496330345,227.615558874235,1.2030625438897
3.09,226.573564313073,227.807429748098,1.23386543502454
3.1,226.737700257377,228.00750694627,1.26980668889249
3.11,226.906438144044,228.220402802847,1.31396465880329
3.12,227.082845934651,228.437786355145,1.35494042049365
3.13,227.268457609985,228.667598804162,1.39914119417665
3.14,227.466341131622,228.9042951268,1.43795399517771
3.15,227.679564461138,229.150505708318,1.47094124717989
3.16,227.905059636958,229.404989012356,1.4999293753979
3.17,228.144360639868,229.671996779681,1.52763613981276
3.18,228.392865527505,229.947744302987,1.55487877548185
3.19,228.65057429987,230.241916482168,1.59134218229815
3.2,228.925156860902,230.542548247917,1.61739138701532
3.21,229.213545249024,230.859252878494,1.64570762947
3.22,229.517273445025,231.180487566391,1.66321412136622
3.23,229.828671544966,231.519389897768,1.69071835280181
3.24,230.149273529634,231.86623641948,1.716962889846
3.25,230.476011437454,232.232346302107,1.75633486465333
3.26,230.813487210789,232.60531377369,1.79182656290095
3.27,231.166302792002,232.995655771062,1.82935297906042
3.28,231.534458181095,233.393445201555,1.8589870204604
3.29,231.914885416491,233.806093904202,1.891208487711
3.3,232.313720421341,234.226819104922,1.91309868358124
3.31,232.729429214858,234.668598352025,1.9391691371666
3.32,233.15587587389,235.118147701716,1.96227182782587
3.33,233.589992436862,235.583454025442,1.99346158857992
3.34,234.0409827885,236.067299131695,2.02631634319485
3.35,234.508846928805,236.56345412085,2.05460719204532
3.36,234.988982915413,237.068595169097,2.07961225368382
3.37,235.485992690688,237.591086301375,2.10509361068651
3.38,236.002944216206,238.12772506854,2.12478085233445
3.39,236.529099626451,238.679353551341,2.15025392488988
3.4,237.067526882999,239.242210479721,2.17468359672176
3.41,237.621293947425,239.826347829447,2.20505388202238
3.42,238.190400819731,240.422691618705,2.23229079897445
3.43,238.780983423067,241.037428412747,2.25644498967964
3.44,239.386905834282,241.665167758375,2.27826192409313
3.45,240.0051000918,242.309802307415,2.30470221561501
3.46,240.641702118772,242.969944035591,2.32824191681854
3.47,241.293643953623,243.64888761823,2.35524366460712
3.48,241.965527538717,244.338036389538,2.37250885082099
3.49,242.654284912478,245.047368533958,2.39308362148029
3.5,243.35684811333,245.769835773632,2.41298766030187
3.51,244.07475112206,246.515743344117,2.44099222205728
3.52,244.811061900245,247.275604809922,2.46454290967705
3.53,245.568848409461,248.055438387086,2.48658997762467
3.54,246.340440745767,248.852065568298,2.51162482253065
3.55,247.12890687074,249.666040910087,2.53713403934739
3.56,247.938848726744,250.495684842816,2.55683611607239
3.57,248.76873233299,251.342030609228,2.57329827623826
3.58,249.613955747115,252.205995546124,2.59203979900906
3.59,250.476052949907,253.091002450055,2.6149495001477
3.6,251.358091902941,253.992045540678,2.63395363773677
3.61,252.261606587006,254.915388424347,2.65378183734143
3.62,253.180461078949,255.855435307787,2.67497422883812
3.63,254.122325282711,256.816221312367,2.69389602965632
3.64,255.085665217503,257.790918253114,2.70525303561055
3.65,256.064344960174,258.785682995394,2.72133803522001
3.66,257.0614324723,259.799188885771,2.73775641347129
3.67,258.079995715456,260.836708362183,2.75671264672673
3.68,259.116966728067,261.886393062302,2.76942633423511
3.69,260.175413471708,262.961142304535,2.78572883282703
3.7,261.255335946379,264.051658839749,2.79632289336985
3.71,262.355200171293,265.165900068817,2.81069989752416
3.72,263.473472165662,266.294894812434,2.82142264677225
3.73,264.613219891061,267.450528661409,2.83730877034787
3.74,265.769841405127,268.620319175157,2.85047777003041
3.75,266.949472631011,269.813545450095,2.86407281908356
3.76,268.152113568713,271.027216272306,2.87510270359326
3.77,269.37316227587,272.261861689859,2.88869941398889
3.78,270.617220694845,273.512663429771,2.89544273492612
3.79,271.881220864063,274.792104976898,2.91088411283545
3.8,273.166696764311,276.089145138897,2.92244837458583
3.81,274.478250337954,277.41144308312,2.93319274516574
3.82,275.806677700263,278.750464193454,2.94378649319151
3.83,277.156580793602,280.110186202675,2.95360540907251
3.84,278.527959617972,281.491788557083,2.96382893911084
3.85,279.92234815416,282.896984991928,2.9746368377684
3.86,281.341280382954,284.319642421969,2.97836203901477
3.87,282.780154361991,285.769024088451,2.9888697264596
3.88,284.240504072058,287.236005503134,2.9955014310757
3.89,285.722329513155,288.727082030357,3.00475251720155
3.9,287.230232627647,290.23697983413,3.00674720648294
3.91,288.758077492381,291.772227554774,3.01415006239341
3.92,290.307398088145,293.322490302273,3.01509221412749
3.93,291.879728395728,294.904202438452,3.02447404272442
3.94,293.479670357493,296.500712842819,3.02104248532623
3.95,295.098020088712,298.122689988057,3.02466989934453
3.96,296.737845550962,299.765466797733,3.02762124677116
3.97,298.402214705818,301.436227527523,3.03401282170501
3.98,300.09112755328,303.122339366656,3.03121181337633
3.99,301.799982150985,304.834991811931,3.03500966094629
4,303.53031247972,306.564222227544,3.0339097478236
4.01,305.286720481849,308.321006998871,3.03428651702245
4.02,307.064604215008,310.099618797884,3.03501458287587
4.03,308.865497659986,311.89947726999,3.03397961000451
4.04,310.687866835994,313.721230952266,3.03336411627214
4.05,312.537847666184,315.57197437319,3.03412670700601
4.06,314.407770246617,317.438141376383,3.03037112976637
4.07,316.29916855808,319.331398971773,3.0322304136925
4.08,318.216644542937,321.241226917998,3.02458237506085
4.09,320.157130239612,323.183424641454,3.02629440184245
4.1,322.11755768653,325.139123385104,3.02156569857357
4.11,324.100994845266,327.123932060761,3.02293721549546
4.12,326.108975696608,329.12348179024,3.01450609363172
4.13,328.138432278981,331.153012527393,3.01458024841156
4.14,330.19243255396,333.198609485635,3.0061769316751
4.15,332.269442540757,335.271929384269,3.00248684351192
4.16,334.366394277797,337.359906801836,2.9935125240392
4.17,336.487889707443,339.478246610615,2.99035690317174
4.18,338.633928829695,341.614190022086,2.98026119239074
4.19,340.798375721401,343.772662339103,2.97428661770175
4.2,342.987366305714,345.952357226851,2.96499092113692
4.21,345.199366601845,348.157792474937,2.95842587309193
4.22,347.431308648219,350.381127026974,2.94981837875486
4.23,349.687794387199,352.630439764703,2.94264537750365
4.24,351.965755857209,354.893765432624,2.92800957541505
4.25,354.265193058249,357.181991098603,2.91679804035448
4.26,356.589173951896,359.491720637398,2.9025466855025
4.27,358.933096595785,361.827806881084,2.89471028529891
4.28,361.296960989917,364.178230387256,2.88126939733877
4.29,363.685369076655,366.554084657067,2.86871558041173
4.3,366.092184932848,368.94835514946,2.85617021661238
4.31,368.523544481646,371.366833416148,2.84328893450231
4.32,370.974845780688,373.802797756352,2.82795197566423
4.33,373.446088829971,376.265378130993,2.81928930102157
4.34,375.941875571861,378.742265475385,2.80038990352426
4.35,378.454536102418,381.245494728615,2.79095862619658
4.36,380.988672364005,383.76175329813,2.77308093412523
4.37,383.542750375835,386.302772316584,2.76002194074914
4.38,386.115236157119,388.85801605488,2.74277989776118
4.39,388.712265631009,391.440744289545,2.72847865853589
4.4,391.324634912779,394.037778117629,2.71314320485004
4.41,393.960013906366,396.656287387405,2.69627348103944
4.42,396.61226668862,399.292505258966,2.68023857034643
4.43,399.282927240329,401.946753595796,2.66382635546717
4.44,401.973529542281,404.617949859572,2.64442031729078
4.45,404.679471652111,407.311116185799,2.6316445336879
4.46,407.406889492972,410.019702895108,2.61281340213611
4.47,410.149647141711,412.745454607702,2.59580746599073
4.48,412.912346540693,415.483941632208,2.57159509151501
4.49,415.690385747554,418.245251894218,2.55486614666432
4.5,418.48683272387,421.020985282189,2.53415255831891
4.51,421.298619508064,423.818069085948,2.51944957788356
4.52,424.125746100137,426.625599768481,2.49985366834449
4.53,426.971280461665,429.451573243357,2.48029278169213
4.54,429.829086669496,432.293017408857,2.46393073936093
4.55,432.705300646782,435.148222815687,2.44292216890466
4.56,435.595320451158,438.014095656549,2.41877520539128
4.57,438.502214044202,440.897220524175,2.39500647997278
4.58,441.41984550276,443.798017903943,2.37817240118289
4.59,444.354350749985,446.709117613055,2.3547668630697
4.6,447.301127843514,449.629808032921,2.32868018940655
4.61,450.261710764133,452.570143749192,2.30843298505937
4.62,453.234565531055,455.523390506973,2.28882497591781
4.63,456.219692144281,458.489581466876,2.26988932259491
4.64,459.217090603809,461.462963643238,2.24587303942894
4.65,462.225226928853,464.452027715789,2.22680078693571
4.66,465.2456351002,467.447526407211,2.20189130701078
4.67,468.273713175486,470.462000291923,2.18828711643732
4.68,471.315597077863,473.475708110457,2.16011103259382
4.69,474.363616903392,476.508602470787,2.14498556739517
4.7,477.423908575224,479.542764307111,2.11885573188675
4.71,480.490336170207,482.589218502427,2.09888233222023
4.72,483.567501630706,485.63833439246,2.07083276175359
4.73,486.649269033568,488.699282311141,2.05001327757293
4.74,489.741774301946,491.760791273535,2.01901697158883
4.75,492.838881512687,494.834913537121,1.99603202443387
4.76,495.943658627367,497.915014822048,1.97135619468133
4.77,499.051503703624,500.999845506085,1.94834180246096
4.78,502.168552664607,504.088767537697,1.92021487308978
4.79,505.287135606379,507.181788781616,1.89465317523667
4.8,508.411854471302,510.279078755299,1.86722428399725
4.81,511.536573336225,513.381985552535,1.84541221630985
4.82,514.667428124299,516.486161906086,1.81873378178716
4.83,517.796748931586,519.595704407357,1.79895547577121
4.84,520.930671681236,522.703431681767,1.77276000053087
4.85,524.063060450099,525.815911030011,1.75285057991164
4.86,527.198517180537,528.924709274239,1.72619209370214
4.87,530.3309059494,532.037833775424,1.70692782602373
4.88,533.466362679838,535.145289822578,1.67892714273978
4.89,536.595683487125,538.25574756104,1.66006407391467
4.9,539.726538275199,541.359811361989,1.63327308679015
4.91,542.85279112091,544.464476689279,1.61168556836947
4.92,545.977509985833,547.562518361813,1.58500837598046
4.93,549.094558946817,550.659057144532,1.56449819771456
4.94,552.210073927013,553.748439683468,1.53836575645528
4.95,555.317919003269,556.834223201283,1.51630419801359
4.96,558.422696117949,559.91211521188,1.48941909393125
4.97,561.516735367115,562.98509834249,1.46836297537504
4.98,564.606172673916,566.049752933061,1.44358025914448
4.99,567.684872115203,569.108090273881,1.42321815867751
5,570.757435633338,572.161096562067,1.40366092872898
5.01,573.81772730517,575.20294049564,1.38521319047038
5.02,576.87188305385,578.235394440208,1.36351138635803
5.03,579.910698994652,581.252829170635,1.34213017598302
5.04,582.941845031513,584.260347161434,1.31850212992106
5.05,585.956117279709,587.253539988203,1.29742270849385
5.06,588.961185643177,590.232450844261,1.27126520108402
5.07,591.949380217978,593.197257785581,1.24787756760281
5.08,594.923768965688,596.151716170208,1.22794720452009
5.09,597.88281790552,599.088475612519,1.20565770699943
5.1,600.824993056684,602.010146413532,1.18515335684833
5.11,603.75182839997,604.914050768556,1.16222236858607
5.12,606.658721993013,607.802921711085,1.14419971807206
5.13,609.547207816602,610.669036537952,1.12182872135008
5.14,612.415751889948,613.521855351397,1.10610346144927
5.15,615.26588819384,616.348608072946,1.08271987910598
5.16,618.091480805125,619.15966452858,1.06818372345504
5.17,620.900199627744,621.939620562313,1.03942093456919
5.18,623.68130679618,624.704591930432,1.02328513425175
5.19,626.442472214374,627.442455581141,0.999983366766628
5.2,629.177559959175,630.162336345763,0.984776386587782
5.21,631.886570030581,632.850930059222,0.964360028641522
5.22,634.571036409381,635.51948623153,0.948449822148518
5.23,637.227891133998,638.155623036212,0.927731902213964
5.24,639.858668185222,640.766922135222,0.90825395000013
5.25,642.457231639901,643.348031402788,0.890799762887355
5.26,645.029717421185,645.905710260198,0.87599283901352
5.27,647.571523586711,648.424992833328,0.853469246616783
5.28,650.079582174904,650.92216848068,0.842586305775967
5.29,652.560029108915,653.379192038466,0.819162929551339
5.3,655.003660504017,655.812213364712,0.808552860694817
5.31,657.416612283361,658.206254803021,0.789642519659651
5.32,659.794282504584,660.572374796947,0.778092292363112
5.33,662.135137186898,662.897999419944,0.762862233046349
5.34,664.443778272665,665.195948617225,0.752170344560454
5.35,666.712535857948,667.451682552835,0.739146694887268
5.36,668.942943923534,669.672361310863,0.729417387329363
5.37,671.139604411786,671.848610490403,0.709006078617222
5.38,673.293313437978,673.993674453024,0.700361015045587
5.39,675.407138963684,676.094373468693,0.68723450500886
5.4,677.482614969693,678.163849818371,0.681234848677718
5.41,679.513605532854,680.183068948143,0.66946341528876
5.42,681.503178614742,682.168327301882,0.665148687140345
5.43,683.451334215356,684.104978855545,0.653644640188986
5.44,685.355004373123,686.006774493626,0.651770120503443
5.45,687.211121126464,687.855736660783,0.644615534318859
5.46,689.024286417745,689.668499294977,0.644212877231666
5.47,690.791432285389,691.425311858952,0.633879573562695
5.48,692.511024748609,693.145502183622,0.634477435012627
5.49,694.181529826616,694.80686633919,0.62533651257354
5.5,695.806015480987,696.433015664775,0.627000183788255
5.51,697.379879769358,698.001557763332,0.621677993973776
5.52,698.904656672516,699.529615663889,0.624958991373433
5.53,700.378812209674,700.998449111544,0.619636901869853
5.54,701.80388036162,702.428206970856,0.624326609236277
5.55,703.17525918599,703.798812628063,0.623553442072875
5.56,704.494482663572,705.124746724205,0.630264060632726
5.57,705.758482832789,706.389606271306,0.631123438516966
5.58,706.968793674431,707.613466351047,0.644672676616096
5.59,708.126949169285,708.770538341417,0.643589172131669
5.6,709.228347374987,709.885912910637,0.65756553564961
5.61,710.276056253113,710.934429511813,0.658373258699612
5.62,711.265473861299,711.940300394704,0.674826533404712
5.63,712.195066218758,712.878428215263,0.683361996505027
5.64,713.07096924864,713.771099902383,0.700130653742576
5.65,713.890114989371,714.595097724364,0.704982734992768
5.66,714.650969460163,715.370663153864,0.719693693701515
5.67,715.350464699438,716.08066389395,0.730199194512238
5.68,715.991668668775,716.743379177033,0.75171050825827
5.69,716.576115348959,717.335084821106,0.758969472146873
5.7,717.099202797628,717.8797599389,0.780557141272084
5.71,717.557863053206,718.356702209425,0.798839156218946
5.72,717.950562134905,718.785922723801,0.835360588896151
5.73,718.281901985088,719.143300265454,0.861398280366188
5.74,718.554950565332,719.450942098304,0.895991532972516
5.75,718.771241856423,719.685335190306,0.914093333882761
5.76,718.927707896788,719.870006421466,0.942298524678449
5.77,719.022814705637,719.980350167662,0.957535462024907
5.78,719.058096263758,720.044068816969,0.985972553211354
5.79,719.036620532728,720.032134707172,0.99551417444377
5.8,718.973727320424,719.970979427439,0.99725210701547
5.81,718.861746722909,719.836595943977,0.974849221067643
5.82,718.700678740181,719.656002327657,0.955323587476414
5.83,718.488989391452,719.404059875281,0.915070483828913
5.84,718.22207673436,719.104432264476,0.882355530115888
5.85,717.895338826541,718.730188867213,0.83485004067154
5.86,717.508775667994,718.30875806664,0.799982398646193
5.87,717.057785316355,717.815984858512,0.758199542157058
5.88,716.542367771626,717.271847217578,0.729479445951597
5.89,715.970192937744,716.652356836592,0.682163898847875
5.9,715.342794795499,715.981963804806,0.639169009306897
5.91,714.66017334489,715.232964670539,0.572791325648609
5.92,713.919260624341,714.437210240512,0.517949616171222
5.93,713.118522653065,713.56900201203,0.450479358965254
5.94,712.257959431061,712.64917047468,0.391211043619023
5.95,711.331435035178,711.653813732257,0.322378697078875
5.96,710.337415484628,710.611978738694,0.274563254065583
5.97,709.277434760199,709.496392332393,0.218957572193631
5.98,708.157628785043,708.338031907482,0.180403122439316
5.99,706.979531539946,707.102088416707,0.122556876760768
6,705.740075063335,705.819313838024,0.0792387746888608
6.01,704.43772537442,704.462422532731,0.0246971583109143
6.02,703.070948492414,703.059816552511,-0.01113193990318
6.03,701.64434635968,701.582766327714,-0.0615800319656046
6.04,700.159452957007,700.065006917332,-0.0944460396750628
6.05,698.616268284394,698.473152813137,-0.143115471256579
6.06,697.00865641869,696.836088143817,-0.172568274872901
6.07,695.344287263834,695.134369590005,-0.209917673828954
6.08,693.624694800614,693.385288553344,-0.239406247269926
6.09,691.848345048242,691.567299036349,-0.281046011892954
6.1,690.012170045143,689.704933578722,-0.307236466420932
6.11,688.122305714468,687.781781079442,-0.340524635025645
6.12,686.180286037005,685.815518024004,-0.364768013000912
6.13,684.183043051178,683.77771070748,-0.405332343697751
6.14,682.132110737775,681.705308841765,-0.42680189600992
6.15,680.030557058372,679.572366010735,-0.45819104763666
6.16,677.87684803218,677.398451627638,-0.478396404542309
6.17,675.6709836592,675.165550857636,-0.505432801564211
6.18,673.419099862584,672.895635675298,-0.52346418728564
6.19,671.116594699968,670.566587924343,-0.550006775624979
6.2,668.766536132927,668.196359688149,-0.570176444778326
6.21,666.371992123038,665.773012591718,-0.598979531319742
6.22,663.931428689512,663.312932790842,-0.618495898670403
6.23,661.446379813137,660.807454093262,-0.638925719875147
6.24,658.918379474701,658.267247844925,-0.651131629776387
6.25,656.347427674205,655.675545281651,-0.671882392553925
6.26,653.738126354012,653.051134710906,-0.686991643106467
6.27,651.088941533333,650.384041758477,-0.704899774855903
6.28,648.401407192957,647.687908043506,-0.713499149451422
6.29,645.67859129446,644.946063270028,-0.732528024432213
6.3,642.920493837842,642.175773810106,-0.74472002773598
6.31,640.12864880389,639.369316396171,-0.759332407718603
6.32,637.303056192605,636.533543205423,-0.76951298718177
6.33,634.449851927138,633.660734970329,-0.789116956808584
6.34,631.564434065125,630.770229569205,-0.794204495920326
6.35,628.652938529718,627.848411428763,-0.804527100955397
6.36,625.713831340129,624.905000718751,-0.808830621378092
6.37,622.750180457934,621.932510868624,-0.817669589309958
6.38,619.76351986392,618.940230687182,-0.823289176737717
6.39,616.755383538877,615.920295263887,-0.835088274990426
6.4,613.72730546359,612.889066465874,-0.838238997715962
6.41,610.68081961885,609.831417814238,-0.849401804611603
6.42,607.61899396623,606.765190287511,-0.853803678718805
6.43,604.540294524943,603.678589854217,-0.861704670726454
6.44,601.450857218142,600.583269653302,-0.86758756483971
6.45,598.346080103461,597.473593437315,-0.872486666145505
6.46,595.235167065629,594.359511884747,-0.875655180882177
6.47,592.11505014307,591.229498457701,-0.885551685368682
6.48,588.991865258934,588.100013400234,-0.891851858699965
6.49,585.86101047086,584.962818124803,-0.898192346057044
6.5,582.731689663573,581.8276407249,-0.904048938673441
6.51,579.597766913923,578.689979584995,-0.907787328927725
6.52,576.468446106636,575.556263031661,-0.91218307497536
6.53,573.339125299349,572.42418094915,-0.914944350198994
6.54,570.217474396002,569.298743851424,-0.918730544578125
6.55,567.100425435018,566.180058245166,-0.920367189851504
6.56,563.99411433955,563.07010867941,-0.924005660140097
6.57,560.895473148021,559.972412317624,-0.923060830397048
6.58,557.812171764371,556.88552592324,-0.926645841130949
6.59,554.741142227024,553.814037007596,-0.927105219427744
6.6,551.688520459131,550.753282351359,-0.935238107772307
6.61,548.651238499118,547.716366415234,-0.934872083883874
6.62,545.638500231711,544.698157255834,-0.940342975876547
6.63,542.64263575297,541.706245969342,-0.936389783628215
6.64,539.674382928411,538.731378884091,-0.943004044319764
6.65,536.730673796459,535.792590537658,-0.93808325880093
6.66,533.816110299476,532.871271954919,-0.944838344557411
6.67,530.930692437463,529.990228960944,-0.940463476518516
6.68,528.077488171996,527.133562939299,-0.94392523269687
6.69,525.256497503074,524.316948819257,-0.939548683817065
6.7,522.473856353849,521.527906666897,-0.945949686951508
6.71,519.728030743534,518.785199801166,-0.942830942367891
6.72,517.020554652916,516.073511895344,-0.947042757571808
6.73,514.359097985934,513.413801751387,-0.945296234547413
6.74,511.737524819438,510.786675097007,-0.950849722431315
6.75,509.163505057366,508.214860236219,-0.94864482114707
6.76,506.63550471893,505.67781816867,-0.957686550260178
6.77,504.156591765707,503.200329367488,-0.956262398218996
6.78,501.73136814006,500.765699261978,-0.965668878081772
6.79,499.356765880413,498.389452703873,-0.967313176539506
6.8,497.038920909918,496.057447522554,-0.981473387364417
6.81,494.779367209362,493.795005017857,-0.984362191505397
6.82,492.57503681717,491.577299689549,-0.997737127620894
6.83,490.43513361807,489.430394339725,-1.00473927834463
6.84,488.356589650485,487.33331839081,-1.02327125967469
6.85,486.337870933627,485.308487077348,-1.02938385627931
6.86,484.389715333013,483.336301743233,-1.05341358978006
6.87,482.509054887065,481.439514903454,-1.06953998361092
6.88,480.69128765342,479.595557575069,-1.09573007835115
6.89,478.945617516806,477.833193005081,-1.11242451172529
6.9,477.275112438799,476.133359929112,-1.14175250968731
6.91,475.676704457822,474.513146214331,-1.16355824349097
6.92,474.1473256123,472.94780583478,-1.1995197775197
6.93,472.697713767748,471.475000399823,-1.222713367925
6.94,471.326334943378,470.063154545949,-1.26318039742881
6.95,470.034723119979,468.739601940818,-1.29512117916136
6.96,468.816742374398,467.474942370048,-1.34180000434992
6.97,467.676994648999,466.310620310503,-1.3663743384958
6.98,466.624683828509,465.212475371737,-1.41220845677236
6.99,465.658275932141,464.209713029289,-1.44856290285179
7,464.771635036743,463.267488252112,-1.50414678463125
7.01,463.970897065467,462.422126111681,-1.54877095378612
7.02,463.252994056736,461.644890288786,-1.60810376795018
7.03,462.617926010552,460.968996348603,-1.64892966194918
7.04,462.067226907701,460.361968809679,-1.70525809802211
7.05,461.603964709759,459.853412959549,-1.75055175020992
7.06,461.235809320667,459.412742863846,-1.82306645682144
7.07,460.958158798059,459.081124521627,-1.8770342764318
7.08,460.772547122725,458.812485151966,-1.96006197075889
7.09,460.674372352301,458.650519767574,-2.02385258472708
7.1,460.666702448361,458.557337430098,-2.1093650182633
7.11,460.735731583816,458.570139319196,-2.16559226462039
7.12,460.866119950786,458.653212487714,-2.21290746307244
7.13,461.062469491636,458.842878148443,-2.21959134319297
7.14,461.341653995031,459.097405387427,-2.24424860760405
7.15,461.70520744176,459.457696340621,-2.24751110113925
7.16,462.15466381261,459.87649438218,-2.27816943042995
7.17,462.679285242067,460.401577365404,-2.27770787666327
7.18,463.27907173013,460.994021595711,-2.28505013441878
7.19,463.960159199952,461.694081002687,-2.26607819726456
7.2,464.725615613107,462.466180148908,-2.25943546419859
7.21,465.576974950383,463.3358956751,-2.24107927528325
7.22,466.509635269418,464.275542786496,-2.23409248292234
7.23,467.528198512574,465.312767359007,-2.21543115356752
7.24,468.638800603003,466.418305789027,-2.22049481397596
7.25,469.832237655978,467.620914715038,-2.21132294093974
7.26,471.105441709923,468.886580402366,-2.2188613075574
7.27,472.463014707202,470.257599164192,-2.20541554301013
7.28,473.901888686238,471.687512768444,-2.21437591779437
7.29,475.426665589397,473.215577319995,-2.21108826940235
7.3,477.029675512737,474.803387754045,-2.22628775869174
7.31,478.709384475472,476.484263841262,-2.22512063420999
7.32,480.467326458389,478.230615337458,-2.23671112093064
7.33,482.306569423064,480.064808184769,-2.24176123829545
7.34,484.216375503982,481.957125918741,-2.25924958524052
7.35,486.196744701142,483.93262275727,-2.2641219438724
7.36,488.253812937697,485.966841275017,-2.28697166268046
7.37,490.37684234813,488.087184382701,-2.2896579654286
7.38,492.565832932443,490.258147876807,-2.30768505563555
7.39,494.825386632999,492.512082161579,-2.31330447141966
7.4,497.14629956507,494.813960407988,-2.33233915708246
7.41,499.528571728656,497.184407873638,-2.344163855018
7.42,501.973737104546,499.603370945653,-2.37036615889321
7.43,504.472591808011,502.091975431866,-2.38061637614538
7.44,507.029737781417,504.625462644828,-2.40427513658858
7.45,509.63903910161,507.22339696108,-2.41564214053039
7.46,512.298961787804,509.855794539543,-2.44316724826086
7.47,515.009505839998,512.553684550526,-2.45582128947194
7.48,517.763001354253,515.286254403873,-2.47674695038029
7.49,520.564050272932,518.071766642022,-2.49228363091049
7.5,523.403448711308,520.88802078132,-2.51542792998782
7.51,526.284264630957,523.748197195463,-2.53606743549358
7.52,529.197294147152,526.642341656299,-2.55495249085277
7.53,532.145605221468,529.570719400325,-2.57488582114308
7.54,535.123061930754,532.525429107323,-2.59763282343067
7.55,538.128130294222,535.512838065357,-2.61529222886554
7.56,541.159276331084,538.524610670621,-2.63466566046338
7.57,544.210364118189,541.562217451129,-2.64814666705956
7.58,547.282927636324,544.615682676448,-2.66724495987603
7.59,550.367763000762,547.687138675292,-2.68062432546958
7.6,553.467938173079,550.767050772664,-2.70088740041501
7.61,556.575783249335,553.862778587011,-2.71300466232367
7.62,559.691298229531,556.963280097839,-2.72801813169201
7.63,562.809881171302,560.072246995368,-2.73763417593432
7.64,565.93153207465,563.177246222814,-2.75428585183556
7.65,569.048581035633,566.282746352818,-2.76583468281456
7.66,572.162562035041,569.379700724473,-2.78286131056757
7.67,575.267339149722,572.470140657347,-2.79719849237495
7.68,578.362912379675,575.548426681833,-2.81448569784175
7.69,581.441611820961,578.613318362421,-2.8282934585402
7.7,584.506505435157,581.66220717973,-2.84429825542736
7.71,587.549923318322,584.688581212463,-2.86134210585931
7.72,590.571865470457,587.697282723751,-2.8745827467061
7.73,593.566195968409,590.671132852374,-2.89506311603532
7.74,596.53291481218,593.623400455185,-2.90951435699515
7.75,599.465886078618,596.536140340971,-2.92974573764752
7.76,602.365109767721,599.417478682297,-2.94763108542429
7.77,605.22444995634,602.251879331547,-2.97257062479264
7.78,608.043906644474,605.055334270475,-2.98857237399898
7.79,610.815809928184,607.804005376027,-3.01180455215649
7.8,613.543227769044,610.516358710868,-3.02686905817575
7.81,616.216956282329,613.165860290432,-3.05109599189723
7.82,618.836995468037,615.77440850606,-3.06258696197733
7.83,621.401811345382,618.312410464119,-3.08940088126326
7.84,623.903734010424,620.802514155395,-3.10121985502951
7.85,626.34429744395,623.218170968932,-3.1261264750184
7.86,628.718899703597,625.584651497053,-3.13424820654393
7.87,631.021404866213,627.866106008429,-3.15529885778346
7.88,633.254880893375,630.095735882425,-3.15914501094983
7.89,635.41319186193,632.235131647409,-3.17806021452077
7.9,637.493269810303,634.317624480895,-3.17564532940764
7.91,639.498182700069,636.30485153041,-3.19333116965913
7.92,641.42026062729,638.229779773008,-3.19048085428233
7.93,643.254901649601,640.056834537993,-3.19806711160845
7.94,645.006707709367,641.817509066188,-3.18919864317911
7.95,646.671076864222,643.471716318132,-3.19936054608968
7.96,648.243407171805,645.050754119067,-3.19265305273836
7.97,649.722164651327,646.519730479079,-3.20243417224845
7.98,651.110417264363,647.922530085957,-3.18788717840573
7.99,652.403563068551,649.211801769982,-3.19176129856919
8,653.600068083102,650.425012501037,-3.17505558206506
8.01,654.693796384864,651.516740010991,-3.17705637387246
8.02,655.683213993051,652.527524208718,-3.15568978433328
8.03,656.574456830812,653.418869050495,-3.15558778031721
8.04,657.364456936573,654.23559892358,-3.12885801299342
8.05,658.04861236797,654.924215660554,-3.12439670741594
8.06,658.626923125003,655.535792554348,-3.09113057065542
8.07,659.099389207672,656.016836251806,-3.08255295586639
8.08,659.464476635189,656.4197763358,-3.04470029938875
8.09,659.720651426766,656.6935714249,-3.0270800018659
8.1,659.869447563191,656.884370367994,-2.9850771951966
8.11,659.910865044463,656.946436659981,-2.96442838448172
8.12,659.858709697675,656.924251290512,-2.93445840716254
8.13,659.716049484402,656.769838349023,-2.94621113537869
8.14,659.485952366219,656.530266721537,-2.95568564468203
8.15,659.160748439187,656.168898476506,-2.99184996268059
8.16,658.741971684095,655.724686988907,-3.01728469518775
8.17,658.226554139365,655.153739575679,-3.07281456368628
8.18,657.611427843423,654.498714639895,-3.11271320352807
8.19,656.893524834692,653.719751535242,-3.17377329944998
8.2,656.075913074749,652.855123317687,-3.22078975706233
8.21,655.152456640442,651.865555069801,-3.28690157064079
8.22,654.123155531771,650.794831267334,-3.3283242644369
8.23,652.983407806372,649.608375355251,-3.375032451121
8.24,651.74395132976,648.34127663284,-3.40267469692003
8.25,650.406320082724,646.955994738117,-3.45032534460688
8.26,648.970514065263,645.491631206239,-3.47888285902434
8.27,647.434999296589,643.906378356236,-3.52862094035299
8.28,645.799775776703,642.252277065999,-3.54749871070419
8.29,644.072513409544,640.485515152213,-3.58699825733083
8.3,642.256280156688,638.645717613845,-3.61056254284267
8.31,640.344940094982,636.698698502062,-3.64624159292032
8.32,638.346163128367,634.685802662021,-3.66036046634576
8.33,636.264551199206,632.578551827547,-3.68599937165936
8.34,634.1001043075,630.39950161235,-3.70060269514988
8.35,631.852822453247,628.123217032107,-3.72960542113958
8.36,629.533443501964,625.789261485294,-3.74418201666958
8.37,627.137365511287,623.367235369012,-3.77013014227521
8.38,624.670724404367,620.891105978131,-3.77961842623552
8.39,622.138122123567,618.336120203007,-3.8020019205602
8.4,619.538024688101,615.724506674877,-3.81351801322432
8.41,616.879635982695,613.046476141542,-3.83315984115313
8.42,614.16295600735,610.323014700321,-3.83994130702911
8.43,611.389518742853,607.530466092229,-3.85905265062411
8.44,608.566994093143,604.699473196024,-3.86752089711899
8.45,605.696916039009,601.809902961674,-3.88701307733515
8.46,602.783886522814,598.888962680683,-3.89492384213122
8.47,599.829439525347,595.922751583145,-3.9066879422021
8.48,596.842778931333,592.930410009544,-3.91236892178938
8.49,593.820836779198,589.900816407552,-3.92002037164548
8.5,590.774350934458,586.849631868177,-3.92471906628111
8.51,587.70332139711,583.768873503049,-3.93444789406146
8.52,584.613884090309,580.673088672091,-3.9407954182177
8.53,581.509106975628,577.563572493124,-3.94553448250429
8.54,578.39512597622,574.439271020321,-3.95585495589933
8.55,575.271941092085,571.308316871973,-3.9636242201118
8.56,572.14875620795,568.175352750761,-3.97340345718908
8.57,569.027105304603,565.048506354344,-3.97859895025886
8.58,565.911590324407,561.925748729683,-3.98584159472375
8.59,562.805279228939,558.817851101029,-3.98742812790999
8.6,559.717375902925,555.721708688287,-3.99566721463805
8.61,556.64481238479,552.649825588349,-3.99498679644125
8.62,553.596792559261,549.596978513777,-3.9998140454835
8.63,550.576384387914,546.575135997611,-4.00124839030275
8.64,547.588189813113,543.577110836921,-4.01107897619204
8.65,544.635276796433,540.626928771699,-4.00834802473435
8.66,541.722247280238,537.704459090665,-4.01778818957314
8.67,538.85523718768,534.840095795688,-4.0151413919923
8.68,536.034246518758,532.011039524801,-4.02320699395705
8.69,533.271547119776,529.24824342471,-4.02330369506626
8.7,530.564071029158,526.531666317558,-4.0324047115995
8.71,527.921022131631,523.888757621048,-4.03226451058322
8.72,525.342400427196,521.295871015079,-4.04652941211668
8.73,522.834341839002,518.788880966541,-4.04546087246115
8.74,520.402982290204,516.340701643581,-4.06228064662264
8.75,518.046787800011,513.985570334312,-4.06121746569943
8.76,515.774962253153,511.687745981705,-4.08721627144843
8.77,513.590573611204,509.497507282736,-4.09306632846813
8.78,511.490553912588,507.367684446579,-4.12286946600886
8.79,509.488708984397,505.34895398142,-4.13975500297676
8.8,507.581970865056,503.405116125079,-4.17685473997744
8.81,505.770339554563,501.574672178906,-4.19566737565657
8.82,504.061484956858,499.824771424016,-4.23671353284152
8.83,502.461542995093,498.203669728944,-4.2578732661492
8.84,500.967445707693,496.657779629924,-4.30966607776884
8.85,499.579193094656,495.241446017156,-4.33774707750013
8.86,498.305989040711,493.914252750092,-4.39173629061912
8.87,497.152435488221,492.718072983517,-4.43436250470359
8.88,496.11546447561,491.614166232778,-4.50129824283243
8.89,495.198143964455,490.647776805431,-4.55036715902366
8.9,494.394338031603,489.773945497461,-4.62039253414184
8.91,493.710182600206,489.043433658507,-4.66674894169881
8.92,493.147211651052,488.414263165043,-4.73294848600921
8.93,492.71309508808,487.923831808368,-4.78926327971237
8.94,492.409366892079,487.529795347137,-4.87957154494205
8.95,492.237561043836,487.284116229216,-4.95344481462035
8.96,492.186939677835,487.135248525271,-5.05169115256399
8.97,492.248298909351,487.135405127378,-5.11289378197301
8.98,492.407832911291,487.238421810727,-5.16941110056416
8.99,492.680881491534,487.490744066392,-5.19013742514215
9,493.072046592445,487.842883830049,-5.22916276239607
9.01,493.584396175599,488.328301863647,-5.25609431195215
9.02,494.205658394693,488.910444464148,-5.29521393054466
9.03,494.934299268939,489.63468479985,-5.29961446908931
9.04,495.7749207407,490.457864046191,-5.3170566945094
9.05,496.735192713916,491.426092020534,-5.30910069338199
9.06,497.807445284648,492.485340565569,-5.32210471907928
9.07,498.999348356835,493.682729963042,-5.31661839379348
9.08,500.30936794969,494.975264827395,-5.33410312229478
9.09,501.73136814006,496.398210095788,-5.33315804427201
9.1,503.26228096637,497.906535254392,-5.3557457119781
9.11,504.902106428619,499.550608981043,-5.35149744757638
9.12,506.653912488385,501.281025326318,-5.372887162067
9.13,508.508495260939,503.133817301078,-5.37467795986078
9.14,510.461252803917,505.068436607126,-5.39281619679082
9.15,512.515253078896,507.118780068248,-5.39647301064747
9.16,514.664360162724,509.236175191462,-5.428184971262
9.17,516.900904151461,511.46563469727,-5.43526945419114
9.18,519.227953006683,513.762368984862,-5.46558402182097
9.19,521.63937080524,516.162570692887,-5.4768001123532
9.2,524.125953662402,518.625558552504,-5.50039510989757
9.21,526.690769539747,521.181929807131,-5.5088397326158
9.22,529.323080571759,523.790668563986,-5.53241200777302
9.23,532.024420739225,526.47655940777,-5.5478613314549
9.24,534.78558615742,529.21796924358,-5.56761691384008
9.25,537.601974883978,532.023894789993,-5.57808009398457
9.26,540.4735869189,534.8750157516,-5.59857116729995
9.27,543.388150415882,537.783626312994,-5.60452410288781
9.28,546.348733336501,540.720802146762,-5.62793118973889
9.29,549.344597815242,543.707824032686,-5.63677378255557
9.3,552.374209871316,546.713434839252,-5.66077503206361
9.31,555.428365619997,549.757719246872,-5.67064637312524
9.32,558.507065061283,552.818764736996,-5.68830032428696
9.33,561.599570329661,555.903319336667,-5.69625099299355
9.34,564.704347444341,558.992066575541,-5.71228086880001
9.35,567.81065853981,562.091946930848,-5.71871160896205
9.36,570.920037596854,565.189714106831,-5.73032349002324
9.37,574.020212769171,568.285530864434,-5.73468190473704
9.38,577.114252018336,571.372153351702,-5.74209866663443
9.39,580.189883498047,574.440885153092,-5.74899834495488
9.4,583.247107208303,577.492516879725,-5.75459032857759
9.41,586.275185283589,580.509474864289,-5.76571041930026
9.42,589.274117723905,583.498402551753,-5.77571517215176
9.43,592.234700644525,586.443431729567,-5.79126891495787
9.44,595.155400064659,589.350647225805,-5.80475283885448
9.45,598.025478118793,592.198140583663,-5.82733753513014
9.46,600.843400826139,595.006256043557,-5.83714478258219
9.47,603.603032263545,597.74201306867,-5.8610191948751
9.48,606.295168546284,600.430011984182,-5.86515656210167
9.49,608.919809674357,603.029629208578,-5.89018046577883
9.5,611.466217782247,605.570806975219,-5.89541080702759
9.51,613.932858889167,608.016371418247,-5.91648747091972
9.52,616.312063091178,610.40112762195,-5.91093546922832
9.53,618.600762426703,612.6747718395,-5.92599058720339
9.54,620.795888934167,614.874201431851,-5.92168750231576
9.55,622.889772709631,616.957363311512,-5.93240939811903
9.56,624.879345791519,618.964534396564,-5.91481139495477
9.57,626.766142160618,620.837749919994,-5.92839224062413
9.58,628.540957932202,622.629860120622,-5.91109781157991
9.59,630.197657183119,624.28619607983,-5.91146110328884
9.6,631.736239913368,625.845252372266,-5.89098754110205
9.61,633.158240103738,627.260488642563,-5.89775146117449
9.62,634.452919888713,628.580871620856,-5.87204826785683
9.63,635.620279268294,629.753246943553,-5.86703232474065
9.64,636.651114357753,630.826757897189,-5.82435646056445
9.65,637.55309506103,631.74539481542,-5.80770024561048
9.66,638.324687397337,632.559595680395,-5.76509171694192
9.67,638.958221462733,633.208762968428,-5.74945849430469
9.68,639.455231238008,633.751879693864,-5.70335154414363
9.69,639.811114780798,634.134044041108,-5.67707073969007
9.7,640.028940052678,634.408131589068,-5.62080846360993
9.71,640.108707053648,634.516691254973,-5.59201579867465
9.72,640.05655170686,634.512547661954,-5.54400404490582
9.73,639.890881781768,634.342429028451,-5.54845275331752
9.74,639.608629316797,634.064949096272,-5.54368022052461
9.75,639.205192369583,633.620554341166,-5.5846380284172
9.76,638.674435016975,633.074015694676,-5.60041932229865
9.77,638.016357258972,632.363699143688,-5.65265811528354
9.78,637.230959095574,631.553429742475,-5.6775293530992
9.79,636.312104603631,630.578909203224,-5.73319540040666
9.8,635.258259802353,629.49933535749,-5.7589244448626
9.81,634.067890710954,628.272740696951,-5.79515001400318
9.82,632.75020121416,626.943122628847,-5.80707858531298
9.83,631.309793254336,625.465479942872,-5.84431331146402
9.84,629.749734793056,623.885839223978,-5.86389556907784
9.85,628.06388990717,622.161875977634,-5.90201392953611
9.86,626.259928500616,620.350900362417,-5.90902813819901
9.87,624.345520477335,618.408489565253,-5.9370309120817
9.88,622.320665837326,616.372571620194,-5.94809421713205
9.89,620.188432542165,614.209114395017,-5.97931814714786
9.9,617.954956515003,611.967832442624,-5.98712407237861
9.91,615.626373678993,609.610901806709,-6.01547187228414
9.92,613.204218014921,607.178782876174,-6.02543513874741
9.93,610.69462544594,604.644966757565,-6.04965868837496
9.94,608.103731895202,602.046872558336,-6.05685933686652
9.95,605.436139305069,599.355376639424,-6.08076266564524
9.96,602.696449617905,596.613042589008,-6.08340702889666
9.97,599.890798756862,593.786453322494,-6.10434543436781
9.98,597.028390606667,590.914618499931,-6.11377210673629
9.99,594.109225167321,587.980718754953,-6.12850641236776
