0,-5.85367068657161,-5.85383549619401,0
0.01,-8.98759343622197,-6.98418256416705,2.00341087205492
0.02,-12.1230501666602,-8.11481757868208,4.00823258797812
0.03,-15.2569729163106,-9.30697062199871,5.95000229431189
0.04,-18.3939636275367,-10.4995597072678,7.89440392026887
0.05,-21.5278863771871,-13.3951728483483,8.13271352883877
0.06,-24.6648770884132,-16.281252247876,8.3836248405372
0.07,-27.7987998380636,-19.1665756453889,8.6322241926747
0.08,-30.9342565685018,-22.1293613519881,8.80489521651372
0.09,-34.0681793181522,-25.0929805846784,8.97519873347384
0.1,-37.2051700293783,-28.0680900375816,9.13707999179674
0.11,-40.3390927790287,-31.0460937639535,9.29299901507519
0.12,-43.474549509467,-34.3271706710066,9.14737883846039
0.13,-46.6084722591173,-37.6053242567215,9.00314800239582
0.14,-49.7423950087677,-40.8841017768535,8.85829323191415
0.15,-52.8763177584181,-44.1891477624871,8.68716999593098
0.16,-56.0102405080684,-47.4968550799997,8.51338542806874
0.17,-59.141095296143,-50.8039590272938,8.33713626884923
0.18,-62.2704161034297,-54.1152182742665,8.15519782916325
0.19,-65.1404941575638,-55.2931424726642,9.84735168489959
0.2,-67.6884362462418,-56.4500675960203,11.2383686502215
0.21,-69.9602617931004,-57.593479287674,12.3667825054264
0.22,-71.9851164331095,-58.7410378454254,13.2440785876841
0.23,-73.7645341470568,-56.594769128405,17.1697650186518
0.24,-75.2923790117909,-54.417001661863,20.8753773499279
0.25,-76.5732529696754,-52.222452002653,24.3508009670224
0.26,-77.6071560207104,-49.8807722030063,27.7263838177041
0.27,-78.3986901072594,-47.5349371807714,30.863752926488
0.28,-78.9493892101103,-45.1898841965886,33.7595050135217
0.29,-79.2607873100511,-42.8407182081432,36.4200691019079
0.3,-79.3267484839302,-39.9063399367364,39.4204085471938
0.31,-79.1641465204143,-36.9666218269554,42.1975246934589
0.32,-78.7898552081702,-34.0247939287183,44.7650612794519
0.33,-78.216146393501,-31.0297245317238,47.1864218617772
0.34,-77.4414860956187,-28.033111003983,49.4083750916357
0.35,-76.4674082953113,-25.0362315431175,51.4311767521938
0.36,-75.2923790117909,-22.0367309521943,53.2556480595967
0.37,-73.9210001874212,-18.9332307488005,54.9877694386207
0.38,-72.353271822202,-15.8286522280629,56.5246195941391
0.39,-70.8714463811045,-14.9082185406235,55.963227840481
0.4,-69.6411937892202,-13.9722137160969,55.6689800731233
0.41,-68.665582008125,-13.0378198219478,55.6277621861772
0.42,-67.9415430762429,-12.1047434204171,55.8367996558258
0.43,-67.4690769935742,-14.4596186866535,53.0094583069207
0.44,-67.243581817755,-16.7973216672119,50.4462601505431
0.45,-67.2589216256338,-19.137919944714,48.1210016809198
0.46,-67.4951546669682,-21.6223724239933,45.8727822429749
0.47,-67.9415430762429,-24.1026481941995,43.8388948820434
0.48,-68.598086853458,-26.5878697885859,42.0102170648721
0.49,-69.4647859986134,-29.0857724407566,40.3790135578568
0.5,-70.5370385693454,-32.1550634425714,38.381975126774
0.51,-71.8133105848663,-35.2263393212468,36.5869712636195
0.52,-73.2966700067517,-38.2940403588735,35.0026296478782
0.53,-74.9809809118501,-41.4194688919556,33.5615120198945
0.54,-76.8693112617374,-44.5412289416177,32.3280823201197
0.55,-78.9585930948376,-47.6663399597369,31.2922531351007
0.56,-81.2488264111509,-50.7951816319129,30.453644779238
0.57,-83.7400112106772,-54.0251145674162,29.714896643261
0.58,-86.4306135126286,-57.2545432908871,29.1760702217415
0.59,-89.2914876820353,-60.4903792613023,28.801108420733
0.6,-92.2781482760486,-63.7495691207393,28.5285791553093
0.61,-95.3108282936985,-67.0249823641549,28.2858459295436
0.62,-98.3757219078941,-70.3027813874087,28.0729405204854
0.63,-101.460557272332,-73.5933524284847,27.8672048438473
0.64,-104.560732444649,-76.9131130320395,27.6476194126095
0.65,-107.670111501693,-80.2595555985758,27.4105559031172
0.66,-110.788694443465,-83.6125863396449,27.1761081038201
0.67,-113.9118793276,-86.9714365669427,26.9404427606573
0.68,-117.039666154099,-90.3333564277868,26.7063097263122
0.69,-120.168986961385,-93.6972330131559,26.4717539482291
0.7,-123.302909711036,-97.0657408385614,26.2371688724746
0.71,-126.435298479898,-100.440962279167,25.9943362007312
0.72,-129.572289191124,-103.821611528104,25.7506776630196
0.73,-132.707745921563,-107.203714345154,25.5040315764087
0.74,-135.846270613577,-110.588271274997,25.2579993385803
0.75,-138.983261324803,-113.973555958974,25.0097053658286
0.76,-142.121786016817,-117.358552883464,24.7632331333526
0.77,-145.260310708831,-120.744790005833,24.515520702998
0.78,-148.398835400845,-124.132069691655,24.2667657091897
0.79,-151.537360092859,-127.521221638233,24.0161384546256
0.8,-154.677418765661,-130.910018009106,23.7674007565546
0.81,-157.814409476887,-134.300116526403,23.5142929504842
0.82,-160.954468149689,-137.68914600242,23.2653221472689
0.83,-164.091458860915,-141.078992931165,23.0124659297504
0.84,-167.231517533717,-144.468903443252,22.7626140904652
0.85,-170.368508244943,-147.859236458501,22.5092717864415
0.86,-173.508566917745,-151.249387977614,22.259178940131
0.87,-176.647091609759,-154.639272508825,22.0078191009343
0.88,-179.785616301773,-158.029692552798,21.7559237489748
0.89,-182.922607012999,-161.420120996367,21.5024860166318
0.9,-186.062665685801,-164.811049508787,21.2516161770136
0.91,-189.198122416239,-168.201646996524,20.9964754197149
0.92,-192.338181089041,-171.591858124835,20.7463229642059
0.93,-195.473637819479,-174.982540458766,20.4910973607135
0.94,-198.613696492281,-178.372697018984,20.2409994732975
0.95,-201.74915322272,-181.763254130927,19.9858990917933
0.96,-204.889211895521,-185.152438454136,19.7367734413846
0.97,-208.02466862596,-188.542888945556,19.4817796804045
0.98,-211.15859137561,-191.932410867181,19.2261805084286
0.99,-214.030203410532,-193.13677328903,20.8934301215019
1,-216.575077537634,-194.319581113029,22.255496424605
1.01,-218.848437065281,-195.492644554785,23.3557925104956
1.02,-220.870223743714,-196.659906564915,24.2103171787987
1.03,-222.645039515298,-194.534404368958,28.1106351463405
1.04,-224.17441836082,-192.377929223981,31.7964891368392
1.05,-225.452224357128,-190.203327941363,35.248896415765
1.06,-226.484593427376,-187.873561566633,38.6110318607434
1.07,-227.276127513924,-185.53939121291,41.7367363010142
1.08,-227.820690693624,-183.20605155145,44.6146391421736
1.09,-228.122884908837,-180.861906480411,47.2609784284256
1.1,-228.185778121141,-177.9369429889,50.2488351322414
1.11,-228.023176157625,-175.005406488453,53.0177696691717
1.12,-227.653486787744,-172.070154760493,55.5833320272505
1.13,-227.078243992287,-169.080581952891,57.997662039396
1.14,-226.298981752041,-166.08897506756,60.2100066844806
1.15,-225.321835990158,-163.099268391274,62.2225675988842
1.16,-224.14527272585,-160.103143210921,64.0421295149287
1.17,-222.769291959116,-157.004351692945,65.764940266171
1.18,-221.198495632322,-153.903192171515,67.295303460807
1.19,-219.715136210436,-152.988342089996,66.7267941204397
1.2,-218.48641759934,-152.053221651205,66.4331959481349
1.21,-217.506203875881,-151.118944993525,66.3872588823556
1.22,-216.774495040059,-150.1856414851,66.5888535549587
1.23,-216.295893034239,-152.548604099383,63.7472889348558
1.24,-216.071931839208,-154.879573837772,61.1923580014362
1.25,-216.09187358945,-157.211660884024,58.8802127054255
1.26,-216.335776534724,-159.696457076564,56.6393194581597
1.27,-216.792902809514,-162.18802418275,54.604878626764
1.28,-217.46325241382,-164.671409864534,52.7918425492861
1.29,-218.339155443703,-167.161236253572,51.1779191901309
1.3,-219.419077918374,-170.240926406051,49.178151512323
1.31,-220.70608779941,-173.315582308183,47.3905054912268
1.32,-222.195583144447,-176.388089367983,45.807493776464
1.33,-223.892165895849,-179.513373066072,44.3787928297768
1.34,-225.789700130463,-182.643110649301,43.1465894811622
1.35,-227.889719829079,-185.771526129716,42.1181936993626
1.36,-230.190691010907,-188.901188099817,41.2895029110895
1.37,-232.691079695161,-192.135477536612,40.5556021585486
1.38,-235.39088588184,-195.369892110298,40.0209937715421
1.39,-237.977177490215,-196.512018267917,41.4651592222983
1.4,-240.270478768104,-197.581930450569,42.6885483175351
1.41,-242.313741177567,-198.645594645564,43.6681465320032
1.42,-244.110032680182,-199.711187351239,44.3988453289426
1.43,-245.65628531437,-197.622931697278,48.0333536170924
1.44,-246.957101022497,-195.423117803032,51.5339832194651
1.45,-248.010945823775,-193.213905578576,54.7970402451994
1.46,-248.820887679778,-190.863361231636,57.9575264481423
1.47,-249.38539260972,-188.506556638396,60.878835971324
1.48,-249.705994594388,-186.146520438328,63.5594741560602
1.49,-249.784227614571,-183.781997601702,66.0022300128687
1.5,-249.633897497358,-180.859636879869,68.7742606174892
1.51,-249.273412012205,-177.91695576921,71.3564562429946
1.52,-248.705839120687,-174.971648094403,73.7341910262842
1.53,-247.93424678438,-171.976717346435,75.957529437945
1.54,-246.966304907225,-168.978365509433,77.9879393977916
1.55,-245.798945527644,-165.979266688351,79.8196788392935
1.56,-244.433702626425,-162.977374874053,81.4563277523722
1.57,-242.87057620357,-159.877158571451,82.9934176321193
1.58,-241.108032278289,-156.772073074153,84.3359592041363
1.59,-239.149138812159,-153.667192821159,85.4819459910003
1.6,-236.995429785968,-150.549060481024,86.4463693049445
1.61,-234.645371218927,-147.429114411556,87.2162568073714
1.62,-232.126574765219,-144.304830918968,87.8217438462508
1.63,-229.463584117449,-141.174024977399,88.2895591400496
1.64,-226.684010929801,-138.020644821485,88.6633661083159
1.65,-223.810864914091,-134.86147297752,88.9493919365711
1.66,-220.857951897411,-131.692394822037,89.1655570753735
1.67,-217.849815572367,-128.509702939262,89.3401126331048
1.68,-214.797193804475,-125.314233240147,89.482960564328
1.69,-211.721562324764,-122.111482089184,89.6100802355796
1.7,-208.622921133235,-118.900577607352,89.7223435258832
1.71,-205.515076056979,-115.681665774118,89.8334102828611
1.72,-202.394959134419,-112.454167482875,89.9407916515444
1.73,-199.271774250284,-109.222089529663,90.0496847206206
1.74,-196.139385481422,-105.98483594761,90.154549533812
1.75,-193.006996712559,-102.741027146685,90.2659695658737
1.76,-189.868472020545,-99.4977287355996,90.3707432849454
1.77,-186.731481309319,-96.2482908408938,90.4831904684252
1.78,-183.592956617305,-93.0012422416287,90.5917143756763
1.79,-180.630839715898,-91.9644706527817,88.6663690631163
1.8,-177.926431586856,-90.9319127032907,86.9945188835653
1.81,-175.482800191754,-89.89756746238,85.585232729374
1.82,-173.295343588229,-88.8674903622588,84.4278532259702
1.83,-171.362527795493,-91.1753358017863,80.1871919937067
1.84,-169.685886794334,-93.4846242087851,76.2012625855489
1.85,-168.26695456554,-95.8010089171407,72.4659456483993
1.86,-167.098061205171,-98.2659334602323,68.8321277449387
1.87,-166.179206713227,-100.735847732664,65.4433589805628
1.88,-165.513459051285,-103.204103570047,62.3093554812384
1.89,-165.099284238556,-105.686538244884,59.4127459936724
1.9,-164.933614313464,-108.75527355465,56.1783407588141
1.91,-165.007245391283,-111.818610270266,53.1886351210173
1.92,-165.298701740981,-114.891936049375,50.406765691606
1.93,-165.80031345862,-118.017793572273,47.7825198863469
1.94,-166.512080544198,-121.152051017263,45.3600295269354
1.95,-167.434002997718,-124.275309624577,43.1586933731407
1.96,-168.558410915238,-127.40926807955,41.1491428356879
1.97,-169.888372258335,-130.644986982449,39.243385275886
1.98,-171.42235304622,-133.881602738535,37.540750307685
1.99,-173.160353278895,-134.849008266571,38.311345012324
2,-175.10083897557,-135.825308196197,39.2755307793729
2.01,-177.240742174671,-136.804812608327,40.4359295663437
2.02,-179.583130837772,-137.783219466256,41.799911371516
2.03,-182.124937003299,-135.342818155341,46.7821188479578
2.04,-184.668277149613,-132.922989578451,51.7452875711617
2.05,-186.93396677332,-130.58874112419,56.3452256491303
2.06,-188.946549567026,-128.096939024022,60.849610543004
2.07,-190.712161453882,-125.604369556002,65.1077918978798
2.08,-192.233870395465,-123.117085623832,69.1167847716331
2.09,-193.50707444941,-120.752852726137,72.7542217232731
2.1,-194.533307596505,-117.774947565023,76.7583600314824
2.11,-195.315637798327,-114.800191167704,80.5154466306233
2.12,-195.854065054875,-111.829904815909,84.0241602389657
2.13,-196.147055385361,-108.804698550686,87.3423568346754
2.14,-196.197676751361,-105.779287980788,90.4183887705732
2.15,-196.02433692233,-102.754903623373,93.2694332989573
2.16,-195.640841725359,-99.7500109125921,95.8908308127669
2.17,-195.051793102811,-96.6352732506864,98.4165198521246
2.18,-194.26179299705,-93.5214240635918,100.740368933458
2.19,-193.390491909531,-92.6825029863079,100.707988923223
2.2,-192.750821920982,-91.7392267177176,101.011595203264
2.21,-192.356588858496,-90.7980029918739,101.558585866622
2.22,-192.207792722071,-89.8603569455946,102.347435776476
2.23,-192.296763607768,-92.3459434246881,99.9508201830799
2.24,-192.60049180377,-94.6819385579756,97.9185532457945
2.25,-193.111307406135,-97.0187495773035,96.0925578288315
2.26,-193.829210414866,-99.5154722387242,94.3137381761418
2.27,-194.754200829961,-101.998849565927,92.7553512640339
2.28,-195.887812632208,-104.489365552832,91.3984470793761
2.29,-197.223909898457,-106.981700297164,90.2422096012933
2.3,-198.768628551858,-110.082058037872,88.6865705139858
2.31,-200.514298688472,-113.15490633533,87.3593923531419
2.32,-202.462454289086,-116.230503878871,86.2319504102146
2.33,-204.611561372914,-119.361833711075,85.2497276618386
2.34,-206.963153920743,-122.491245534775,84.4719083859675
2.35,-209.512629990209,-125.622134374539,83.8904956156704
2.36,-212.2615235621,-128.756504482064,83.5050190800355
2.37,-215.169951135931,-132.004229489533,83.1657216463985
2.38,-218.170417557035,-135.26559716301,82.904820394025
2.39,-221.2138354402,-138.532286623107,82.6815488170925
2.4,-224.291000900699,-141.816716914085,82.4742839866138
2.41,-227.386574130652,-145.111764422933,82.2748097077189
2.42,-230.50055513006,-148.43441970422,82.0661354258401
2.43,-233.622206033407,-151.765696449549,81.8565095838576
2.44,-236.753060821482,-155.122133451304,81.6309273701781
2.45,-239.886983571132,-158.480533259485,81.4064503116473
2.46,-243.027042243934,-161.842583760684,81.1844584832504
2.47,-246.167100916736,-165.210216409668,80.9568845070675
2.48,-249.310227551114,-168.579992219471,80.7302353316431
2.49,-252.453354185492,-171.955613776401,80.497740409091
2.5,-255.601082762233,-175.333990419291,80.2670923429419
2.51,-258.745743377398,-178.717809902415,80.0279334749835
2.52,-261.89347195414,-182.101954217194,79.7915177369455
2.53,-265.039666550093,-185.487121671553,79.5525448785401
2.54,-268.187395126835,-188.873083719859,79.3143114069764
2.55,-271.333589722788,-192.259219607307,79.0743701154812
2.56,-274.482852280317,-195.646201958421,78.8366503218957
2.57,-277.629046876271,-199.033986911327,78.5950599649444
2.58,-280.7783094338,-202.422531322332,78.3557781114681
2.59,-283.926038010541,-205.810747148734,78.1152908618071
2.6,-287.07530056807,-209.199132887013,77.876167681057
2.61,-290.221495164024,-212.58778011135,77.6337150526744
2.62,-293.372291702341,-215.976406188861,77.3958855134798
2.63,-296.518486298294,-219.365549366559,77.1529369317354
2.64,-299.669282836612,-222.755459623791,76.9138232128209
2.65,-302.815477432565,-226.145574691017,76.6699027415483
2.66,-305.966273970882,-229.535261934754,76.4310120361284
2.67,-309.114002547623,-232.925131519821,76.1888710278016
2.68,-312.264799085941,-236.315592959527,75.9492061264141
2.69,-315.412527662682,-239.70651929809,75.7060083645919
2.7,-318.563324200999,-243.097480833045,75.4658433679542
2.71,-321.71105277774,-246.488507509137,75.2225452686031
2.72,-324.86031533527,-249.880042368317,74.9802729669534
2.73,-328.008043912011,-253.271802653634,74.7362412583766
2.74,-331.158840450328,-256.664517825773,74.4943226245554
2.75,-334.306569027069,-260.056835739911,74.2497332871583
2.76,-337.455831584599,-263.450356997558,74.0054745870409
2.77,-340.60356016134,-266.843504338514,73.7600558228257
2.78,-343.748220776505,-270.237938922534,73.5102818539711
2.79,-346.627502715367,-271.443352691881,75.1841500234855
2.8,-349.172376842469,-272.631170518366,76.5412063241035
2.81,-351.438066466176,-273.805581766168,77.6324847000078
2.82,-353.455251202246,-274.976759008121,78.4784921941252
2.83,-355.223931050678,-272.849432844904,82.3744982057737
2.84,-356.74563999226,-270.692951645047,86.0526883472127
2.85,-358.01577608463,-268.517566840407,89.4982092442228
2.86,-359.042009231725,-266.187917915736,92.8540913159888
2.87,-359.822805452759,-263.853495781134,95.9693096716249
2.88,-360.361232709307,-261.516164642043,98.845068067264
2.89,-360.658824982157,-259.171433041266,101.487391940891
2.9,-360.715582271309,-256.243417929303,104.472164342006
2.91,-360.549912346217,-253.311037205749,107.238875140468
2.92,-360.175621033973,-250.374263153003,109.801357880971
2.93,-359.59731027694,-247.382625647624,112.214684629316
2.94,-358.814980075118,-244.38909314562,114.425886929498
2.95,-357.833232370871,-241.394961802714,116.438270568157
2.96,-356.653601144987,-238.397215054973,118.256386090014
2.97,-355.274552416678,-235.295867499066,119.978684917612
2.98,-353.697620166732,-232.193268343529,121.504351823203
2.99,-351.924338375936,-229.090250591339,122.834087784597
3,-349.953173063503,-225.972792579008,123.980380484495
3.01,-347.78565821022,-222.855844081396,124.929814128824
3.02,-345.424861777664,-219.738004678328,125.686857099336
3.03,-342.892259496865,-216.615824449194,126.276435047671
3.04,-340.215463022005,-213.467645244445,126.74781777756
3.05,-337.426685949629,-210.315893780348,127.110792169281
3.06,-334.539734106828,-207.159073940332,127.380660166496
3.07,-331.579151186209,-203.989154184353,127.589997001856
3.08,-328.557209034074,-200.803898426883,127.753310607191
3.09,-325.499985323818,-197.610959285441,127.889026038377
3.1,-322.412081997804,-194.410281220098,128.001800777706
3.11,-319.310372844699,-191.197596032623,128.112776812076
3.12,-316.191789902928,-187.975941729721,128.215848173207
3.13,-313.068605018793,-184.748534779961,128.320070238832
3.14,-309.934682269142,-181.519755470644,128.414926798498
3.15,-306.800759519492,-178.282764113562,128.51799540593
3.16,-303.659166865902,-175.046352035931,128.612814829971
3.17,-300.5191081931,-171.804912040684,128.714196152416
3.18,-297.37751553951,-168.563231374179,128.814284165331
3.19,-294.41079669574,-167.52955296307,126.88124373267
3.2,-291.703320605121,-166.50409075012,125.199229855001
3.21,-289.255087267656,-165.473353176343,123.781734091313
3.22,-287.064562702555,-164.447948179991,122.616614522564
3.23,-285.127144967456,-166.75546635551,118.371678611946
3.24,-283.447436004721,-169.071655481788,114.375780522933
3.25,-282.023901833563,-171.387320375,110.636581458563
3.26,-280.851940511618,-173.857109227411,106.994831284207
3.27,-279.930018058099,-176.328764060494,103.601253997605
3.28,-279.256600492217,-178.798212650737,100.45838784148
3.29,-278.839357717912,-181.280625323589,97.5587323943226
3.3,-278.669085850457,-184.352893930255,94.3161919202016
3.31,-278.741182947488,-187.421700193381,91.3194827541066
3.32,-279.02957133561,-190.491499326167,88.5380720094433
3.33,-279.531183053249,-193.614104474691,85.9170785785584
3.34,-280.244484119616,-196.746413936362,83.4980701832537
3.35,-281.161804630771,-199.87793200476,81.2838726260114
3.36,-282.284678567504,-203.008403107745,79.2762754597594
3.37,-283.613105929813,-206.243249114904,77.3698568149092
3.38,-285.14555273691,-209.478266097974,75.667286638936
3.39,-286.883552969585,-212.718534653231,74.1650183163543
3.4,-288.820970704684,-215.970653477713,72.8503172269712
3.41,-290.960873903785,-219.224647989849,71.7362259139356
3.42,-293.301728586098,-222.478900084581,70.8228285015169
3.43,-295.842000770837,-225.733319061483,70.1086817093544
3.44,-298.578622496425,-229.005825461209,69.5727970352162
3.45,-301.465574339226,-232.286962824771,69.1786115144551
3.46,-304.435361144572,-235.585449338621,68.8499118059511
3.47,-307.458837277495,-238.890035560605,68.5688017168898
3.48,-310.519128949327,-242.19749455444,68.3216343948866
3.49,-313.603964313765,-245.52077357761,68.0831907361546
3.5,-316.705673466869,-248.867677111861,67.8379963550078
3.51,-319.821188447065,-252.226111629002,67.5950768180631
3.52,-322.9443733312,-255.590348319778,67.354025011422
3.53,-326.076762100063,-258.961862588479,67.1148995115844
3.54,-329.210684849713,-262.333674672283,66.8770101774297
3.55,-332.350743522515,-265.710969935486,66.6397735870288
3.56,-335.490802195317,-269.089556749801,66.4012454455159
3.57,-338.633928829695,-272.476630801023,66.1572980286723
3.58,-341.772453521709,-275.862994644581,65.9094588771279
3.59,-344.650201479782,-277.064808057568,67.5853934222138
3.6,-347.187405702945,-278.24688633913,68.940519363815
3.61,-349.448493384288,-279.420449900851,70.028043483437
3.62,-351.459542197207,-280.588537888105,70.8710043091016
3.63,-353.222086122487,-278.458806862414,74.7632792600727
3.64,-354.73612516013,-276.300580741835,78.4355444182948
3.65,-356.004727271712,-274.123820085218,81.8809071864939
3.66,-357.024824495656,-271.794949009982,85.2298754856738
3.67,-357.799484793538,-269.457038012981,88.3424467805568
3.68,-358.33484408851,-267.119300926834,91.2155431616762
3.69,-358.63243636136,-264.77112905743,93.8613073039298
3.7,-358.692261612087,-261.84306160553,96.8492000065567
3.71,-358.528125667784,-258.906014883807,99.6221107839767
3.72,-358.158436297903,-255.967985336398,102.190450961505
3.73,-357.589329425598,-252.976463035352,104.612866390246
3.74,-356.820805050867,-249.982713980295,106.838091070572
3.75,-355.851329192923,-246.987392136685,108.863937056238
3.76,-354.679367870979,-243.988888809009,110.69047906197
3.77,-353.312590988972,-240.887647598398,112.424943390574
3.78,-351.749464566117,-237.783840217878,113.965624348239
3.79,-350.273775048171,-236.869033026788,113.404742021383
3.8,-349.049658379438,-235.93597375234,113.113684627098
3.81,-348.075580579131,-235.000753512314,113.074827066817
3.82,-347.356143589612,-234.068653439652,113.28749014996
3.83,-346.886745468519,-236.436032853207,110.450712615312
3.84,-346.664318254276,-238.775286752523,107.889031501753
3.85,-346.684260004519,-241.114933011817,105.569326992702
3.86,-346.922027026641,-243.610733399904,103.311293626737
3.87,-347.366881455128,-246.107557648822,101.259323806306
3.88,-348.023425232343,-248.597199117057,99.4262261152864
3.89,-348.88859039671,-251.097578355025,97.791012041685
3.9,-349.960842967442,-254.184826365378,95.7760166020643
3.91,-351.235581002175,-257.266307849504,93.9692731526707
3.92,-352.714338481697,-260.346787211228,92.3675512704687
3.93,-354.397115406008,-263.479975130957,90.9171402750512
3.94,-356.285445755895,-266.615138460607,89.6703072952876
3.95,-358.373193608207,-269.748243532346,88.6249500758614
3.96,-360.661892943733,-272.88693651605,87.7749564276828
3.97,-363.153077743259,-276.128887597858,87.0241901454013
3.98,-365.834476160483,-279.370141029648,86.464335130835
3.99,-368.371680383646,-280.456168478066,87.9155119055804
4,-370.623564180262,-281.531275670343,89.0922885099193
4.01,-372.623875127665,-282.60064736018,90.0232277674847
4.02,-374.378749149006,-283.670095269811,90.7086538791951
4.03,-375.88511828271,-281.490596425507,94.3945218572028
4.04,-377.144516509564,-279.289617418242,97.8548990913224
4.05,-378.158477810356,-277.082106944161,101.076370866195
4.06,-378.923934223511,-274.726768270901,104.19716595261
4.07,-379.44702167218,-272.36852862002,107.07849305216
4.08,-379.727740156363,-270.007609913012,109.720130243351
4.09,-379.770691618424,-267.642978022357,112.127713596067
4.1,-379.591215866241,-264.700982918633,114.890232947608
4.11,-379.204652707694,-261.756209831116,117.448442876578
4.12,-378.615604085146,-258.810374318669,119.805229766477
4.13,-377.822536017809,-255.812622554116,122.009913463693
4.14,-376.830050448047,-252.812342364995,124.017708083052
4.15,-375.639681356648,-249.811734793339,125.827946563309
4.16,-374.249894762824,-246.808297608703,127.441597154121
4.17,-372.660690666574,-243.7033804016,128.957310264974
4.18,-370.878204991051,-240.596413647241,130.28179134381
4.19,-369.186224182013,-239.679351823577,129.506872358436
4.2,-367.745816222188,-238.745991794625,128.999824427563
4.21,-366.556981111577,-237.811295332216,128.745685779361
4.22,-365.622786811755,-236.875881980453,128.746904831302
4.23,-364.93709739957,-239.242305934821,125.694791464749
4.24,-364.502980836598,-241.585962507791,122.917018328807
4.25,-364.321971103628,-243.930599789925,120.391371313703
4.26,-364.387932277507,-246.419867984019,117.968064293488
4.27,-364.674786684841,-248.914865359767,115.759921325074
4.28,-365.17639840248,-251.406875376493,113.769523025987
4.29,-365.885097526483,-253.910659649798,111.974437876685
4.3,-366.799350076063,-256.995021829871,109.804328246192
4.31,-367.922224012795,-260.073654604716,107.848569408079
4.32,-369.249117394316,-263.153712288097,106.095405106219
4.33,-370.778496239838,-266.286164537186,104.492331702652
4.34,-372.511894530149,-269.424967624143,103.086926906006
4.35,-374.449312265249,-272.560316753789,101.88899551146
4.36,-376.587681483561,-275.700066360156,100.887615123405
4.37,-378.925468204299,-278.94399638425,99.9814718200486
4.38,-381.467274369825,-282.187209401792,99.2800649680335
4.39,-384.197760172262,-285.431404698425,98.7663554738369
4.4,-387.080110072699,-288.695834661875,98.3842754108243
4.41,-390.042226974106,-291.977139611562,98.0650873625439
4.42,-393.062635145453,-295.26253271902,97.8001024264332
4.43,-396.121392836497,-298.551169329352,97.5702235071454
4.44,-399.209296162511,-301.872856162492,97.336440000019
4.45,-402.314073277191,-305.217875832531,97.0961974446597
4.46,-405.434190199751,-308.571867545975,96.8623226537763
4.47,-408.56197702625,-311.93198974748,96.62998727877
4.48,-411.6958997759,-315.299265160156,96.3966346157444
4.49,-414.835958448702,-318.670255737153,96.1657027115493
4.5,-417.979085083079,-322.044471729072,95.9346133540065
4.51,-421.123745698245,-325.424160110005,95.6995855882396
4.52,-424.271474274986,-328.809894146872,95.461580128114
4.53,-427.420736832516,-332.196996622303,95.2237402102128
4.54,-430.569999390045,-335.585914477569,94.9840849124759
4.55,-433.720795928362,-338.976223856362,94.7445720720004
4.56,-436.871592466679,-342.368366048537,94.5032264181419
4.57,-440.022389004996,-345.761354262381,94.2610347426155
4.58,-443.174719524101,-349.156334456911,94.0183850671898
4.59,-446.325516062418,-352.552098423612,93.7734176388063
4.6,-449.477846581523,-355.949157769659,93.5286888118643
4.61,-452.62864311984,-359.345926617798,93.2827165020416
4.62,-455.780973638945,-362.744074962281,93.0368986766637
4.63,-458.93330415805,-366.141085649108,92.7922185089417
4.64,-462.085634677155,-369.539364595338,92.5462700818169
4.65,-465.23796519626,-372.936320791,92.30164440526
4.66,-468.390295715365,-376.333938266221,92.0563574491437
4.67,-471.54262623447,-379.729996120335,91.8126301141354
4.68,-474.696490734363,-383.126967842045,91.5695228923183
4.69,-477.848821253468,-386.523019713089,91.325801540379
4.7,-481.002685753361,-389.91947828879,91.0832074645711
4.71,-484.155016272466,-393.314745069549,90.8402712029168
4.72,-487.308880772359,-396.711155157904,90.5977256144551
4.73,-490.461211291464,-400.106734121964,90.3544771694999
4.74,-493.616609772145,-403.503289634417,90.1133201377285
4.75,-496.76894029125,-406.898783038961,89.8701572522891
4.76,-499.92433877193,-410.295397575815,89.628941196115
4.77,-503.076669291035,-413.691480283928,89.3851890071072
4.78,-506.232067771716,-417.088845486965,89.1432222847514
4.79,-509.384398290821,-420.486361306978,88.8980369838432
4.8,-512.539796771502,-423.884661026394,88.6551357451081
4.81,-515.693661271395,-427.282960631699,88.4107006396957
4.82,-518.849059752076,-430.681601888114,88.1674578639619
4.83,-522.004458232756,-434.080966760051,87.9234914727047
4.84,-525.159856713437,-437.481113770038,87.6787429433994
4.85,-528.31372121333,-440.88166111824,87.4320600950897
4.86,-531.467585713223,-444.281425327063,87.1861603861604
4.87,-534.621450213116,-447.682579809737,86.9388704033791
4.88,-537.776848693797,-451.082773314726,86.694075379071
4.89,-540.930713193689,-454.483792164395,86.4469210292939
4.9,-544.08611167437,-457.882711261961,86.2034004124087
4.91,-547.239976174263,-461.282942101865,85.9570340723977
4.92,-550.393840674156,-464.681015263247,85.7128254109091
4.93,-553.547705174049,-468.079936364441,85.4677688096078
4.94,-556.701569673942,-471.477807520208,85.2237621537341
4.95,-559.855434173835,-474.876689389065,84.97874478477
4.96,-563.009298673727,-478.274443303571,84.734855370156
4.97,-566.16316317362,-481.673066914141,84.4900962594789
4.98,-569.31242573115,-485.071392329499,84.2410334016506
4.99,-572.196309612375,-486.278688783586,85.9176208287892
5,-574.741183739477,-487.467227997905,87.2739557415721
5.01,-577.008407343972,-488.646736144228,88.3616711997443
5.02,-579.022524118466,-489.820078025309,89.2024460931571
5.03,-580.78966998611,-487.691180633588,93.0984893525223
5.04,-582.311378927692,-485.53551484536,96.7758640823323
5.05,-583.581515020062,-483.363691018084,100.217824001978
5.06,-584.604680205582,-481.035237325366,103.569442880216
5.07,-585.387010407403,-478.700280339015,106.686730068388
5.08,-585.923903683163,-476.366699858988,109.557203824175
5.09,-586.219961975225,-474.023401952783,112.196560022442
5.1,-586.273651302801,-471.096798983327,115.176852319474
5.11,-586.10031147377,-468.162404402801,117.937907070969
5.12,-585.719884238374,-465.226491594601,120.493392643773
5.13,-585.132369596614,-462.236704666899,122.895664929715
5.14,-584.343903471641,-459.244698004453,125.099205467188
5.15,-583.357553825031,-456.253643243215,127.103910581816
5.16,-582.171786675995,-453.258050476113,128.913736199882
5.17,-580.785068043746,-450.158993450443,130.626074593303
5.18,-579.201999870648,-447.05828878737,132.143711083278
5.19,-577.421048175913,-443.958351330868,133.462696845045
5.2,-575.442212959541,-440.844135534134,134.598077425407
5.21,-573.267028202319,-437.727307453817,135.539720748502
5.22,-570.901629827399,-434.612407224026,136.289222603373
5.23,-568.358289681085,-431.490373026104,136.867916654981
5.24,-565.675357283073,-428.344150306038,137.331206977035
5.25,-562.878910306757,-425.191261127776,137.687649178981
5.26,-559.984288560017,-422.038306480026,137.945982079991
5.27,-557.016035735458,-418.868998706975,138.147037028483
5.28,-553.98949164096,-415.690030367866,138.299461273094
5.29,-550.929199969128,-412.498340888407,138.430859080721
5.3,-547.841296643114,-409.299257765096,138.542038878018
5.31,-544.741121470797,-406.090034545486,138.651086925311
5.32,-541.624072509814,-402.876087326988,138.747985182826
5.33,-538.503955587254,-399.654282362492,138.849673224762
5.34,-535.37310079918,-396.426528214649,138.946572584531
5.35,-532.242246011105,-393.194165301313,139.048080709792
5.36,-529.105255299879,-389.959066806027,139.146188493852
5.37,-525.969798569441,-386.718529849024,139.251268720417
5.38,-522.828205915851,-383.478449849789,139.349756066062
5.39,-519.689681223837,-380.233601560028,139.456079663809
5.4,-516.546554589459,-376.990103471742,139.556451117717
5.41,-513.406495916657,-373.741381769602,139.665114147055
5.42,-510.261835301492,-370.49550617936,139.766329122132
5.43,-507.120242647902,-367.244858295015,139.875384352887
5.44,-503.974048051949,-363.99719085503,139.976857196919
5.45,-500.832455398359,-360.745309289278,140.087146109081
5.46,-497.684726821617,-357.496574811833,140.188152009784
5.47,-494.54160018724,-354.244083874486,140.297516312754
5.48,-491.393871610498,-350.994225495061,140.399646115437
5.49,-488.250744976121,-347.741487543069,140.509257433052
5.5,-485.103016399379,-344.491049507394,140.611966891985
5.51,-481.959889765002,-341.238179125652,140.72171063935
5.52,-478.81216118826,-337.986889418647,140.825271769613
5.53,-475.669034553883,-334.734247158379,140.934787395504
5.54,-472.521305977141,-331.482539447612,141.038766529529
5.55,-469.376645361976,-328.229713392882,141.146931969094
5.56,-466.227382804447,-324.977770031367,141.24961277308
5.57,-463.082722189281,-321.724991986349,141.357730202932
5.58,-459.936527593328,-318.472906602937,141.463620990391
5.59,-456.968274768769,-317.437204771397,139.531069997372
5.6,-454.256196735787,-316.409834935094,137.846361800693
5.61,-451.803361455958,-315.382810893002,136.420550562956
5.62,-449.608234948494,-314.350775880705,135.257459067789
5.63,-447.667749251818,-316.666779040165,131.000970211653
5.64,-445.984972327508,-318.991267194048,126.99370513346
5.65,-444.556836213986,-321.318575806663,123.238260407323
5.66,-443.380272949678,-323.788019715329,119.592253234349
5.67,-442.453748553795,-326.273901812507,116.179846741288
5.68,-441.780330987913,-328.754810478366,113.025520509547
5.69,-441.358486271245,-331.243876221847,110.114610049398
5.7,-441.183612461426,-334.323135520456,106.86047694097
5.71,-441.251107616093,-337.411064895256,103.840042720837
5.72,-441.533360081064,-340.497202777714,101.03615730335
5.73,-442.025767913975,-343.634926785392,98.3908411285826
5.74,-442.729865095614,-346.769684794717,95.960180300897
5.75,-443.642583664406,-349.910613456211,93.7319702081946
5.76,-444.760855658775,-353.054636516602,91.7062191421728
5.77,-446.081613117144,-356.302392071523,89.7792210456208
5.78,-447.607924001091,-359.547377247445,88.0605467536465
5.79,-449.33518636825,-360.518381890491,88.8168044777594
5.8,-451.266468180198,-361.508723143193,89.7577450370046
5.81,-453.395633513783,-362.496022875831,90.8996106379522
5.82,-455.725750330581,-363.485974624342,92.239775706239
5.83,-458.029789473986,-361.057100151152,96.9726893228336
5.84,-460.073051883449,-358.725205743579,101.34784613987
5.85,-461.870877366851,-356.389994761628,105.480882605223
5.86,-463.423265924192,-353.902257131852,109.52100879234
5.87,-464.727149593894,-351.427312280028,113.299837313866
5.88,-465.787130318323,-349.065070986086,116.722059332237
5.89,-466.600140135903,-346.693778229285,119.906361906618
5.9,-467.166179046633,-343.715537576374,123.450641470259
5.91,-467.489848992876,-340.747100890431,126.742748102445
5.92,-467.57421793621,-337.778461465885,129.795756470325
5.93,-467.433091703725,-334.754730757816,132.678360945909
5.94,-467.083344084087,-331.733077914142,135.350266169945
5.95,-466.531111000448,-328.731114876919,137.799996123529
5.96,-465.773324491232,-325.725350570192,140.04797392104
5.97,-464.816120479592,-322.612529266495,142.203591213097
5.98,-463.665634888678,-319.501666161174,144.163968727504
5.99,-462.593382317945,-318.577872697664,144.015509620281
6,-461.769634634851,-317.641801422369,144.127833212482
6.01,-461.198993781757,-316.702708220217,144.49628556154
6.02,-460.879925777877,-315.768117274178,145.111808503699
6.03,-460.809362661635,-318.128099915611,142.681262746024
6.04,-460.970430644363,-320.47859121337,140.491839430993
6.05,-461.344721956607,-322.823719075925,138.521002880682
6.06,-461.932236598367,-325.319237485594,136.612999112773
6.07,-462.729906608067,-327.814526810483,134.915379797584
6.08,-463.730062081769,-330.317150614088,133.412911467681
6.09,-464.935770981047,-332.826386968775,132.109384012273
6.1,-466.34856728669,-335.918946325506,130.429620961184
6.11,-467.963849056333,-339.007192668709,128.956656387624
6.12,-469.784684251553,-342.093689472349,127.690994779204
6.13,-471.804936949199,-345.234261920796,126.570675028403
6.14,-474.026141130057,-348.373693824035,125.652447306022
6.15,-476.449830774917,-351.514994917528,124.934835857389
6.16,-479.071403941413,-354.659856671045,124.411547270368
6.17,-481.867850917729,-357.912925361997,123.954925555732
6.18,-484.771676549196,-361.17651397589,123.595162573306
6.19,-487.75066723927,-364.447446066279,123.303221172991
6.2,-490.778745314556,-367.736320565532,123.042424749024
6.21,-493.84517290954,-371.034223821257,122.810949088283
6.22,-496.933076235553,-374.353132514918,122.579943720635
6.23,-500.04092131181,-377.684519579989,122.356401731821
6.24,-503.159504253581,-381.042848566943,122.116655686638
6.25,-506.288825060868,-384.405414980486,121.883410080382
6.26,-509.422747810518,-387.77212283479,121.650624975728
6.27,-512.56280648332,-391.144316457501,121.418490025819
6.28,-515.70439913691,-394.521900032246,121.182499104664
6.29,-518.850593732864,-397.903923608552,120.946670124312
6.3,-521.996788328817,-401.289935247177,120.70685308164
6.31,-525.144516905558,-404.680497736841,120.464019168717
6.32,-528.293779463088,-408.072599293392,120.221180169696
6.33,-531.443042020617,-411.46561076243,119.977431258187
6.34,-534.592304578146,-414.860879838451,119.731424739696
6.35,-537.743101116463,-418.256344393304,119.486756723159
6.36,-540.892363673992,-421.653291776412,119.23907189758
6.37,-544.043160212309,-425.049818730586,118.993341481723
6.38,-547.193956750627,-428.448723489963,118.745233260664
6.39,-550.344753288944,-431.845828773936,118.498924515008
6.4,-553.495549827261,-435.244346796521,118.25120303074
6.41,-556.647880346366,-438.641448329455,118.006432016911
6.42,-559.798676884683,-442.039744298416,117.758932586267
6.43,-562.951007403788,-445.436182050548,117.51482535324
6.44,-566.101803942105,-448.833772145596,117.268031796509
6.45,-569.25413446121,-452.230660640971,117.023473820239
6.46,-572.406464980315,-455.627876969603,116.778588010712
6.47,-575.55879549942,-459.024048839011,116.534746660409
6.48,-578.711126018525,-462.421616936715,116.28950908181
6.49,-581.864990518418,-465.818707095195,116.046283423223
6.5,-585.017321037523,-469.216502570851,115.800818466672
6.51,-588.169651556628,-472.614157463715,115.555494092913
6.52,-591.321982075733,-476.013058058319,115.308924017414
6.53,-594.475846575626,-479.411984259363,115.063862316263
6.54,-597.626643113943,-482.811142746718,114.815500367225
6.55,-600.780507613836,-486.210701194299,114.569806419537
6.56,-603.931304152153,-489.610882412088,114.320421740065
6.57,-607.085168652046,-493.011121504989,114.074047147057
6.58,-610.232897228787,-496.411283027591,113.821614201196
6.59,-613.115247129224,-497.620955828631,115.494291300593
6.6,-615.653985333175,-498.812013104481,116.841972228694
6.61,-617.910471072155,-499.993200242441,117.917270829714
6.62,-619.919985904285,-501.169422585478,118.750563318807
6.63,-621.677927887202,-499.042500533753,122.635427353449
6.64,-623.188898963269,-496.886319025174,126.302579938095
6.65,-624.451365151699,-494.71532699926,129.736038152439
6.66,-625.469928394855,-492.389078572278,133.080849822577
6.67,-626.246122673525,-490.055152989978,136.190969683547
6.68,-626.775346045346,-487.719316420064,139.056029625283
6.69,-627.06220045268,-485.376418162941,141.685782289739
6.7,-627.108219876317,-482.449803505642,144.658416370675
6.71,-626.930278104922,-479.51621034193,147.414067762992
6.72,-626.543714946375,-476.579714949133,149.963999997242
6.73,-625.951598362251,-473.589156874996,152.362441487255
6.74,-625.153928352551,-470.597137964741,154.55679038781
6.75,-624.158374821213,-467.603896675287,156.554478145926
6.76,-622.966471749026,-464.607856571094,158.358615177932
6.77,-621.575151174413,-461.507709592521,160.067441581892
6.78,-619.985947078164,-458.406509056893,161.579438021271
6.79,-618.197325479489,-455.304256338881,162.893069140608
6.8,-616.213888320753,-452.189687512724,164.024200808029
6.81,-614.035635601955,-449.073134763482,164.962500838473
6.82,-611.659499361521,-445.956369236843,165.703130124678
6.83,-609.111557272843,-442.834193729157,166.277363543686
6.84,-606.417887009315,-439.688760507907,166.729126501408
6.85,-603.607634205909,-436.537942486792,167.069691719117
6.86,-600.703808574441,-433.383413403225,167.320395171216
6.87,-597.721749922792,-430.217116237489,167.504633685303
6.88,-594.687535924354,-427.035102043913,167.652433880441
6.89,-591.613438425431,-423.846977210886,167.766461214545
6.9,-588.517865195478,-420.647709306981,167.870155888497
6.91,-585.402350215282,-417.439153194688,167.963197020594
6.92,-582.279165331147,-414.22128753384,168.057877797308
6.93,-579.145242581497,-411.000703459372,168.144539122125
6.94,-576.009785851058,-407.773436038324,168.236349812734
6.95,-572.866659216681,-404.539312990908,168.327346225773
6.96,-569.723532582303,-401.305123784482,168.418408797821
6.97,-566.575804005562,-398.065450301614,168.510353703948
6.98,-563.434211351972,-394.825718022732,168.60849332924
6.99,-560.461356585049,-393.806305120002,166.655051465047
7,-557.752346513643,-392.786267557164,164.966078956479
7.01,-555.299511233814,-391.76506941551,163.534441818304
7.02,-553.10438472635,-390.742195581403,162.362189144947
7.03,-551.16696699125,-393.072264146065,158.094702845185
7.04,-549.482656086152,-395.399018415865,154.083637670287
7.05,-548.056053953418,-397.726450951586,150.329603001832
7.06,-546.87949068911,-400.203323084023,146.676167605087
7.07,-545.957568235591,-402.688394096686,143.269174138905
7.08,-545.288752612073,-405.174452060717,140.114300551356
7.09,-544.868441876192,-407.662879006424,137.205562869768
7.1,-544.695102047161,-410.748899673885,133.946202373275
7.11,-544.757995259464,-413.833255343778,130.924739915686
7.12,-545.037179762859,-416.923113375481,128.114066387378
7.13,-545.524985653407,-420.065279474326,125.459706179082
7.14,-546.221412931107,-423.209280778637,123.01213215247
7.15,-547.127995576747,-426.348650495853,120.779345080894
7.16,-548.240131647965,-429.491774610615,118.74835703735
7.17,-549.55628716397,-432.743872264955,116.812414899015
7.18,-551.079530086341,-435.991873251135,115.087656835206
7.19,-552.803724491924,-439.243955197979,113.559769293945
7.2,-554.731938342297,-442.50709849442,112.224839847877
7.21,-556.861103675882,-445.772409686453,111.088693989429
7.22,-559.189686511892,-449.036746900479,110.152939611413
7.23,-561.719220831116,-452.302072086809,109.417148744307
7.24,-564.438968768037,-455.588026763778,108.850942004259
7.25,-567.292173033504,-458.884602725601,108.407570307903
7.26,-570.234348184669,-462.190719585582,108.043628599087
7.27,-573.237882567349,-465.504300899677,107.733581667672
7.28,-576.287436373666,-468.822135648846,107.46530072482
7.29,-579.364601834164,-472.159558339735,107.205043494429
7.3,-582.466310987269,-475.512483041673,106.953827945596
7.31,-585.578758005889,-478.877319486383,106.701438519506
7.32,-588.7050108516,-482.246922137156,106.458088714444
7.33,-591.835865639674,-485.621418718357,106.214446921317
7.34,-594.975924312476,-489.000483253041,105.975441059435
7.35,-598.115982985278,-492.38070159894,105.735281386338
7.36,-601.262177581232,-495.765485883518,105.496691697714
7.37,-604.408372177185,-499.153435340891,105.254936836294
7.38,-607.553032792351,-502.544085035034,105.008947757317
7.39,-610.429246769636,-503.744969567355,106.684277202281
7.4,-612.966450992799,-504.928931239773,108.037519753026
7.41,-615.222936731779,-506.103444493246,109.119492238533
7.42,-617.227849621545,-507.271413492379,109.956436129166
7.43,-618.985791604462,-505.138293511125,113.847498093337
7.44,-620.495228699742,-502.978849953687,117.516378746055
7.45,-621.754626926596,-500.804447148093,120.950179778503
7.46,-622.770122208176,-498.470327182796,124.29979502538
7.47,-623.541714544483,-496.133059785758,127.408654758725
7.48,-624.067869954727,-493.797005207395,130.270864747332
7.49,-624.353190381274,-491.453924666955,132.899265714319
7.5,-624.397675824123,-488.524218949827,135.873456874296
7.51,-624.219734052728,-485.59064285154,138.629091201188
7.52,-623.834704874969,-482.654713449167,141.179991425802
7.53,-623.245656252421,-479.664315340089,143.581340912332
7.54,-622.454122165872,-476.671989806276,145.782132359596
7.55,-621.463170576898,-473.678980832326,147.784189744572
7.56,-620.274335466286,-470.68251295357,149.591822512716
7.57,-618.884548872462,-467.581986606024,151.302562266438
7.58,-617.303014680152,-464.479803136619,152.823211543533
7.59,-615.804315450388,-463.5668101501,152.237505300288
7.6,-614.5617910122,-462.637881406914,151.923909605286
7.61,-613.570839423226,-461.709125904812,151.861713518414
7.62,-612.826858741102,-460.78476055034,152.042098190762
7.63,-612.335984888978,-463.1538138467,149.182171042278
7.64,-612.098217866856,-465.507506935552,146.590710931304
7.65,-612.107421751583,-467.858443961347,144.248977790236
7.66,-612.340586831342,-470.3655720631,141.975014768242
7.67,-612.790043202192,-472.864590951798,139.925452250394
7.68,-613.452722902559,-475.372690989981,138.080031912578
7.69,-614.317888066926,-477.879747606329,136.438140460597
7.7,-615.387072676083,-480.970655691607,134.416416984476
7.71,-616.664878672391,-484.059745016456,132.605133655935
7.72,-618.145170132701,-487.150636831296,130.994533301405
7.73,-619.831015018587,-490.295246555948,129.535768462639
7.74,-621.719345368475,-493.439128874431,128.280216494044
7.75,-623.810161182363,-496.585790091548,127.224371090815
7.76,-626.101928479464,-499.735510897498,126.366417581966
7.77,-628.59311327899,-502.98820207784,125.60491120115
7.78,-631.274511696214,-506.241050982042,125.033460714172
7.79,-633.793308149922,-507.327097556292,126.46621059363
7.8,-636.028318157872,-508.409291081613,127.619027076259
7.81,-638.013289297396,-509.483485949469,128.529803347927
7.82,-639.749755549282,-510.561069904277,129.188685645005
7.83,-641.239250894319,-508.37331526614,132.865935628179
7.84,-642.484843294083,-506.175470759565,136.309372534518
7.85,-643.483464786996,-503.966172267553,139.517292519443
7.86,-644.242785276999,-501.613821199132,142.628964077867
7.87,-644.758202821729,-499.258252903365,145.499949918364
7.88,-645.029717421185,-496.903518039975,148.12619938121
7.89,-645.055795094579,-494.542073675199,150.51372141938
7.9,-644.856377592154,-491.602514134306,153.253863457848
7.91,-644.448338702576,-488.659977928521,155.788360774055
7.92,-643.837814348998,-485.716277340486,158.121537008512
7.93,-643.027872492994,-482.720623889871,160.307248603123
7.94,-642.018513134565,-479.724727327438,162.293785807127
7.95,-640.809736273711,-476.728026264894,164.081710008817
7.96,-639.40307589122,-473.727978218279,165.675097672941
7.97,-637.796998006304,-470.624235140404,167.1727628659
7.98,-635.994570580538,-467.521142173886,168.473428406652
7.99,-633.995793613923,-464.416754479366,169.579039134557
8,-631.799133125671,-461.299247073009,170.499886052662
8.01,-629.409191058145,-458.181017215018,171.228173843127
8.02,-626.848977123164,-455.059592594932,171.789384528232
8.03,-624.141501032546,-451.927787810176,172.21371322237
8.04,-621.3235783252,-448.776409636071,172.547168689129
8.05,-618.407480847429,-445.621005935866,172.786474911563
8.06,-615.41775229184,-442.456453030962,172.961299260878
8.07,-612.375868389463,-439.271546883233,173.10432150623
8.08,-609.298702928965,-436.080952449176,173.217750479789
8.09,-606.19699377586,-432.881461610777,173.315532165083
8.1,-603.081478795664,-429.673399991229,173.408078804435
8.11,-599.953691969165,-426.454807419455,173.49888454971
8.12,-596.818235238727,-423.231027448288,173.587207790439
8.13,-593.676642585137,-420.002434156385,173.674208428752
8.14,-590.53351595076,-416.766837953534,173.766677997226
8.15,-587.387321354806,-413.530570814152,173.856750540654
8.16,-584.238058797277,-410.289805697703,173.948253099574
8.17,-581.088796239748,-407.048481226994,174.040315012754
8.18,-577.939533682218,-403.80343508548,174.136098596738
8.19,-574.788737143901,-400.558367725444,174.230369418457
8.2,-571.636406624796,-397.310845943306,174.32556068149
8.21,-568.485610086479,-394.062741873644,174.422868212835
8.22,-565.334813548162,-390.81349382814,174.521319720022
8.23,-562.182483029057,-387.564160605916,174.618322423141
8.24,-559.03168649074,-384.314040503708,174.717645987032
8.25,-555.880889952423,-381.06348094991,174.817409002513
8.26,-552.728559433318,-377.812974906193,174.915584527125
8.27,-549.576228914213,-374.56200950246,175.014219411753
8.28,-546.423898395108,-371.311239402856,175.112658992252
8.29,-543.270033895215,-368.059949656711,175.210084238504
8.3,-540.11770337611,-364.809208206968,175.308495169142
8.31,-536.963838876217,-361.55778407435,175.406054801867
8.32,-533.809974376324,-358.307192713614,175.50278166271
8.33,-530.656109876431,-355.055868660118,175.600241216313
8.34,-527.502245376539,-351.805321762594,175.696923613945
8.35,-524.348380876646,-348.553352521359,175.795028355287
8.36,-521.194516376753,-345.302666730619,175.891849646133
8.37,-518.039117896072,-342.050533717341,175.988584178731
8.38,-514.888321357755,-338.799533162177,176.088788195578
8.39,-511.909330667681,-337.772652971018,174.136677696663
8.4,-509.18958273076,-336.746393505162,172.443189225598
8.41,-506.729077546991,-335.719615856047,171.009461690944
8.42,-504.523213174012,-334.692133484766,169.831079689246
8.43,-502.575057573397,-337.016517337661,165.558540235736
8.44,-500.883076764359,-339.34111818154,161.541958582819
8.45,-499.444202785322,-341.667320494539,157.776882290783
8.46,-498.256901655499,-344.143881248594,154.113020406905
8.47,-497.324241336464,-346.62112862329,150.703112713174
8.48,-496.638551924279,-349.099535390096,147.539016534183
8.49,-496.207503322884,-351.58303596849,144.624467354394
8.5,-496.029561551489,-354.664202953337,141.365358598152
8.51,-496.095522725368,-357.746649465286,138.348873260082
8.52,-496.380843151915,-360.827332821674,135.553510330241
8.53,-496.882454869553,-363.958062859853,132.9243920097
8.54,-497.592687974344,-367.093403434667,130.499284539677
8.55,-498.506940523924,-370.231408747197,128.275531776727
8.56,-499.629814460656,-373.370337070224,126.259477390432
8.57,-500.956707842177,-376.615595412705,124.341112429473
8.58,-502.486086687699,-379.864255147847,122.621831539852
8.59,-504.221018958798,-383.110942888493,121.110076070306
8.6,-506.158436693898,-386.372287250372,119.786149443526
8.61,-508.298339892998,-389.634393814654,118.663946078344
8.62,-510.636126613736,-392.897924065909,117.738202547827
8.63,-513.177932779262,-396.161311056712,117.01662172255
8.64,-515.903816639335,-399.444359956888,116.459456682447
8.65,-518.761622847166,-402.740007076937,116.021615770229
8.66,-521.705331979119,-406.04353214377,115.661799835349
8.67,-524.71500228495,-409.356017363283,115.358984921667
8.68,-527.767624052843,-412.671340262394,115.096283790449
8.69,-530.850925436493,-416.008233111067,114.842692325426
8.7,-533.955702551173,-419.358360440141,114.597342111032
8.71,-537.075819473733,-422.722377315725,114.353442158008
8.72,-540.203606300232,-426.090729960964,114.112876339268
8.73,-543.340597011458,-429.46456489302,113.876032118438
8.74,-546.48065568426,-432.84305400751,113.63760167675
8.75,-549.622248337849,-436.223658026136,113.398590311713
8.76,-552.768442933803,-439.608365641763,113.16007729204
8.77,-555.914637529756,-442.996327991405,112.918309538351
8.78,-559.062366106498,-446.387706833316,112.674659273182
8.79,-562.211628664027,-449.780815644301,112.430813019726
8.8,-565.362425202344,-453.174883056225,112.187542146119
8.81,-568.513221740661,-456.570101346293,111.943120394368
8.82,-571.665552259766,-459.96625198175,111.699300278016
8.83,-574.817882778871,-463.363458608451,111.45442417042
8.84,-577.971747278764,-466.762116764059,111.209630514705
8.85,-581.124077797869,-470.161486474525,110.962591323344
8.86,-584.277942297762,-473.562060278094,110.715882019668
8.87,-587.431806797655,-476.962198157423,110.469608640232
8.88,-590.587205278336,-480.363945313694,110.223259964642
8.89,-593.741069778228,-483.764794528877,109.976275249351
8.9,-596.896468258909,-487.167198117661,109.729270141248
8.91,-600.050332758802,-490.568072342953,109.482260415849
8.92,-603.205731239483,-493.970098622556,109.235632616927
8.93,-606.361129720164,-497.370359367414,108.99077035275
8.94,-609.516528200844,-500.772116276614,108.74441192423
8.95,-612.671926681525,-504.172132681191,108.499794000334
8.96,-615.825791181418,-507.573110184897,108.252680996521
8.97,-618.979655681311,-510.973241512823,108.006414168488
8.98,-622.12891823884,-514.373697413884,107.755220824956
8.99,-625.011268139277,-515.581602396206,109.429665743071
9,-627.551540324016,-516.773318779587,110.778221544429
9.01,-629.80495810142,-517.95387791644,111.85108018498
9.02,-631.811404971974,-519.127904672737,112.683500299237
9.03,-633.569346954891,-516.997885556367,116.571461398524
9.04,-635.080318030959,-514.843135747605,120.237182283354
9.05,-636.344318200176,-512.672408185666,123.67191001451
9.06,-637.362881443332,-510.341644733862,127.02123670947
9.07,-638.139075722003,-508.006166003097,130.132909718906
9.08,-638.674435016975,-505.67103242986,133.003402587115
9.09,-638.962823405097,-503.329496960806,135.633326444291
9.1,-639.008842828734,-500.40056068949,138.608282139244
9.11,-638.827833095763,-497.468310999591,141.359522096172
9.12,-638.436667994852,-494.532644779052,143.9040232158
9.13,-637.838415487577,-491.543255877346,146.295159610231
9.14,-637.042279458664,-488.551885962582,148.490393496082
9.15,-636.046725927327,-485.560811820216,150.485914107111
9.16,-634.851754893564,-482.564682926533,152.287071967031
9.17,-633.458900338163,-479.465372975009,153.993527363154
9.18,-631.87276420349,-476.365203898313,155.507560305177
9.19,-630.367929050574,-475.453566340663,154.914362709911
9.2,-629.119268689235,-474.525746354206,154.593522335029
9.21,-628.122181177109,-473.599311247893,154.522869929216
9.22,-627.378200494985,-472.669354954946,154.708845540039
9.23,-626.885792662073,-475.043268127529,151.842524534544
9.24,-626.6418897168,-477.393462563585,149.248427153215
9.25,-626.638821755224,-479.749493167761,146.889328587463
9.26,-626.858181007892,-482.248361232287,144.609819775605
9.27,-627.289229609287,-484.754496664704,142.534732944583
9.28,-627.928899597836,-487.256890264067,140.672009333769
9.29,-628.780258935112,-489.77184057348,139.008418361632
9.3,-629.837171697965,-492.867340006134,136.969831691831
9.31,-631.098103905607,-495.955967612419,135.142136293188
9.32,-632.566123519614,-499.050484350604,133.51563916901
9.33,-634.235094616834,-502.196284343991,132.038810272843
9.34,-636.108085158842,-505.34173102778,130.766354131062
9.35,-638.183561164851,-508.486934418424,129.696626746427
9.36,-640.458454673286,-511.637503919344,128.820950753942
9.37,-642.934299664933,-514.89103177031,128.043267894623
9.38,-645.600358274278,-518.14273617305,127.457622101228
9.39,-648.103814920108,-519.229953958738,128.87386096137
9.4,-650.326553081754,-520.312303895493,130.014249186262
9.41,-652.302320336551,-521.388047248995,130.914273087556
9.42,-654.028048722922,-522.463852826376,131.564195896546
9.43,-655.508340183232,-520.278073518375,135.230266664857
9.44,-656.741660736692,-518.08076897854,138.660891758152
9.45,-657.72954436409,-515.873332573607,141.856211790483
9.46,-658.470457084639,-513.521235730877,144.949221353761
9.47,-658.965932879126,-511.167500307257,147.798432571869
9.48,-659.222107670703,-508.813872906494,150.408234764209
9.49,-659.238981459369,-506.453421584328,152.785559875041
9.5,-659.039563956944,-503.51350601872,155.526057938224
9.51,-658.633059048155,-500.572241910675,158.06081713748
9.52,-658.024068675364,-497.628576778772,160.395491896592
9.53,-657.209524876997,-494.633999864294,162.575525012703
9.54,-656.195563576204,-491.637700360535,164.557863215669
9.55,-654.983718753775,-488.641404123812,166.342314629963
9.56,-653.573990409708,-485.64165421886,167.932336190848
9.57,-651.967912524792,-482.540103372219,169.427809152573
9.58,-650.165485099026,-479.436434500139,170.729050598887
9.59,-648.453562539746,-478.526567969542,169.926994570204
9.6,-646.994746810466,-477.600083588679,169.394663221787
9.61,-645.790571891976,-476.671568922614,169.119002969362
9.62,-644.836435841911,-475.745827518167,169.090608323744
9.63,-644.130804679484,-478.122220550035,166.008584129449
9.64,-643.678280347058,-480.477823283465,163.200457063593
9.65,-643.48039682542,-482.826197096994,160.654199728426
9.66,-643.524882268269,-485.330567131878,158.194315136391
9.67,-643.793328906149,-487.832368488204,155.960960417945
9.68,-644.274998873545,-490.337976484703,153.937022388842
9.69,-644.968358189669,-492.845041791142,152.123316398527
9.7,-645.864202969795,-495.937458489851,149.926744479944
9.71,-646.967135156284,-499.030104386384,147.9370307699
9.72,-648.275620768351,-502.119424846211,146.15619592214
9.73,-649.786591844418,-505.263115256482,144.523476587937
9.74,-651.506184307638,-508.407131614977,143.099052692661
9.75,-653.423660292495,-511.555314225816,141.868346066679
9.76,-655.545155722141,-514.704899013836,140.840256708305
9.77,-657.869136615788,-517.957576798411,139.911559817377
9.78,-660.391001031072,-521.210845180697,139.180155850375
9.79,-663.104613044841,-524.463791164932,138.640821879909
9.8,-665.950147406369,-527.744689970945,138.205457435424
9.81,-668.890788576746,-531.030957671195,137.859830905551
9.82,-671.897390921002,-534.322479290138,137.574911630864
9.83,-674.951546669682,-537.620152380504,137.331394289178
9.84,-678.037916014908,-540.959445072185,137.078470942723
9.85,-681.144227110377,-544.30836572877,136.835861381607
9.86,-684.267411994512,-547.66487723647,136.602534758042
9.87,-687.399800763374,-551.032905730942,136.366895032432
9.88,-690.541393416964,-554.407615280002,136.133778136962
9.89,-693.68605403213,-557.782865579505,135.903188452625
9.9,-696.836850570447,-561.164580508693,135.672270061754
9.91,-699.987647108764,-564.552329655711,135.435317453053
9.92,-703.143045589444,-567.945393206475,135.197652382969
9.93,-706.296910089337,-571.337418053151,134.959492036186
9.94,-709.455376531594,-574.73497199576,134.720404535834
9.95,-712.610775012275,-578.131235079398,134.479539932877
9.96,-715.769241454531,-581.529769835631,134.2394716189
9.97,-718.926173916,-584.927079095969,133.999094820031
9.98,-722.084640358256,-588.327411375963,133.757228982293
9.99,-725.243106800513,-591.726862748375,133.516244052138
