0,886.904740093417,886.875128571303,-0.0296115221142372
0.01,883.890467845222,886.777289570723,2.88682172550057
0.02,880.840914038905,886.677194253141,5.83628021423635
0.03,877.765282559194,883.349410306396,5.58412774720227
0.04,874.668175348453,880.487394810653,5.81921946219995
0.05,871.558796291409,877.423502895192,5.86470660378291
0.06,868.43867936885,874.353247879653,5.91456851080261
0.07,865.320096427078,871.278793956798,5.95869752971976
0.08,862.20611542767,868.151170090975,5.94505466330463
0.09,859.104406274565,865.042447147425,5.93804087285969
0.1,856.021104890915,861.938173212865,5.91706832195041
0.11,852.965415161447,858.87028740945,5.90487224800268
0.12,849.938871066949,855.820089804189,5.88121873724003
0.13,846.953744453723,852.82411127975,5.87036682602684
0.14,844.011569302559,849.862290448486,5.8507211459272
0.15,841.126151440546,846.963119209524,5.83696776897784
0.16,838.295956886897,844.11234083382,5.81638394692345
0.17,835.536325449491,841.344712404885,5.80838695539376
0.18,832.847257128327,838.623457539602,5.77620041127511
0.19,830.239489788921,836.004302236592,5.76481244767069
0.2,827.717625373637,833.448769957468,5.73114458383088
0.21,825.284731844051,831.005306982628,5.72057513857726
0.22,822.953081046465,828.625734822177,5.67265377571186
0.23,820.724206961667,826.377774568036,5.65356760636939
0.24,818.602711532021,824.210171460273,5.60745992825161
0.25,816.599332623042,822.185019513398,5.58568689035587
0.26,814.712536253943,820.240082298306,5.52754604436325
0.27,812.948458347874,818.447024282349,5.4985659344751
0.28,811.314768808776,816.744808651503,5.43003984272684
0.29,809.813001617436,815.207760879326,5.39475926189039
0.3,808.444690754642,813.762454118108,5.31776336346593
0.31,807.211370201182,812.492155812281,5.28078561109851
0.32,806.123777822571,811.32317597659,5.19939815401915
0.33,805.183447599597,810.331861097072,5.1484134974753
0.34,804.39037953226,809.444843923387,5.05446439112654
0.35,803.744573620561,808.746357364945,5.00178374438417
0.36,803.252165787649,808.150035804285,4.89787001663558
0.37,802.907020110375,807.748790644665,4.84177053428971
0.38,802.715272511889,807.451286343335,4.73601383144569
0.39,802.67845697298,807.354830352259,4.67637337927863
0.4,802.782767666556,807.360393922348,4.57762625579176
0.41,803.020534688679,807.565040598685,4.54450591000602
0.42,803.394826000923,807.880948068215,4.4861220672916
0.43,803.907175584076,808.379380045082,4.47220446100562
0.44,804.566787322867,808.98292709185,4.41613976898282
0.45,805.359855390204,809.781782679565,4.42192728936072
0.46,806.295583670814,810.669345787404,4.37376211659046
0.47,807.369370222334,811.756998043771,4.38762782143658
0.48,808.585816987128,812.936651149576,4.35083416244754
0.49,809.929584157316,814.297839920421,4.36825576310514
0.5,811.408341636837,815.755801450349,4.34745981351216
0.51,813.019021464117,817.387877607898,4.36885614378082
0.52,814.764691600731,819.107503323546,4.34281172281464
0.53,816.6300122388,820.990811135305,4.36079889650512
0.54,818.616517359112,822.952475406799,4.33595804768697
0.55,820.722672980879,825.072599980095,4.34992699921588
0.56,822.939275219374,827.263448836072,4.32417361669786
0.57,825.257120189869,829.5900086127,4.33288842283082
0.58,827.680809834728,831.997422407148,4.31661257242013
0.59,830.193470365285,834.516840916098,4.32337055081337
0.6,832.795101781539,837.104984717777,4.30988293623818
0.61,835.479568160339,839.802910827981,4.32334266764155
0.62,838.234597655381,842.548026734805,4.3134290794244
0.63,841.060190266667,845.382658822429,4.32246855576238
0.64,843.942540167104,848.257117537354,4.31457737025016
0.65,846.881647356693,851.199198544938,4.31755118824481
0.66,849.862172027554,854.184443418355,4.32227139080078
0.67,852.884114179689,857.207319914883,4.32320573519394
0.68,855.932134005218,860.262242333022,4.3301083278036
0.69,859.006231504141,863.346455597161,4.34022409301963
0.7,862.091066868579,866.442637310916,4.35157044233688
0.71,865.185106117744,869.545894852678,4.36078873493352
0.72,868.277611386122,872.657739143675,4.38012775755351
0.73,871.363980731348,875.748828594275,4.38484786292656
0.74,874.433476287907,878.837198931175,4.40372264326822
0.75,877.483030094223,881.891860899814,4.40883080559138
0.76,880.50343826557,884.924423654149,4.42098538857886
0.77,883.488564878796,887.904433511923,4.41586863312659
0.78,886.432274010748,890.847497487877,4.41522347712942
0.79,889.322293815125,893.720774950199,4.39848113507435
0.8,892.154022349562,896.547529024258,4.39350667469648
0.81,894.913653786968,899.284311126983,4.3706573400151
0.82,897.599654146556,901.969978440372,4.37032429381634
0.83,900.195149639658,904.544799684419,4.34965004476101
0.84,902.698606285487,907.058409580115,4.35980329462802
0.85,905.102354180104,909.43961181541,4.33725763530583
0.86,907.394121477205,911.755091869093,4.36097039188837
0.87,909.575442157579,913.917034784209,4.3415926266299
0.88,911.637112336497,916.002422786471,4.36531044997412
0.89,913.569928129233,917.931503950932,4.36157582169915
0.9,915.375423516574,919.764348337304,4.38892482073004
0.91,917.045928594582,921.430576600371,4.38464800578913
0.92,918.573773459316,922.993338628157,4.41956516884136
0.93,919.951288206837,924.37644788596,4.42515967912288
0.94,921.184608760297,925.658519286383,4.473910526086
0.95,922.269133177332,926.746085440013,4.47695226268104
0.96,923.195657573215,927.724440807178,4.52878323396317
0.97,923.964181947946,928.499474846265,4.53529289831863
0.98,924.568570378373,929.163522001348,4.59495162297549
0.99,925.002686941345,929.621667176007,4.61898023466244
1,925.266531636861,929.965459435729,4.69892779886754
1.01,925.364706407286,930.10109259725,4.73638618996404
1.02,925.306415137346,930.120094699568,4.81367956222221
1.03,925.106997634921,929.924163759795,4.81716612487389
1.04,924.764919919223,929.61401160047,4.84909168124716
1.05,924.274046067099,929.093451650847,4.81940558374788
1.06,923.635910059339,928.462727237238,4.82681717789933
1.07,922.852045876729,927.628406802669,4.77636092594003
1.08,921.92245351927,926.680333169347,4.75787965007703
1.09,920.844065025387,925.53436636136,4.69030133597312
1.1,919.618414375866,924.283166257719,4.66475188185257
1.11,918.245501570708,922.839753908497,4.59425233778848
1.12,916.725326609914,921.293331443545,4.56800483363054
1.13,915.064025416634,919.565181798732,4.5011563820982
1.14,913.263131971656,917.742089057663,4.47895708600686
1.15,911.33031617892,915.749443241218,4.41912706229755
1.16,909.268646000002,913.664398061661,4.39575206165898
1.17,907.082723377265,911.426996596753,4.3442732194884
1.18,904.784820157012,909.104781209144,4.3199610521317
1.19,902.373402358456,906.645448385163,4.2720460267069
1.2,899.862275808687,904.112580515395,4.25030470670822
1.21,897.256042450069,901.45934152522,4.20329907515145
1.22,894.559304224966,898.744118629786,4.18481440482037
1.23,891.784332979681,895.930537860264,4.14620488058256
1.24,888.935730656578,893.059984251043,4.12425359446536
1.25,886.024235121171,890.114812885605,4.09057776443422
1.26,883.055982296612,887.128945101131,4.07296280451897
1.27,880.043244029205,884.086912513458,4.04366848425286
1.28,876.9921562421,881.015236935655,4.02308069355547
1.29,873.913456800813,877.903481258459,3.9900244576462
1.3,870.813281628497,874.781443308034,3.96816167953682
1.31,867.70543655224,871.648124087989,3.94268753574943
1.32,864.594523514408,868.505488578173,3.91096506376448
1.33,861.492814361303,865.37881850162,3.88600414031737
1.34,858.406445016078,862.262506618044,3.85606160196573
1.35,855.346153344246,859.182992033405,3.83683868915932
1.36,852.321143230535,856.129526839514,3.80838360897917
1.37,849.339084578885,853.132836722588,3.79375214370327
1.38,846.410715254812,850.170809994236,3.76009473942372
1.39,843.542171181466,847.293324324494,3.7511531430282
1.4,840.748792166726,844.460555994309,3.71176382758256
1.41,838.03211219138,841.73724584106,3.70513364968008
1.42,835.407471063308,839.075586041035,3.66811497772721
1.43,832.879470724873,836.539510516713,3.66003979183984
1.44,830.457315060801,834.069458460753,3.61214339995229
1.45,828.151741936609,831.746552961268,3.59481102465941
1.46,825.964285333084,829.508564454001,3.54427912091694
1.47,823.908751077317,827.429548447911,3.52079737059432
1.48,821.989741111672,825.453021317749,3.46328020607734
1.49,820.208789416937,823.639650468797,3.43086105185978
1.5,818.576633858627,821.931470789074,3.35483693044739
1.51,817.102478321469,820.421295076141,3.31881675467184
1.52,815.783254843887,819.020293386383,3.23703854249572
1.53,814.625099349033,817.814360764683,3.18926141564998
1.54,813.629545817696,816.726982911438,3.09743709374231
1.55,812.805798134601,815.857262856905,3.05146472230399
1.56,812.158458242113,815.103213315176,2.94475507306299
1.57,811.690594101808,814.564682188797,2.87408808698922
1.58,811.397603771322,814.152727179774,2.75512340845228
1.59,811.279487250655,813.964513637658,2.68502638700295
1.6,811.328574635867,813.900000877248,2.57142624138135
1.61,811.538730003807,814.059554230619,2.52082422681156
1.62,811.909953354476,814.346323758655,2.43637040417877
1.63,812.44377866866,814.845407806323,2.40162913766324
1.64,813.134070023209,815.466771089958,2.33270106674945
1.65,813.986963341273,816.304356339846,2.31739299857338
1.66,814.996322699702,817.269839614394,2.27351691469232
1.67,816.159080136919,818.440712860548,2.28163272362906
1.68,817.479837595289,819.731700698204,2.25186310291508
1.69,818.953993132447,821.225152510537,2.27115937809049
1.7,820.583080729181,822.821941281852,2.23886055267133
1.71,822.357896500765,824.60784518916,2.24994868839485
1.72,824.272304524046,826.492957676603,2.22065315255679
1.73,826.323236837449,828.556261544609,2.23302470715998
1.74,828.504557517823,830.711822521992,2.20726500416856
1.75,830.803994718863,833.022533514207,2.21853879534376
1.76,833.223082421359,835.415923866587,2.19284144522794
1.77,835.744946836643,837.954195810714,2.20924897407065
1.78,838.364986022352,840.553777953422,2.18879193107045
1.79,841.078598036121,843.275582368437,2.19698433231588
1.8,843.867375108497,846.054959386237,2.18758427774026
1.81,846.732851220268,848.924675119344,2.19182389907621
1.82,849.65508462119,851.85086096024,2.19577633904964
1.83,852.632541330476,854.832278641949,2.19973731147252
1.84,855.649881540247,857.855756096346,2.2058745560995
1.85,858.702503308139,860.916640987575,2.21413767943557
1.86,861.775066826274,864.002058944498,2.22699211822362
1.87,864.859902190712,867.102398389326,2.24249619861428
1.88,867.946271535938,870.20462866749,2.25835713155186
1.89,871.026504958013,873.29995882436,2.27345386634693
1.9,874.08986459142,876.383452094312,2.29358750289168
1.91,877.128680532222,879.427868018776,2.29918748655439
1.92,880.132214914902,882.446918532765,2.31470361786273
1.93,883.091263854733,885.397644154372,2.30638029963893
1.94,885.998157447777,888.308789908725,2.31063246094823
1.95,888.836021905365,891.1292127757,2.2931908703348
1.96,891.598721304347,893.89779426528,2.29907296093313
1.97,894.272449817632,896.555121953397,2.28267213576487
1.98,896.84953754128,899.144206130633,2.29466858935291
1.99,899.317712628988,901.595596649167,2.27788402017848
2,901.667771196028,903.967090170091,2.29931897406277
2.01,903.896645280826,906.17850491225,2.28185963142448
2.02,905.988995075502,908.299206113815,2.31021103831335
2.03,907.938684656905,910.241858464225,2.30317380732004
2.04,909.744180044246,912.07961880887,2.33543876462409
2.05,911.393209391223,913.729810323412,2.33660093218919
2.06,912.878102793897,915.261620129875,2.38351733597779
2.07,914.197326271478,916.584509198747,2.38718292726855
2.08,915.34934584318,917.789564504517,2.44021866133676
2.09,916.326491605064,918.768426877719,2.44193527265452
2.1,917.122627633976,919.625768746733,2.50314111275736
2.11,917.737753929918,920.2524795291,2.51472559918182
2.12,918.164200588951,920.743284499749,2.57908391079798
2.13,918.395831687921,921.009330316792,2.61349862887096
2.14,918.435715188406,921.139173361221,2.7034581728152
2.15,918.305326821436,921.033168888281,2.72784206684526
2.16,918.01233649095,920.786339744663,2.77400325371298
2.17,917.556744196948,920.300060076909,2.7433158799613
2.18,916.940083920218,919.693090560255,2.75300664003657
2.19,916.160821679972,918.853821419679,2.69299973970749
2.2,915.217423495422,917.891167644893,2.67374414947085
2.21,914.102219462629,916.704021012221,2.60180154959176
2.22,912.822879485533,915.394146340637,2.57126685510366
2.23,911.376335602557,913.874948856264,2.49861325370739
2.24,909.767189756065,912.240143341686,2.47295358562098
2.25,908.00004388842,910.410984499399,2.4109406109792
2.26,906.084101884351,908.469546255377,2.38544437102621
2.27,904.023965686221,906.347133769111,2.32316808289022
2.28,901.825771217181,904.128152197292,2.30238098011102
2.29,899.498722361958,901.74662044711,2.24789808515152
2.3,897.050489024493,899.277692751392,2.22720372689912
2.31,894.490275089511,896.667448712879,2.17717362336816
2.32,891.82881842253,893.985369531425,2.15655110889531
2.33,889.072254946699,891.182669691713,2.1104147450144
2.34,886.235924469899,888.321682797716,2.08575832781742
2.35,883.32596291528,885.375566282939,2.0496033676593
2.36,880.357710090721,882.382894567397,2.02518447667649
2.37,877.337301919374,879.328840743499,1.99153882412531
2.38,874.27854422833,876.244958021678,1.9664137933479
2.39,871.19524284468,873.130799913466,1.93555706878556
2.4,868.095067672363,869.999182640087,1.90411496772435
2.41,864.993358519258,866.867473409187,1.87411488992893
2.42,861.899319270093,863.741747199446,1.84242792935265
2.43,858.82522177117,860.64180141083,1.81657963965972
2.44,855.778735926429,857.563178963099,1.78444303667038
2.45,852.776735524537,854.536986278102,1.76025075356517
2.46,849.826890469433,851.549815776798,1.7229253073649
2.47,846.943006588208,848.650526232704,1.70751964449641
2.48,844.132753784802,845.799344410366,1.6665906255638
2.49,841.414539828668,843.067238093756,1.65269826508768
2.5,838.791432681384,840.406932743277,1.61550006189282
2.51,836.278772150827,837.881308216037,1.60253606520985
2.52,833.888830083301,835.433763050454,1.54493296715293
2.53,831.624674440382,833.150239249972,1.5255648095897
2.54,829.504712991524,830.96242034349,1.45770735196629
2.55,827.532013698303,828.959677169372,1.42766347106874
2.56,825.712712483871,827.063615567482,1.35090308361089
2.57,824.060615175318,825.377349876184,1.3167347008656
2.58,822.57878973422,823.807926928057,1.22913719383678
2.59,821.27337208373,822.454706668405,1.18133458467514
2.6,820.145896204634,821.231050849995,1.08515464536072
2.61,819.20556598166,820.237762674888,1.03219669322777
2.62,818.45851733796,819.383358203189,0.924840865229044
2.63,817.909352215897,818.776983377559,0.867631161661848
2.64,817.555002653895,818.295622487355,0.740619833459505
2.65,817.395468651955,818.069986181483,0.674517529527861
2.66,817.424614286925,817.980195370217,0.555581083292168
2.67,817.633235674077,818.14452877801,0.511293103933099
2.68,818.00139106317,818.447020108464,0.445629045294481
2.69,818.295915374444,818.971879586034,0.67596421159044
2.7,818.483061030566,819.623413545012,1.14035251444557
2.71,818.599643570445,819.59923392406,0.999590353615076
2.72,818.6686727059,819.668633881389,0.999961175489148
2.73,818.705488244809,819.691957096147,0.986468851338145
2.74,818.717760091112,819.70931667742,0.991556586307524
2.75,818.717760091112,819.723741881815,1.00598179070346
2.76,818.716226110324,819.724024835647,1.00779872532291
2.77,818.716226110324,819.724906938242,1.00868082791771
2.78,818.716226110324,819.724855550519,1.00862944019468
2.79,818.716226110324,819.728822489491,1.01259637916712
2.8,818.717760091112,819.733206941787,1.01544685067461
2.81,818.717760091112,819.741789842674,1.02402975156213
2.82,818.717760091112,819.75289970657,1.03513961545821
2.83,818.717760091112,819.768699761468,1.05093967035555
2.84,818.717760091112,819.787279155993,1.06951906488052
2.85,818.7192940719,819.81059445012,1.09130037822024
2.86,818.7192940719,819.836108371065,1.11681429916518
2.87,818.722362033476,819.867359939506,1.14499790602986
2.88,818.730031937415,819.902019681413,1.17198774399787
2.89,818.743837764506,819.942808136283,1.19897037177748
2.9,818.763779514749,819.986212734889,1.22243322014003
2.91,818.789857188143,820.036445298884,1.24658811074096
2.92,818.822070784689,820.091341966226,1.26927118153696
2.93,818.855818362022,820.153483937339,1.29766557531718
2.94,818.895701862507,820.221790998255,1.32608913574836
2.95,818.932517401416,820.299319748765,1.36680234734899
2.96,818.969332940326,820.381681094649,1.41234815432347
2.97,819.009216440811,820.475624971785,1.46640853097415
2.98,819.056769845235,820.576191480746,1.51942163551143
2.99,819.113527134387,820.683188317857,1.56966118346952
3,819.18409025063,820.794131385122,1.61004113449155
3.01,819.269993174751,820.912554153392,1.64256097864052
3.02,819.368167945176,821.035327917095,1.66715997191875
3.03,819.480148542691,821.16826323248,1.68811468978924
3.04,819.602867005722,821.307548517477,1.70468151175476
3.05,819.736323334268,821.459784073406,1.72346073913764
3.06,819.883585489905,821.618393985498,1.73480849559292
3.07,820.038517549482,821.789069116745,1.75055156726319
3.08,820.19958553221,821.966846798029,1.76726126581889
3.09,820.366789438089,822.157719819979,1.79093038189001
3.1,820.537061305545,822.353899833718,1.81683852817275
3.11,820.713469096152,822.566247715269,1.85277861911686
3.12,820.891410867546,822.782227229018,1.89081636147239
3.13,821.073954581305,823.009026269819,1.93507168851363
3.14,821.268770141366,823.246423936246,1.97765379487976
3.15,821.475857547731,823.494065099,2.0182075512688
3.16,821.696750781186,823.747534167519,2.0507833863328
3.17,821.931449841733,824.015969510138,2.08451966840505
3.18,822.176886767794,824.290371490286,2.11348472249176
3.19,822.434595540159,824.580835845259,2.14624030510049
3.2,822.706110139615,824.878822422117,2.17271228250218
3.21,822.994498527738,825.191563968017,2.19706544027929
3.22,823.295158762163,825.514411167139,2.21925240497558
3.23,823.603488900528,825.851680598813,2.24819169828459
3.24,823.917954962045,826.200832412327,2.28287745028217
3.25,824.240090927501,826.565926144499,2.32583521699803
3.26,824.579100681623,826.938891876745,2.35979119512172
3.27,824.933450243625,827.326050031675,2.39259978804978
3.28,825.301605632717,827.72064458141,2.41903894869313
3.29,825.682032868113,828.132940220132,2.45090735201893
3.3,826.079333892176,828.553578104066,2.47424421188987
3.31,826.495042685693,828.997839088703,2.50279640301005
3.32,826.921489344725,829.447646819296,2.52615747457048
3.33,827.355605907696,829.914858774287,2.55925286659078
3.34,827.800460336183,830.398061132021,2.59760079583805
3.35,828.262188553337,830.89217314088,2.62998458754316
3.36,828.739256578369,831.399633124229,2.66037654586
3.37,829.236266353644,831.922157124645,2.68589077100103
3.38,829.748615936798,832.458474180862,2.70985824406432
3.39,830.271703385467,833.012060702217,2.74035731674985
3.4,830.807062680439,833.576809364249,2.76974668381047
3.41,831.362363725654,834.165794723547,2.80343099789309
3.42,831.933004578747,834.760023873093,2.82701929434586
3.43,832.523587182083,835.373557359861,2.84997017777846
3.44,833.131043574086,836.000289410813,2.86924583672749
3.45,833.749237831604,836.64724029424,2.89800246263633
3.46,834.379703935425,837.310292922929,2.93058898750439
3.47,835.027043827912,837.990692835932,2.96364900802007
3.48,835.695859451431,838.682399537166,2.98654008573453
3.49,836.381548863615,839.39498901112,3.01344014750521
3.5,837.079510122103,840.119380767306,3.03987064520311
3.51,837.797413130834,840.869598811692,3.07218568085841
3.52,838.535257889807,841.6304141718,3.09515628199267
3.53,839.29457837981,842.409488770839,3.11491039102862
3.54,840.064636735329,843.204350158968,3.13971342363925
3.55,840.851568879514,844.020319705243,3.16875082572869
3.56,841.655374812366,844.853438856902,3.19806404453573
3.57,842.480656476249,845.704981158319,3.22432468206978
3.58,843.318209986434,846.57201817559,3.25380818915585
3.59,844.178773208438,847.458944658195,3.28017144975718
3.6,845.059278180684,848.364547752885,3.30526957220127
3.61,845.961258883961,849.287071505205,3.32581262124381
3.62,846.877045414329,850.230559090875,3.3535136765455
3.63,847.809705733363,851.195104077226,3.38539834386324
3.64,848.763841783428,852.177067561932,3.4132257785036
3.65,849.733317641372,853.1766776145,3.44335997312771
3.66,850.725803211134,854.188909206328,3.4631059951937
3.67,851.742832473502,855.232990592165,3.49015811866275
3.68,852.775201543749,856.284479313209,3.50927776945957
3.69,853.824444402663,857.361268299989,3.5368238973258
3.7,854.895162992607,858.454968747954,3.5598057553475
3.71,855.984289352006,859.577144275413,3.592854923407
3.72,857.096425423223,860.709403507088,3.61297808386496
3.73,858.234639167834,861.871540414405,3.63690124657091
3.74,859.389726701112,863.043438945244,3.65371224413184
3.75,860.563222003845,864.243009077043,3.67978707319753
3.76,861.758193037608,865.461193265886,3.70300022827803
3.77,862.973105821613,866.704728813378,3.73162299176533
3.78,864.214096279013,867.959471645607,3.74537536659386
3.79,865.476562467442,869.243719824211,3.76715735676885
3.8,866.757436425327,870.544868349089,3.78743192376191
3.81,868.058252133454,871.874306372376,3.81605423892222
3.82,869.380543572611,873.212979739282,3.83243616667119
3.83,870.728912685163,874.578319318852,3.84940663368945
3.84,872.098757528745,875.962060995602,3.86330346685679
3.85,873.487010141781,877.376755135229,3.88974499344818
3.86,874.89520450506,878.805471382529,3.91026687746864
3.87,876.329476541733,880.261473883451,3.93199734171776
3.88,877.788292271013,881.733233926395,3.94494165538197
3.89,879.267049750534,883.231077167962,3.96402741742838
3.9,880.767282961086,884.741349307996,3.97406634691038
3.91,882.288991902669,886.285717775461,3.99672587279201
3.92,883.838312498434,887.839699588512,4.00138709007763
3.93,885.406040863653,889.426738134651,4.02069727099843
3.94,886.995244959902,891.028184055184,4.03293909528202
3.95,888.60745876797,892.660456767956,4.05299799998568
3.96,890.24728423022,894.306167346277,4.05888311605656
3.97,891.903983481136,895.982705601387,4.0787221202512
3.98,893.583692443871,897.673847368642,4.09015492477079
3.99,895.287945099212,899.399255004158,4.11130990494587
4,897.018275427947,901.131840614634,4.11356518668663
4.01,898.768547506925,902.894289923358,4.12574241643313
4.02,900.538761336144,904.673279461354,4.13451812521032
4.03,902.336586819546,906.483389029434,4.14680220988748
4.04,904.155888033979,908.314732604636,4.15884457065658
4.05,905.995130998654,910.167779230841,4.1726482321875
4.06,907.858917655935,912.040855298775,4.1819376428399
4.07,909.74878198661,913.942530185541,4.19374819893119
4.08,911.658588067527,915.858171410145,4.19958334261798
4.09,913.589869879476,917.801646381596,4.21177650211985
4.1,915.550297326393,919.762298194016,4.21200086762303
4.11,917.529132542766,921.757466240792,4.22833369802561
4.12,919.529443490169,923.761012440711,4.23156895054194
4.13,921.557366091754,925.801415727693,4.24404963593906
4.14,923.605230443581,927.853527085388,4.24829664180743
4.15,925.673036545651,929.938758839142,4.26572229349108
4.16,927.768454301903,932.036992315963,4.26853801405957
4.17,929.883813808397,934.164933440949,4.28111963255174
4.18,932.019115065134,936.303993357796,4.28487829266169
4.19,934.182027976052,938.475740776307,4.29371280025475
4.2,936.364882637214,940.664679102141,4.29979646492689
4.21,938.567679048617,942.878936150253,4.31125710163553
4.22,940.798087114203,945.111932734849,4.31384562064568
4.23,943.046902949244,947.368099383932,4.32119643468809
4.24,945.317194515314,949.639910087036,4.32271557172157
4.25,947.613563754779,951.944750283323,4.33118652854444
4.26,949.926806782911,954.266118923619,4.33931214070765
4.27,952.264593503648,956.611169298437,4.34657579478926
4.28,954.626923916992,958.973470577978,4.34654666098584
4.29,957.006128119003,961.361296202665,4.35516808366185
4.3,959.411409994408,963.761784557207,4.35037456279895
4.31,961.836633620055,966.187123315825,4.35048969577031
4.32,964.281798995944,968.626109707078,4.34431071113374
4.33,966.75150806444,971.099985167271,4.34847710283077
4.34,969.238090921603,973.589353789152,4.35126286754894
4.35,971.747683490584,976.094426908262,4.346743417678
4.36,974.277217809807,978.62198694694,4.34476913713286
4.37,976.825159898485,981.172677379208,4.34751748072313
4.38,979.396111698982,983.738098436247,4.34198673726507
4.39,981.983937288145,986.332452844505,4.3485155563601
4.4,984.596306569914,988.930509300258,4.33420273034415
4.41,987.224015659562,991.561319424799,4.33730376523738
4.42,989.870132518665,994.197430103996,4.32729758533117
4.43,992.539259089586,996.865695890439,4.32643680085334
4.44,995.222191487598,999.545005512659,4.32281402506101
4.45,997.92659961664,1002.24744988244,4.32085026579784
4.46,1000.64634755356,1004.95988787428,4.31354032071852
4.47,1003.38603724073,1007.69338918386,4.30735194312592
4.48,1006.14106673577,1010.44772763662,4.30666090085276
4.49,1008.91450400027,1013.2194951825,4.30499118222917
4.5,1011.70634903422,1016.00649662353,4.30014758930861
4.51,1014.51199989526,1018.81048297004,4.29848307477641
4.52,1017.33605852576,1021.62418532055,4.28812679478517
4.53,1020.17392298335,1024.46180669633,4.28788371297981
4.54,1023.03172919118,1027.30649069915,4.27476150796872
4.55,1025.90027326452,1030.17523624661,4.27496298208894
4.56,1028.78722510732,1033.05678045165,4.26955534433114
4.57,1031.68644879643,1035.95597852038,4.26952972394702
4.58,1034.6025462742,1038.86368706248,4.26114078827982
4.59,1037.53091559827,1041.78868763368,4.2577720354077
4.6,1040.47462473022,1044.72119642668,4.24657169645843
4.61,1043.43060570848,1047.67144734544,4.24084163695602
4.62,1046.39885853304,1050.63038510959,4.23152657654691
4.63,1049.38091718469,1053.60637157349,4.22545438879592
4.64,1052.37217972107,1056.59113127145,4.21895155038396
4.65,1055.37878206532,1059.58844921563,4.209667150315
4.66,1058.39305431352,1062.59458970899,4.20153539546527
4.67,1061.4211323888,1065.60827039399,4.18713800518617
4.68,1064.45534638724,1068.63293360963,4.17758722239068
4.69,1067.50336621277,1071.67018715388,4.16682094111275
4.7,1070.55598798066,1074.71164289289,4.15565491223356
4.71,1073.62241557565,1077.76526588895,4.14285031330132
4.72,1076.6919111322,1080.82835159265,4.13644046045397
4.73,1079.77367853507,1083.89569054861,4.12201201354333
4.74,1082.85697991872,1086.97630404934,4.11932413061822
4.75,1085.95255314867,1090.06343708755,4.11088393887621
4.76,1089.0511943402,1093.15512834886,4.10393400865973
4.77,1092.15750543567,1096.24859886107,4.09109342540251
4.78,1095.26688449271,1099.34894675015,4.08206225744107
4.79,1098.3839334537,1102.4506672718,4.06673381809946
4.8,1101.50098241468,1105.56206947428,4.06108705959628
4.81,1104.62723526039,1108.66918526141,4.04195000101754
4.82,1107.75042014452,1111.78590225156,4.03548210703525
4.83,1110.8812749326,1114.89734651572,4.01607158311708
4.84,1114.0090617591,1118.01608382189,4.00702206279198
4.85,1117.14145052796,1121.1301783159,3.9887277879418
4.86,1120.27077133525,1124.24911384612,3.97834251087147
4.87,1123.40316010411,1127.36328749576,3.96012739165076
4.88,1126.53094693061,1130.48028641614,3.94933948553444
4.89,1129.66180171868,1133.59195743058,3.93015571190062
4.9,1132.78498660282,1136.70589439803,3.92090779521209
4.91,1135.90970546774,1139.81246289408,3.90275742633753
4.92,1139.02828840951,1142.92083797935,3.89254956983837
4.93,1142.1453373705,1146.02131802197,3.87598065146585
4.94,1145.25318244675,1149.11993725521,3.86675480845793
4.95,1148.35949354222,1152.21450638044,3.85501283821986
4.96,1151.45506677217,1155.30267320925,3.84760643707637
4.97,1154.54910602134,1158.38562049081,3.83651446947397
4.98,1157.63240740499,1161.4592313206,3.82682391560843
4.99,1160.71110684628,1164.52342333617,3.81231648989024
5,1163.77753444126,1167.57911825639,3.8015838151332
5.01,1166.8362921323,1170.62400717926,3.78771504696056
5.02,1169.88431195783,1173.66492032358,3.78060836575423
5.03,1172.92159391785,1176.68672403904,3.76513012118994
5.04,1175.94660403156,1179.70428875677,3.75768472521486
5.05,1178.95934229896,1182.70416613927,3.7448238403083
5.06,1181.95827473928,1185.69515009555,3.73687535626846
5.07,1184.94340135251,1188.66645929428,3.72305794176646
5.08,1187.91318815785,1191.63208284772,3.71889468986842
5.09,1190.86610117453,1194.57137621104,3.70527503651101
5.1,1193.80674234491,1197.50186250724,3.69512016233102
5.11,1196.72590778426,1200.40951936812,3.68361158385505
5.12,1199.62973341572,1203.30406033804,3.67432692232455
5.13,1202.51208331616,1206.17701293444,3.66492961827726
5.14,1205.37909340872,1209.03106292034,3.65196951161715
5.15,1208.22309378946,1211.85895255047,3.63585876101297
5.16,1211.04868640074,1214.67017991416,3.62149351341805
5.17,1213.84973531942,1217.45747257715,3.60773725772606
5.18,1216.62930850707,1220.22366723106,3.59435872399149
5.19,1219.3858719829,1222.96237638201,3.57650439910913
5.2,1222.11789176613,1225.68846189869,3.57057013255553
5.21,1224.82536785674,1228.38090352605,3.55553566930553
5.22,1227.50523229318,1231.05192508005,3.54669278686879
5.23,1230.1620870178,1233.69059110267,3.5285040848737
5.24,1232.78826212666,1236.30595844268,3.51769631602269
5.25,1235.38682558134,1238.89060043339,3.50377485204626
5.26,1237.95777738183,1241.44905578815,3.491278406324
5.27,1240.49651558578,1243.97053902134,3.47402343555677
5.28,1243.00610815477,1246.46994017667,3.46383202189872
5.29,1245.48195314641,1248.92806419165,3.44611104523915
5.3,1247.9271185223,1251.36504240128,3.43792387897975
5.31,1250.34007030165,1253.75999997705,3.41992967539773
5.32,1252.71620654208,1256.13008984222,3.41388330014365
5.33,1255.06012918597,1258.45387665989,3.39374747392253
5.34,1257.36570231016,1260.75482916336,3.38912685320429
5.35,1259.63445989545,1263.00513539766,3.37067550220809
5.36,1261.86793592261,1265.22866539545,3.36072947283833
5.37,1264.06152844928,1267.40283678265,3.34130833337099
5.38,1266.21523747548,1269.54966174357,3.3344242680887
5.39,1268.33213096276,1271.64919489761,3.31706393485183
5.4,1270.40453900719,1273.72203138796,3.31749238076782
5.41,1272.43552957035,1275.73690385608,3.30137428573289
5.42,1274.42663663303,1277.72262204461,3.2959854115818
5.43,1276.37325825285,1279.65862213823,3.28536388537805
5.44,1278.27386044904,1281.55914261142,3.28528216238487
5.45,1280.13304516396,1283.40522555211,3.27218038815226
5.46,1281.94314249367,1285.21820811637,3.27506562270037
5.47,1283.70722039974,1286.97265859835,3.26543819860922
5.48,1285.42527888217,1288.69223609479,3.26695721261626
5.49,1287.09578396017,1290.34835545167,3.25257149150434
5.5,1288.71566767218,1291.97317394042,3.25750626824401
5.51,1290.28493001819,1293.53287814975,3.24794813155518
5.52,1291.80663895977,1295.05635460643,3.24971564666339
5.53,1293.27772653535,1296.51859351128,3.24086697593134
5.54,1294.69665876415,1297.94476364533,3.24810488117828
5.55,1296.06190166537,1299.30585926758,3.24395760221
5.56,1297.3749892198,1300.63105762054,3.25606840073783
5.57,1298.63745540823,1301.88695723129,3.24950182305793
5.58,1299.8431643075,1303.10763165022,3.2644673427194
5.59,1300.99518387921,1304.2559573828,3.26077350358787
5.6,1302.09198014254,1305.36752009664,3.27553995409949
5.61,1303.12895115516,1306.4097851918,3.28083403664391
5.62,1304.11376682098,1307.41008492824,3.29631810726028
5.63,1305.04182519765,1308.34188324627,3.30005804861503
5.64,1305.91005832359,1309.23115244138,3.32109411778765
5.65,1306.72153416038,1310.04437785943,3.32284369904596
5.66,1307.47471872724,1310.82103598533,3.34631725809231
5.67,1308.16807804336,1311.51438288662,3.34630484326226
5.68,1308.79701016639,1312.17511827998,3.37810811359122
5.69,1309.36765101949,1312.757652112,3.39000109250765
5.7,1309.87846662185,1313.29710554567,3.41863892382389
5.71,1310.33252493507,1313.76024662521,3.42772169014029
5.72,1310.72675799755,1314.18131717957,3.45455918201969
5.73,1311.05809784774,1314.52243523761,3.46433738987366
5.74,1311.32654448562,1314.8215694747,3.49502498907668
5.75,1311.5305639304,1315.04312322186,3.51255929145623
5.76,1311.67322414368,1315.21967920879,3.54645506510928
5.77,1311.75145716386,1315.31879068847,3.56733352460878
5.78,1311.76526299095,1315.37119424818,3.60593125722767
5.79,1311.72998143283,1315.34725308397,3.61727165114348
5.8,1311.65328239344,1315.27719182993,3.62390943649302
5.81,1311.53363189198,1315.12826208564,3.59463019365512
5.82,1311.36336002453,1314.93613244539,3.57277242085638
5.83,1311.13786484871,1314.66564102276,3.52777617404831
5.84,1310.85868034531,1314.35557159967,3.49689125436271
5.85,1310.51967059119,1313.96583416916,3.4461635779719
5.86,1310.12850549028,1313.53239134915,3.40388585887331
5.87,1309.68058310021,1313.01677745715,3.3361943569405
5.88,1309.17283545942,1312.45926690696,3.28643144753937
5.89,1308.60372858712,1311.82425972053,3.2205311334053
5.9,1307.97019452172,1311.14454529929,3.17435077757045
5.91,1307.27530122481,1310.38067851591,3.10537729110092
5.92,1306.51904869638,1309.57476467918,3.05571598280039
5.93,1305.70450489802,1308.68982737231,2.98532247428716
5.94,1304.83013584892,1307.75820650072,2.92807065180159
5.95,1303.88980562595,1306.75119842512,2.86139279917074
5.96,1302.88811617146,1305.69139683683,2.80328066536913
5.97,1301.82046554309,1304.56322941323,2.74276387014265
5.98,1300.68992170242,1303.38770769512,2.69778599270126
5.99,1299.49801863023,1302.13058032521,2.63256169498027
6,1298.24475632653,1300.83480578619,2.59004945965876
6.01,1296.92706682973,1299.45920995193,2.53214312219689
6.02,1295.551086063,1298.03601629174,2.484930228743
6.03,1294.11221208396,1296.54292444204,2.43071235808202
6.04,1292.61504683499,1295.00922939053,2.39418255553664
6.05,1291.0565223545,1293.39996988411,2.3434475296101
6.06,1289.43970660406,1291.74840836455,2.30870176048938
6.07,1287.76459958369,1290.02033273457,2.25573315088263
6.08,1286.02966731259,1288.25899214795,2.22932483536033
6.09,1284.23951173313,1286.42018124644,2.18066951330979
6.1,1282.39259886452,1284.54333634343,2.15073747890688
6.11,1280.48892870675,1282.59552171698,2.1065930102302
6.12,1278.52850125983,1280.61402410198,2.08552284214761
6.13,1276.51745244692,1278.56098900019,2.04353655327191
6.14,1274.45118032563,1276.46899567052,2.01781534489328
6.15,1272.33121887678,1274.3162326491,1.98501377232492
6.16,1270.1621700427,1272.12629476725,1.96412472454722
6.17,1267.94249984263,1269.8707082324,1.92820838977468
6.18,1265.67067429578,1267.57957433432,1.90890003854315
6.19,1263.35436330607,1265.23050968278,1.87614637670708
6.2,1260.98896493115,1262.84477703339,1.85581210223722
6.21,1258.57754713259,1260.40633283707,1.82878570447929
6.22,1256.12317787198,1257.93442096091,1.81124308892527
6.23,1253.62278918772,1255.40458421487,1.78179502715307
6.24,1251.0809830222,1252.84484793518,1.76386491297535
6.25,1248.4977593754,1250.23413465589,1.73637528048835
6.26,1245.87158426654,1247.59630996461,1.72472569807042
6.27,1243.21012759955,1244.90884833716,1.69872073761189
6.28,1240.5072534513,1242.19300495005,1.68575149874709
6.29,1237.77063172571,1239.43394927583,1.66331755011674
6.3,1234.99719446121,1236.64644931221,1.64925485099798
6.31,1232.19154360017,1233.82223545271,1.63069185253676
6.32,1229.35367914258,1230.96963291732,1.61595377474487
6.33,1226.48360108845,1228.08181970436,1.59821861590854
6.34,1223.58591138013,1225.17286637814,1.58695499800797
6.35,1220.65907603685,1222.23121868192,1.57214264507274
6.36,1217.70769700096,1219.26967391868,1.56197691772104
6.37,1214.73024029167,1216.2749992221,1.544758930434
6.38,1211.73284183214,1213.26318773702,1.53034590488369
6.39,1208.70936569922,1210.22462697305,1.51526127382544
6.4,1205.66901577763,1207.17180932689,1.50279354926033
6.41,1202.6087241058,1204.09992448336,1.49120037755893
6.42,1199.53462660687,1201.0139035278,1.47927692093344
6.43,1196.44365531928,1197.91177022898,1.46811490970413
6.44,1193.34194616618,1194.79990629169,1.45796012550591
6.45,1190.22796516677,1191.6721035413,1.4441383745293
6.46,1187.10631426342,1188.54077823069,1.43446396726995
6.47,1183.97392549456,1185.40076776955,1.42684227499308
6.48,1180.84000274491,1182.25713710486,1.41713435995189
6.49,1177.69841009132,1179.10975633343,1.41134624210804
6.5,1174.55681743773,1175.95974349058,1.40292605285481
6.51,1171.41215682257,1172.81146013261,1.39930331004348
6.52,1168.27363213055,1169.66251484375,1.38888271320138
6.53,1165.13357345775,1166.52027102806,1.3866975703113
6.54,1162.00271866968,1163.37992442752,1.37720575784033
6.55,1158.87799980475,1160.25095175684,1.37295195208753
6.56,1155.76248482456,1157.1266175862,1.36413276164217
6.57,1152.65770770988,1154.01828030025,1.3605725903742
6.58,1149.56673642229,1150.91686309667,1.35012667438127
6.59,1146.488036981,1147.83475310907,1.34671612807074
6.6,1143.42927928996,1144.76061915817,1.33133986821213
6.61,1140.38586140679,1141.71382905499,1.32796764819591
6.62,1137.36545323545,1138.68309963302,1.3176463975667
6.63,1134.36652079513,1135.68213105674,1.31561026160898
6.64,1131.39366602821,1132.6951886853,1.30152265708944
6.65,1128.44688893468,1129.747112493,1.30022355832466
6.66,1125.52772349533,1126.81324811499,1.28552461966433
6.67,1122.64077165253,1123.92452863021,1.28375697767774
6.68,1119.78449942549,1121.05469578837,1.2701963628765
6.69,1116.96504273735,1118.22811821362,1.26307547627152
6.7,1114.17933362655,1115.42984419067,1.25051056412303
6.71,1111.43657597781,1112.6796997479,1.24312377009301
6.72,1108.73063386798,1109.95686436291,1.22623049493222
6.73,1106.069177201,1107.29005074266,1.22087354166342
6.74,1103.45067199608,1104.65498065178,1.20430865569779
6.75,1100.8781862148,1102.07482842355,1.19664220875165
6.76,1098.35632179951,1099.53285671828,1.17653491876717
6.77,1095.88201078865,1097.05255464983,1.17054386118093
6.78,1093.46138910537,1094.6093572448,1.14796813943303
6.79,1091.09292276887,1092.23344540297,1.14052263410463
6.8,1088.77814575996,1089.89328860821,1.11514284825375
6.81,1086.52319400176,1087.63099576279,1.10780176102548
6.82,1084.32653351351,1085.40737655815,1.08084304464137
6.83,1082.1881642952,1083.25994079583,1.07177650062863
6.84,1080.11575625076,1081.15540536411,1.03964911335333
6.85,1078.10470743785,1079.1331514945,1.02844405664632
6.86,1076.15961979881,1077.15239436465,0.992774565837635
6.87,1074.28356129522,1075.25524016396,0.971678868736717
6.88,1072.47499794631,1073.41097444791,0.935976501597906
6.89,1070.73392975206,1071.651408311,0.917478558940729
6.9,1069.0695605972,1069.94758940096,0.878028803757161
6.91,1067.47728853938,1068.33016273555,0.852874196167022
6.92,1065.95864755937,1066.76424801022,0.80560045084917
6.93,1064.51210367639,1065.29494031205,0.782836635661397
6.94,1063.14686077517,1063.88281505134,0.735954276174425
6.95,1061.85985089414,1062.56713586552,0.707284971376112
6.96,1060.65260801407,1061.30495333759,0.652345323517693
6.97,1059.5220641734,1060.14575554949,0.623691376090619
6.98,1058.4712873337,1059.04474983455,0.573462500845835
6.99,1057.50794739891,1058.04864257088,0.540695171966718
7,1056.62897640745,1057.10582089828,0.476844490828171
7.01,1055.83437435932,1056.26793224151,0.43355788219219
7.02,1055.12260727374,1055.49174531828,0.369138044539795
7.03,1054.49981107386,1054.82490631006,0.325095236199331
7.04,1053.95984983653,1054.21644850515,0.256598668622701
7.05,1053.50579152331,1053.71879626156,0.213004738246582
7.06,1053.13917011501,1053.28758484344,0.148414728426815
7.07,1052.85845163083,1052.96003123671,0.101579605880943
7.08,1052.66517005155,1052.69776626472,0.0325962131737469
7.09,1052.5577913964,1052.54722889717,-0.010562499225216
7.1,1052.54398556931,1052.45946332005,-0.0845222492605444
7.11,1052.6084127624,1052.48886390555,-0.11954885685418
7.12,1052.74340307173,1052.57324470547,-0.17015836626274
7.13,1052.94895649731,1052.78167948225,-0.167277015056698
7.14,1053.22353905834,1053.03654052571,-0.186998532625921
7.15,1053.56868473562,1053.41099284976,-0.157691885864551
7.16,1053.99052945228,1053.84258212392,-0.147947328358896
7.17,1054.49674311229,1054.38696057981,-0.109782532476629
7.18,1055.08579173484,1054.99045478743,-0.0953369474129886
7.19,1055.76841318544,1055.69979385792,-0.0686193275157621
7.2,1056.53540357939,1056.47262707084,-0.0627765085450847
7.21,1057.38676291666,1057.35183307968,-0.0349298369812914
7.22,1058.33016110121,1058.30084845579,-0.0293126454153025
7.23,1059.36099619067,1059.35027215861,-0.0107240320555775
7.24,1060.47313226189,1060.45801775395,-0.0151145079380512
7.25,1061.66656931486,1061.68033950519,0.01377019032725
7.26,1062.94437531117,1062.96182459782,0.017449286646297
7.27,1064.30655025082,1064.3462206156,0.0396703647832055
7.28,1065.75769607616,1065.78548522496,0.0277891487999113
7.29,1067.2840069601,1067.33034125043,0.0463342903342436
7.3,1068.89008484502,1068.92796155404,0.0378767090162455
7.31,1070.57286176933,1070.63385535058,0.0609935812492495
7.32,1072.33847365618,1072.39349602003,0.0550223638454099
7.33,1074.17464865928,1074.24447779169,0.0698291324101774
7.34,1076.08598872099,1076.14591283035,0.0599241093598266
7.35,1078.07402782209,1078.14711861061,0.0730907885240413
7.36,1080.13109605864,1080.19085304659,0.05975698795055
7.37,1082.25565944987,1082.32866741075,0.0730079608756569
7.38,1084.45231993812,1084.51381337267,0.0614934345514939
7.39,1086.71187363867,1086.78239444113,0.0705208024564854
7.4,1089.03278657074,1089.09315709209,0.0603705213525245
7.41,1091.42119465748,1091.48670246347,0.0655078059849075
7.42,1093.86636003337,1093.91649638797,0.050136354604092
7.43,1096.36828269841,1096.41827176853,0.0499890701223649
7.44,1098.92849663339,1098.96774297241,0.0392463390196554
7.45,1101.53779795359,1101.58428311482,0.0464851612339316
7.46,1104.20385656293,1104.23113029968,0.0272737367504305
7.47,1106.91286663434,1106.94460208366,0.0317354493233779
7.48,1109.66943011017,1109.68170404259,0.0122739324217491
7.49,1112.47047902885,1112.48413814193,0.0136591130785746
7.5,1115.30987746723,1115.31416414276,0.00428667553069317
7.51,1118.19069338687,1118.19305082359,0.00235743672442368
7.52,1121.10372290307,1121.09844977888,-0.00527312419467307
7.53,1124.05510193896,1124.04192088486,-0.0131810541042796
7.54,1127.03102466746,1127.00818242029,-0.0228422471718659
7.55,1130.04069497329,1130.00793337668,-0.0327615966068606
7.56,1133.06877304858,1133.03048401066,-0.0382890379185028
7.57,1136.12446277805,1136.07922424034,-0.045238537706382
7.58,1139.1939583346,1139.1429580283,-0.0510003062984197
7.59,1142.28339564141,1142.22315762947,-0.0602380119416921
7.6,1145.38203683294,1145.32026394329,-0.0617728896531844
7.61,1148.49448385156,1148.4176851297,-0.076798721864634
7.62,1151.60999883175,1151.52747129314,-0.0825275386057456
7.63,1154.73318371589,1154.63590401831,-0.0972796975825077
7.64,1157.85483461923,1157.75029800523,-0.104536614002882
7.65,1160.97801950337,1160.85992242976,-0.118097073609761
7.66,1164.09046652199,1163.96744472107,-0.123021800915467
7.67,1167.19984557903,1167.06593741311,-0.133908165922549
7.68,1170.2938848282,1170.15553689128,-0.138347936924674
7.69,1173.37718621185,1173.22840747211,-0.148778739737281
7.7,1176.44054584526,1176.28532898457,-0.155216860692917
7.71,1179.48703169,1179.31560330503,-0.17142838497216
7.72,1182.50743986134,1182.3269313468,-0.180508514541543
7.73,1185.50483832087,1185.30634313933,-0.1984951815366
7.74,1188.47002318386,1188.26578030849,-0.204242875373893
7.75,1191.40452843108,1191.17931656749,-0.225211863589038
7.76,1194.30375212018,1194.06796977752,-0.235782342657103
7.77,1197.1630923088,1196.90678337025,-0.256308938551001
7.78,1199.98254899694,1199.71254141457,-0.27000758236909
7.79,1202.75445228065,1202.46090916539,-0.293543115259808
7.8,1205.48033614072,1205.17492365354,-0.305412487177591
7.81,1208.15253067322,1207.82304425009,-0.329486423125672
7.82,1210.77256985892,1210.43447165933,-0.338098199586284
7.83,1213.33278379391,1212.96758700172,-0.365196792192819
7.84,1215.83010451658,1215.46140157154,-0.368702945042287
7.85,1218.26759998853,1217.87498747411,-0.392612514423263
7.86,1220.63453234424,1220.23822311226,-0.39630923197501
7.87,1222.93243556449,1222.51824574151,-0.414189822979324
7.88,1225.1597756685,1224.7459868732,-0.413788795304299
7.89,1227.30888275233,1226.88343252869,-0.425450223640837
7.9,1229.38282477755,1228.96065440474,-0.422170372808523
7.91,1231.37546582102,1230.94084807642,-0.434617744601837
7.92,1233.28527190193,1232.86380668096,-0.421465220973687
7.93,1235.11070903952,1234.67357488519,-0.437134154330579
7.94,1236.85024325298,1236.42862125484,-0.421621998144701
7.95,1238.49927259996,1238.07050771903,-0.428764880934523
7.96,1240.05626309966,1239.64399765314,-0.412265446515676
7.97,1241.52274873288,1241.10278804218,-0.419960690698417
7.98,1242.89566153804,1242.4945223918,-0.40113914624385
7.99,1244.17039957277,1243.76683335513,-0.403566217639309
8,1245.34849681787,1244.97125005641,-0.377246761462175
8.01,1246.4207493886,1246.05313935509,-0.367610033510118
8.02,1247.39482718891,1247.05699773442,-0.337829454487519
8.03,1248.27073021879,1247.93691078124,-0.333819437554439
8.04,1249.04078857431,1248.73963236531,-0.301156208996417
8.05,1249.70653623625,1249.41080944679,-0.29572678945533
8.06,1250.26490524304,1250.0094726622,-0.255432580837123
8.07,1250.72049753704,1250.47583348572,-0.244664051316704
8.08,1251.06564321432,1250.8660311832,-0.199612031119614
8.09,1251.29727431329,1251.11882838533,-0.178445927959729
8.1,1251.41539083395,1251.29619999233,-0.119190841615818
8.11,1251.42306073789,1251.33412263486,-0.0889381030326604
8.12,1251.34329373692,1251.29743634893,-0.0458573879918731
8.13,1251.17302186947,1251.12008915845,-0.0529327110166378
8.14,1250.91224513553,1250.85109393468,-0.0611512008472346
8.15,1250.55789557353,1250.46669730832,-0.0911982652091865
8.16,1250.10997318346,1250.00196971513,-0.108003468325933
8.17,1249.56541000376,1249.40515262634,-0.160257377419384
8.18,1248.92574001522,1248.73720482557,-0.188535189653066
8.19,1248.18636127546,1247.93365657387,-0.25270470159262
8.2,1247.34267184212,1247.05668206113,-0.285989780985801
8.21,1246.39927365757,1246.04417909363,-0.355094563944249
8.22,1245.35156477944,1244.95850905348,-0.393055725964814
8.23,1244.19954520774,1243.74695565423,-0.452589553509824
8.24,1242.94474892325,1242.46156700001,-0.483181923239272
8.25,1241.59177786833,1241.05128021638,-0.540497651948954
8.26,1240.13909806221,1239.56910438222,-0.569993679991057
8.27,1238.58670950487,1237.95815627512,-0.628553229747467
8.28,1236.9361461771,1236.28595526245,-0.650190914651375
8.29,1235.19201002128,1234.49475015351,-0.697259867774846
8.3,1233.35583501818,1232.63640197141,-0.719433046770973
8.31,1231.42915514859,1230.66535184269,-0.763803305899046
8.32,1229.41350439331,1228.63093004995,-0.782574343355918
8.33,1227.31195071391,1226.4926444304,-0.819306283505057
8.34,1225.12909605275,1224.29373246704,-0.835363585707455
8.35,1222.86494040983,1221.99786571407,-0.867074695755264
8.36,1220.5256197083,1219.6414990737,-0.884120634603505
8.37,1218.11266792896,1217.19666090461,-0.9160070243463
8.38,1215.62608507179,1214.69823857863,-0.927846493158313
8.39,1213.07354104075,1212.12011862146,-0.953422419291655
8.4,1210.45656981662,1209.49223743936,-0.964332377257733
8.41,1207.77670538018,1206.79170912095,-0.984996259226364
8.42,1205.04161763538,1204.04713331107,-0.99448432430745
8.43,1202.24823862064,1201.23445743801,-1.01378118263142
8.44,1199.40730620148,1198.38398389523,-1.02332230625325
8.45,1196.51882037789,1195.47476368736,-1.04405669052539
8.46,1193.58738309224,1192.53686804462,-1.05051504761695
8.47,1190.61452832532,1189.54941099905,-1.0651173262695
8.48,1187.60945996185,1186.5396050172,-1.0698549446472
8.49,1184.57064402105,1183.4884298858,-1.0822141352503
8.5,1181.50728438764,1180.41680193185,-1.0904824557856
8.51,1178.42091504242,1177.31906984501,-1.10184519741074
8.52,1175.31613792774,1174.20531606229,-1.11082186545195
8.53,1172.19602100518,1171.07205004741,-1.12397095777169
8.54,1169.06670019789,1167.93266017138,-1.13404002651123
8.55,1165.93124346745,1164.78663416226,-1.14460930519385
8.56,1162.79425275623,1161.6409259889,-1.15332676733169
8.57,1159.66033000657,1158.49779429845,-1.16253570811932
8.58,1156.53407716086,1155.36143087711,-1.17264628375324
8.59,1153.41856218067,1152.23823896207,-1.18032321860437
8.6,1150.31992098914,1149.12853476746,-1.19138622168043
8.61,1147.23968756706,1146.04306741043,-1.1966201566288
8.62,1144.18553181838,1142.9769357003,-1.20859611807759
8.63,1141.16052170467,1139.94467930942,-1.21584239525441
8.64,1138.16772518751,1136.93314894228,-1.23457624523076
8.65,1135.21327819004,1133.97248818195,-1.24079000809024
8.66,1132.30024867385,1131.0409233554,-1.2593253184466
8.67,1129.43630654286,1128.16775256262,-1.2685539802394
8.68,1126.61838383552,1125.32982213844,-1.28856169707524
8.69,1123.85875239811,1122.56347438984,-1.29527800827236
8.7,1121.15434426907,1119.83921181311,-1.31513245595556
8.71,1118.51589731391,1117.19418060687,-1.32171670704497
8.72,1115.94187755183,1114.59286285937,-1.3490146924596
8.73,1113.43995488679,1112.08534656034,-1.35460832645299
8.74,1111.01473126115,1109.63139925993,-1.38333200121974
8.75,1108.66620667489,1107.2744459123,-1.39176076259469
8.76,1106.40205103197,1104.97500343244,-1.42704759952744
8.77,1104.22379831318,1102.78551772193,-1.43828059124985
8.78,1102.13451648008,1100.65177949875,-1.48273698133426
8.79,1100.14034145582,1098.6386957553,-1.50164570052129
8.8,1098.24127324042,1096.69300556399,-1.54826767642976
8.81,1096.43884581466,1094.86916367661,-1.56968213805158
8.82,1094.73919510168,1093.11891008123,-1.62028502045086
8.83,1093.14845702464,1091.50431473007,-1.64414229457248
8.84,1091.66509760276,1089.96012769212,-1.70496991063965
8.85,1090.28758285523,1088.55266797548,-1.73491487975389
8.86,1089.0251166668,1087.23111817736,-1.79399848943717
8.87,1087.88076699904,1086.04939165792,-1.83137534112143
8.88,1086.85146589037,1084.9546204653,-1.89684542507052
8.89,1085.94334926394,1084.0030438431,-1.94030542084465
8.9,1085.15334915818,1083.13425206823,-2.01909708994594
8.91,1084.48299955388,1082.42258399022,-2.06041556366449
8.92,1083.93230045102,1081.79902305124,-2.13327739978331
8.93,1083.50892175357,1081.32788685339,-2.18103490017666
8.94,1083.21593142308,1080.94340842458,-2.27252299849511
8.95,1083.05486344035,1080.71502934839,-2.33983409195707
8.96,1083.02264984381,1080.5788376844,-2.44381215941166
8.97,1083.0993488832,1080.5984824494,-2.50086643379586
8.98,1083.28802852011,1080.70572726737,-2.58230125273894
8.99,1083.59022273533,1080.9948305794,-2.59539215593099
9,1084.00593152884,1081.34089305501,-2.66503847383296
9.01,1084.52901897751,1081.85009653585,-2.67892244166501
9.02,1085.15488313897,1082.44627880414,-2.70860433482949
9.03,1085.88965993637,1083.20011674681,-2.68954318955662
9.04,1086.74101927364,1084.03634698441,-2.70467228923326
9.05,1087.71356309316,1085.02464306433,-2.68892002883035
9.06,1088.79962149099,1086.09533486478,-2.7042866262143
9.07,1090.00533039026,1087.31094903587,-2.69438135439009
9.08,1091.32915581021,1088.61398581902,-2.71516999118967
9.09,1092.76035988531,1090.05458738137,-2.70577250394285
9.1,1094.30354455792,1091.57701762571,-2.72652693221335
9.11,1095.95564186647,1093.24556178579,-2.71008008068202
9.12,1097.71971977254,1094.98183666942,-2.73788310311738
9.13,1099.58350642982,1096.8511047999,-2.73240162991897
9.14,1101.54700183832,1098.79316160822,-2.7538402301027
9.15,1103.61173997881,1100.86170001891,-2.7500399599021
9.16,1105.76851696658,1102.99912152928,-2.7693954373035
9.17,1108.01579882083,1105.24484995361,-2.77094886721557
9.18,1110.35358554157,1107.56317196248,-2.79041357908613
9.19,1112.77113926327,1109.98307122854,-2.78806803473299
9.2,1115.26692600516,1112.46244662378,-2.80447938137809
9.21,1117.84247974802,1115.0407802223,-2.80169952572237
9.22,1120.48399466476,1117.66518145698,-2.81881320778143
9.23,1123.19453871696,1120.37249459044,-2.82204412652277
9.24,1125.96337403909,1123.12829421388,-2.83507982520837
9.25,1128.79203461195,1125.95072121455,-2.84131339740134
9.26,1131.67131655081,1128.81381985088,-2.85749669993356
9.27,1134.59508393252,1131.73487348951,-2.86021044300855
9.28,1137.56333675708,1134.69178863585,-2.87154812122958
9.29,1140.56533715897,1137.6938697284,-2.87146743056769
9.3,1143.6010851382,1140.71840026456,-2.88268487364098
9.31,1146.66137681003,1143.78129792548,-2.88007888455491
9.32,1149.74467819368,1146.85496553833,-2.88971265535179
9.33,1152.84025142364,1149.95164902648,-2.88860239716382
9.34,1155.94963048068,1153.05324662259,-2.89638385808917
9.35,1159.06054351851,1156.16243357094,-2.89810994756931
9.36,1162.17299053713,1159.26578862724,-2.90720190989282
9.37,1165.27776765181,1162.36623970326,-2.91152794854565
9.38,1168.37487486255,1165.45585190133,-2.91902296121634
9.39,1171.45204032305,1168.52752459178,-2.92451573126573
9.4,1174.5107980141,1171.58392963765,-2.92686837645419
9.41,1177.54041007017,1174.60223561812,-2.93817445205082
9.42,1180.54087649127,1177.59870584531,-2.94217064595819
9.43,1183.50145941189,1180.54119031149,-2.96026910040405
9.44,1186.42215883203,1183.4557631632,-2.96639566883005
9.45,1189.29223688616,1186.30462097019,-2.98761591596849
9.46,1192.11015959351,1189.11611782911,-2.99404176439566
9.47,1194.86518908855,1191.85158159631,-3.01360749224
9.48,1197.5557913905,1194.54082338898,-3.01496800151767
9.49,1200.17583057621,1197.14033718825,-3.03549338795597
9.5,1202.71610276095,1199.68383336609,-3.03226939486126
9.51,1205.17814192551,1202.1224253708,-3.05571655471022
9.52,1207.54967622358,1204.50743907536,-3.04223714822069
9.53,1209.83070565516,1206.77417877602,-3.05652687914358
9.54,1212.0166282779,1208.97361371464,-3.04301456326084
9.55,1214.10130816864,1211.05142780769,-3.04988036095324
9.56,1216.08014338501,1213.04932055381,-3.03082283119647
9.57,1217.95620188859,1214.91431499547,-3.04188689311513
9.58,1219.7156778523,1216.70256300198,-3.01311485031897
9.59,1221.35550331455,1218.34130078028,-3.01420253427136
9.6,1222.87874623692,1219.89074588096,-2.988000355959
9.61,1224.28233865783,1221.2925672543,-2.98977140353463
9.62,1225.55707669257,1222.5980526009,-2.95902409166547
9.63,1226.70142636033,1223.74676664298,-2.95465971734689
9.64,1227.71385368033,1224.80430632419,-2.90954735613832
9.65,1228.60049457573,1225.69775090428,-2.90274367144571
9.66,1229.35674710416,1226.50158518755,-2.85516191661191
9.67,1229.97800932325,1227.12726015178,-2.8507491714663
9.68,1230.45967929065,1227.65675419807,-2.80292509258356
9.69,1230.80175700635,1228.0090485591,-2.79270844724579
9.7,1230.99964052798,1228.26704570558,-2.73259482239882
9.71,1231.05793179792,1228.34383470246,-2.71409709545742
9.72,1230.98890266247,1228.32933963395,-2.65956302851691
9.73,1230.80329098714,1228.13354182196,-2.66974916517938
9.74,1230.49649482956,1227.83967312492,-2.65682170464083
9.75,1230.06851418974,1227.37201254093,-2.69650164881455
9.76,1229.51474712531,1226.80801971678,-2.70672740853365
9.77,1228.82598975155,1226.06769840178,-2.75829134976721
9.78,1228.0099119724,1225.23678687017,-2.77312510223464
9.79,1227.06651378785,1224.23703835404,-2.82947543381079
9.8,1225.9957951979,1223.13945745546,-2.85633774244457
9.81,1224.79162027941,1221.8810976201,-2.91052265930693
9.82,1223.4631929171,1220.52730910392,-2.93588381318068
9.83,1222.0074451494,1219.01608769009,-2.99135745931017
9.84,1220.42897891866,1217.41603090293,-3.01294801573499
9.85,1218.73086218648,1215.66343537889,-3.06742680759044
9.86,1216.91462893362,1213.82877868436,-3.08585024925719
9.87,1214.98334712167,1211.85215131825,-3.13119580342186
9.88,1212.94468665457,1209.79553398955,-3.14915266502476
9.89,1210.79711355153,1207.60552573144,-3.19158782009299
9.9,1208.5467637357,1205.34049404377,-3.20626969192813
9.91,1206.20130711103,1202.95557544097,-3.24573167005678
9.92,1203.76227765829,1200.50334549211,-3.2589321661776
9.93,1201.23734528143,1197.94102720788,-3.29631807355418
9.94,1198.62957794202,1195.322453685,-3.3071242570195
9.95,1195.94357758243,1192.60484015323,-3.33873742920105
9.96,1193.18854808739,1189.8365734319,-3.35197465548526
9.97,1190.36448945689,1186.98626983672,-3.37821962016801
9.98,1187.48520751803,1184.0925955449,-3.39261197312658
9.99,1184.54916829002,1181.13307007861,-3.41609821141174
