0,591.145574285126,591.187293719019,0.0417194338928084
0.01,588.13897194087,591.229016097214,3.09004415634377
0.02,585.100156000069,591.206403915061,6.10624791499231
0.03,582.032194424297,588.107560735087,6.07536631078949
0.04,578.942757117496,584.99241662123,6.04965950373435
0.05,575.839513983603,581.864105957309,6.02459197370592
0.06,572.728600945771,578.723740424349,5.99513947857849
0.07,569.616153927151,575.586996814567,5.97084288741621
0.08,566.508308850895,572.453167361259,5.94485851036393
0.09,563.412735620941,569.339143671,5.92640805005919
0.1,560.332502198867,566.239161818368,5.90665961950083
0.11,557.279880430975,563.174058917687,5.89417848671212
0.12,554.256404298052,560.133014802173,5.87661050412146
0.13,551.274345646402,557.137271915139,5.8629262687374
0.14,548.332170495238,554.180056682025,5.84788618678692
0.15,545.445218652437,551.288984859561,5.84376620712385
0.16,542.611956137212,548.442415809306,5.83045967209353
0.17,539.846188776654,545.67312426566,5.82693548900625
0.18,537.149450551551,542.964426547925,5.81497599637419
0.19,534.534013308206,540.345153909109,5.81114060090306
0.2,532.002945008195,537.793869589776,5.79092458158107
0.21,529.559313613093,535.35184658444,5.79253297134676
0.22,527.216924949992,532.989254276074,5.77232932608194
0.23,524.974245038103,530.744939073217,5.77069403511416
0.24,522.840477762154,528.579866466841,5.73938870468669
0.25,520.821759045297,526.551089593964,5.72933054866712
0.26,518.919622868318,524.614011988911,5.69438912059297
0.27,517.138671173583,522.820225856755,5.68155468317207
0.28,515.491175807394,521.129079879359,5.63790407196518
0.29,513.972534827387,519.59095341468,5.61841858729349
0.3,512.587350175926,518.150933745619,5.56358356969315
0.31,511.338689814587,516.881045864014,5.5423560494275
0.32,510.237291608886,515.72668157785,5.48938996896408
0.33,509.283155558821,514.733973128123,5.4508175693021
0.34,508.473213702817,513.8508402788,5.37762657598284
0.35,507.813601964026,513.147184976684,5.33358301265753
0.36,507.299718400085,512.561420105753,5.2617017056682
0.37,506.940766895719,512.153131043515,5.21236414779651
0.38,506.735213470143,511.872261444775,5.13704797463248
0.39,506.683058123355,511.763730713442,5.08067259008715
0.4,506.77356298984,511.775054468696,5.00149147885634
0.41,506.992922242508,511.972089506288,4.97916726378008
0.42,507.347271804509,512.288697155112,4.94142535060257
0.43,507.842747598996,512.780012298315,4.93726469931875
0.44,508.480883606757,513.390313866239,4.90943025948178
0.45,509.264747789366,514.174635477597,4.90988768823064
0.46,510.186670242885,515.068658332878,4.8819880899934
0.47,511.252786890466,516.135810695048,4.88302380458202
0.48,512.46156375132,517.322192118657,4.86062836733709
0.49,513.805330921508,518.669383186322,4.86405226481384
0.5,515.281020439454,520.128236671808,4.84721623235373
0.51,516.888632305158,521.744479624051,4.85584731889298
0.52,518.626632537832,523.458950940678,4.83231840284566
0.53,520.491953175901,525.327390328383,4.83543715248186
0.54,522.475390334637,527.290130833191,4.8147404985541
0.55,524.575410033253,529.395224453998,4.81981442074505
0.56,526.792012271747,531.586240331384,4.79422805963657
0.57,529.109857242243,533.905767752307,4.79591051006435
0.58,531.532012906314,536.29525095352,4.76323804720596
0.59,534.047741398447,538.806381306764,4.75863990831692
0.6,536.649372814701,541.380400435655,4.73102762095402
0.61,539.335373174288,544.057974009954,4.7226008356663
0.62,542.091936650119,546.794503196864,4.70256654674472
0.63,544.92059722298,549.608603194693,4.68800597171344
0.64,547.807549065781,552.476004068265,4.66845500248428
0.65,550.749724216945,555.406419646896,4.65669542995101
0.66,553.736384810959,558.378208863618,4.6418240526591
0.67,556.759860943881,561.394510161538,4.6346492176574
0.68,559.81555067335,564.43347893405,4.61792826069973
0.69,562.892716133848,567.501387872708,4.60867173886038
0.7,565.988289363801,570.580234883686,4.59194551988458
0.71,569.08693055533,573.673358579268,4.58642802393797
0.72,572.187105727647,576.76225011191,4.57514438426347
0.73,575.278077015237,579.845189687706,4.56711267246931
0.74,578.356776456523,582.908623217084,4.55184676056103
0.75,581.409398224416,585.947087387133,4.53768916271679
0.76,584.435942318914,588.956433401597,4.52049108268272
0.77,587.422602912927,591.919767647143,4.49716473421563
0.78,590.367846025668,594.845279750029,4.47743372436128
0.79,593.256331849257,597.703128609815,4.44679676055807
0.8,596.086526402906,600.510302113394,4.42377571048814
0.81,598.844623859524,603.235036369192,4.39041250966807
0.82,601.527556257536,605.900387079401,4.3728308218648
0.83,604.123051750638,608.458304878826,4.33525312818847
0.84,606.626508396468,610.946206691515,4.31969829504703
0.85,609.031790271873,613.316649140002,4.28485886812928
0.86,611.328159511337,615.607250822411,4.27909131107378
0.87,613.514082134074,617.760351551739,4.24626941766496
0.88,615.581888236144,619.819839776219,4.23795154007496
0.89,617.52237393282,621.727447256579,4.20507332375928
0.9,619.3355392241,623.540615451846,4.20507622774642
0.91,621.013714206047,625.192984023294,4.1792698172469
0.92,622.552296936297,626.738757190737,4.18646025444025
0.93,623.943617510909,628.104392007086,4.16077449617728
0.94,625.186141949096,629.355116704661,4.16897475556448
0.95,626.279870250859,630.427907123555,4.14803687269614
0.96,627.217132512257,631.379090688376,4.16195817611856
0.97,627.996394752503,632.145743835498,4.14934908299483
0.98,628.614589010021,632.788138471795,4.17354946177397
0.99,629.068647323235,633.237382993489,4.16873567025368
1,629.352433768994,633.561840757538,4.20940698854372
1.01,629.464414366509,633.685539664198,4.22112529768935
1.02,629.413793000509,633.683720772369,4.26992777185967
1.03,629.220511421235,633.477984399138,4.25747297790281
1.04,628.881501667113,633.148325434233,4.2668237671196
1.05,628.398297718929,632.620592688278,4.22229496934858
1.06,627.773967538259,631.972050398985,4.19808286072589
1.07,627.008511125104,631.126019011019,4.11750788591542
1.08,626.094258575524,630.163201796674,4.06894322114954
1.09,625.032743870308,629.010763333198,3.97801946288962
1.1,623.825500990242,627.742529178433,3.91702818819147
1.11,622.467927992963,626.293958393097,3.82603040013385
1.12,620.961558859259,624.737056335864,3.77549747660521
1.13,619.31406349307,623.008901168875,3.6948376758055
1.14,617.528509855971,621.177149306642,3.64863945067134
1.15,615.609499890326,619.181509313316,3.57200942298982
1.16,613.560101557711,617.091053973076,3.53095241536505
1.17,611.391052723641,614.851561535498,3.4605088118567
1.18,609.105421349691,612.523811467164,3.41839011747254
1.19,606.709343359014,610.064607728857,3.35526436984344
1.2,604.212022636336,607.524110319313,3.31208768297665
1.21,601.619595104809,604.87399244057,3.25439733576081
1.22,598.936662706797,602.155919071886,3.21925636508922
1.23,596.173963307815,599.344295373134,3.17033206531903
1.24,593.337632831015,596.471886394693,3.13425356367804
1.25,590.439943122699,593.520784990655,3.08084186795588
1.26,587.483962144443,590.533366044224,3.0494038997814
1.27,584.483495723339,587.492836733129,3.00934100979032
1.28,581.443145801749,584.421344381259,2.97819857950992
1.29,578.375184225978,581.313829515213,2.93864528923473
1.3,575.285746919176,578.19678989569,2.91104297651373
1.31,572.187105727647,575.060818265625,2.87371253797778
1.32,569.083862593755,571.926648239594,2.8427856458394
1.33,565.991357325377,568.805911746747,2.81455442137019
1.34,562.911123903303,565.698002862103,2.78687895880046
1.35,559.856968154622,562.625174656781,2.76820650215893
1.36,556.835026002488,559.576910418995,2.74188441650676
1.37,553.854501331626,556.582038602873,2.72753727124723
1.38,550.92766598834,553.630448386221,2.70278239788092
1.39,548.057587934206,550.755622377322,2.69803444311549
1.4,545.259606977103,547.934909237709,2.67530226060637
1.41,542.538325059394,545.210693372522,2.67236831312778
1.42,539.90754800817,542.552030766924,2.64448275875384
1.43,537.370343785007,540.016782307633,2.64643852262645
1.44,534.940518216996,537.561362434258,2.62084421726172
1.45,532.625741208077,535.240598847688,2.61485763961082
1.46,530.426012758249,533.014143379732,2.58813062148317
1.47,528.359740636967,530.932475619052,2.57273498208542
1.48,526.428458825019,528.95565257632,2.52719375130107
1.49,524.63523528398,527.147000604994,2.51176532101351
1.5,522.990807879367,525.449383039903,2.45857516053582
1.51,521.504380495906,523.937354374008,2.43297387810185
1.52,520.172885172021,522.537392897556,2.36450772553485
1.53,518.999389869288,521.3304257532,2.33103588391236
1.54,517.991564491648,520.256283188467,2.2647186968195
1.55,517.158612923826,519.383553838062,2.22494091423619
1.56,516.500535165823,518.638109757711,2.13757459188787
1.57,516.021933160002,518.10178983532,2.07985667531796
1.58,515.715137002425,517.69399292785,1.97885592542502
1.59,515.577078731516,517.49847991254,1.92140118102384
1.6,515.612360289637,517.441730184213,1.82936989457596
1.61,515.804107888123,517.603762815572,1.79965492744861
1.62,516.152321526973,517.893659849159,1.7413383221857
1.63,516.667739071702,518.392653317552,1.72491424584973
1.64,517.350360522311,519.024491221834,1.6741306995234
1.65,518.190981994073,519.853716177598,1.66273418352478
1.66,519.197273390926,520.811256994354,1.61398360342855
1.67,520.358496847355,521.978851191018,1.62035434366271
1.68,521.676186344149,523.263355031087,1.58716868693841
1.69,523.147273919731,524.746100433871,1.59882651413989
1.7,524.770225593314,526.345979731756,1.57575413844199
1.71,526.545041364898,528.121869599053,1.57682823415519
1.72,528.457915407391,530.007934467979,1.5500190605876
1.73,530.505779759219,532.055565357108,1.54978559788856
1.74,532.690168401168,534.205702818647,1.51553441747853
1.75,534.992673563784,536.505893539725,1.51321997594061
1.76,537.408693304704,538.889794811586,1.48110150688183
1.77,539.93669364314,541.405862214408,1.46916857126791
1.78,542.558266809636,544.004239075924,1.44597226628775
1.79,545.273412804194,546.711027138634,1.43761433443979
1.8,548.065257838145,549.48061644593,1.41535860778538
1.81,550.932267930704,552.344973872627,1.41270594192338
1.82,553.85910327399,555.252015234677,1.39291196068712
1.83,556.838093964064,558.223995848399,1.38590188433511
1.84,559.860036116198,561.234419743631,1.37438362743342
1.85,562.914191864879,564.285818277555,1.37162641267639
1.86,565.992891306165,567.354829409847,1.36193810368206
1.87,569.080794632179,570.439734883156,1.35894025097718
1.88,572.173299900556,573.526375271475,1.3530753709191
1.89,575.256601284206,576.606355516507,1.34975423230105
1.9,578.324562859978,579.666930652079,1.34236779210062
1.91,581.364912781567,582.696163973709,1.33125119214162
1.92,584.371515125823,585.693648663771,1.3221335379485
1.93,587.332098046442,588.630757862532,1.29865981609044
1.94,590.237457658698,591.521445547084,1.28398788838604
1.95,593.073788135498,594.330610319319,1.25682218382121
1.96,595.834953553692,597.074632188014,1.23967863432199
1.97,598.505614105401,599.712238307665,1.20662420226404
1.98,601.079633867473,602.273664143844,1.19403027637122
1.99,603.544740993606,604.711061322913,1.16632032930715
2,605.893265579858,607.058608888898,1.16534330903949
2.01,608.120605683868,609.251363290019,1.13075760615072
2.02,610.188411785938,611.346259803429,1.15784801749066
2.03,612.082878058977,613.273903565602,1.1910255066249
2.04,613.823946253227,615.090925700725,1.26697944749776
2.05,615.426956176568,616.710026883078,1.28307070650987
2.06,616.882703944271,618.206043008763,1.32333906449196
2.07,618.177383729247,619.506744839327,1.32936111007984
2.08,619.312529512282,620.682012403182,1.36948289089958
2.09,620.27893740865,621.650512736488,1.37157532783806
2.1,621.067403533623,622.475044784534,1.40764125091141
2.11,621.676393906414,623.083478759837,1.40708485342304
2.12,622.09977260387,623.556213109606,1.45644050573594
2.13,622.33907360678,623.801091029224,1.46201742244364
2.14,622.391228953569,623.910547048733,1.51931809516407
2.15,622.268510490538,623.794447422754,1.52593693221604
2.16,621.987792006355,623.531571729036,1.54377972268139
2.17,621.546005539444,623.042507394521,1.49650185507744
2.18,620.941617109017,622.419082215853,1.47746510683555
2.19,620.171558753498,621.572073190341,1.40051443684263
2.2,619.231228530524,620.590779474791,1.35955094426697
2.21,618.126762363246,619.39437369925,1.2676113360036
2.22,616.856626270877,618.070031314555,1.21340504367765
2.23,615.416218311052,616.543298035889,1.12707972483668
2.24,613.8147423685,614.896191388244,1.08144901974401
2.25,612.058334366371,613.062046312034,1.00371194566253
2.26,610.154664208605,611.110541052735,0.955876844130216
2.27,608.10526587599,608.982698282945,0.877432406954767
2.28,605.917809272465,606.752950672697,0.835141400232033
2.29,603.604566244333,604.370110544477,0.765544300144029
2.3,601.168604753171,601.890809933578,0.7222051804074
2.31,598.620662664493,599.282675106902,0.662012442409377
2.32,595.973011824602,596.594450067186,0.621438242583963
2.33,593.228720195075,593.793054280937,0.564334085861674
2.34,590.404661564577,590.928648698997,0.52398713441994
2.35,587.506971856261,587.98312372839,0.476151872129321
2.36,584.549456897218,584.989245185092,0.43978828787408
2.37,581.539786591386,581.936490490851,0.396703899464796
2.38,578.494834727433,578.852165023233,0.357330295800125
2.39,575.419203247722,575.740413565402,0.321210317679743
2.4,572.329765940921,572.613877458187,0.284111517265956
2.41,569.235726691755,569.485906945981,0.250180254226393
2.42,566.149357346529,566.362368401625,0.213011055096331
2.43,563.07986178997,563.260760420221,0.180898630251249
2.44,560.039511868381,560.18472582289,0.145213954509018
2.45,557.040579428064,557.16511604721,0.124536619146397
2.46,554.092268353748,554.186459736568,0.0941913828204406
2.47,551.209918453311,551.286184028219,0.0762655749081205
2.48,548.399665649905,548.449021420822,0.0493557709168044
2.49,545.679917712983,545.713311094098,0.0333933811145926
2.5,543.055276584911,543.053470196075,-0.00180638883603024
2.51,540.544150035142,540.527259229009,-0.0168908061332331
2.52,538.149606025253,538.093520920608,-0.0560851046450352
2.53,535.883916401546,535.813860819249,-0.0700555822973001
2.54,533.7624209719,533.638626574641,-0.123794397259417
2.55,531.783585755527,531.638831609433,-0.144754146093646
2.56,529.958148617943,529.757137668531,-0.201010949411966
2.57,528.302983347815,528.069212263701,-0.233771084114437
2.58,526.815021983566,526.504164322571,-0.310857660994657
2.59,525.503468409924,525.156981358037,-0.346487051887379
2.6,524.371390588464,523.944838195278,-0.426552393186171
2.61,523.429526384702,522.957160292932,-0.472366091770368
2.62,522.680943760214,522.105660583884,-0.575283176330231
2.63,522.128710676575,521.486339474862,-0.642371201713445
2.64,521.766691210634,521.014045815459,-0.752645395174909
2.65,521.605623227906,520.779015370671,-0.826607857234876
2.66,521.640904786027,520.698120135821,-0.942784650206249
2.67,521.84952617318,520.85613430416,-0.993391869019774
2.68,522.216147581485,521.165276975055,-1.05087060642995
2.69,522.507603931183,521.712243877066,-0.795360054116827
2.7,522.693215606517,522.398633294288,-0.294582312228727
2.71,522.808264165608,522.433769681282,-0.37449448432551
2.72,522.871157377912,522.45343267481,-0.417724703101612
2.73,522.900303012882,522.457115435556,-0.44318757732583
2.74,522.906438936033,522.453313393528,-0.453125542505063
2.75,522.906438936033,522.443442113471,-0.462996822561877
2.76,522.906438936033,522.429726455965,-0.476712480067818
2.77,522.906438936033,522.415301784032,-0.491137152001556
2.78,522.906438936033,522.403000233476,-0.503438702556878
2.79,522.906438936033,522.394339196563,-0.512099739470386
2.8,522.906438936033,522.387902837296,-0.518536098736831
2.81,522.906438936033,522.385309704612,-0.521129231421355
2.82,522.906438936033,522.385042827318,-0.521396108715408
2.83,522.906438936033,522.389327658503,-0.517111277529921
2.84,522.909506897609,522.395736931505,-0.513769966103951
2.85,522.91564282076,522.407001832664,-0.508640988095863
2.86,522.924846705488,522.42109971474,-0.503746990747572
2.87,522.938652532579,522.440862963597,-0.497789568982057
2.88,522.957060302033,522.464471288127,-0.492589013906354
2.89,522.980070013852,522.494655996148,-0.485414017703874
2.9,523.007681668034,522.528888814351,-0.478792853683103
2.91,523.041429245367,522.570406812396,-0.471022432970585
2.92,523.081312745852,522.616378318483,-0.464934427368803
2.93,523.125798188701,522.66943353391,-0.456364654790832
2.94,523.174885573913,522.727246520133,-0.447639053779881
2.95,523.230108882277,522.794470489945,-0.43563839233218
2.96,523.288400152217,522.865846333527,-0.42255381869029
2.97,523.352827345308,522.946128370433,-0.40669897487453
2.98,523.423390461551,523.031675847202,-0.391714614349326
2.99,523.498555520157,523.124613274968,-0.373942245188573
3,523.578322521127,523.225446922795,-0.352875598332162
3.01,523.664225445249,523.334379646967,-0.329845798282463
3.02,523.75779827331,523.450906271571,-0.306892001739129
3.03,523.860574986098,523.577050322585,-0.283524663513163
3.04,523.974089564402,523.71149753523,-0.262592029171515
3.05,524.099875989008,523.853742747987,-0.246133241020743
3.06,524.239468240706,524.001156624139,-0.238311616566762
3.07,524.388264377131,524.158999302556,-0.229265074575324
3.08,524.550866340647,524.3257542767,-0.225112063946881
3.09,524.72267218889,524.504658959583,-0.218013229306621
3.1,524.902147941072,524.689948687052,-0.21219925402022
3.11,525.086225635619,524.888400926279,-0.197824709340239
3.12,525.276439253316,525.094352234104,-0.182087019211622
3.13,525.46972083259,525.312860614751,-0.156860217838812
3.14,525.669138335015,525.538869479369,-0.130268855646023
3.15,525.874691760592,525.77531269274,-0.099379067851828
3.16,526.092517032472,526.021584094202,-0.070932938270289
3.17,526.32568211223,526.278797021777,-0.0468850904526334
3.18,526.571119038292,526.544120061652,-0.0269989766395611
3.19,526.828827810657,526.823521606408,-0.00530620424945027
3.2,527.094206486961,527.111641726221,0.0174352392599531
3.21,527.374924971144,527.414954603935,0.0400296327908336
3.22,527.672517243994,527.729718780317,0.0572015363230776
3.23,527.985449324722,528.05613736237,0.0706880376475283
3.24,528.304517328603,528.391378986718,0.086861658114799
3.25,528.631255236422,528.743536235007,0.112280998585106
3.26,528.967197028969,529.109980414035,0.142783385065513
3.27,529.321546590971,529.487273449342,0.165726858371045
3.28,529.691235960851,529.872179322953,0.180943362101516
3.29,530.073197177035,530.271981334695,0.198784157660384
3.3,530.470498201097,530.682533406871,0.212035205773645
3.31,530.887740975402,531.113040900287,0.225299924885235
3.32,531.320323557586,531.555716713188,0.235393155602424
3.33,531.760576043709,532.011370899825,0.250794856116158
3.34,532.208498433772,532.480712422075,0.272213988302724
3.35,532.668692670137,532.966473281063,0.297780610925656
3.36,533.142692733594,533.466328197385,0.323635463791447
3.37,533.633566585717,533.979873567438,0.346306981721341
3.38,534.142848207296,534.503468976592,0.360620769295565
3.39,534.664401675177,535.048342723004,0.383941047827193
3.4,535.198226989361,535.601448028649,0.403221039287473
3.41,535.747392111424,536.173810763726,0.42641865230155
3.42,536.316498983729,536.760880561588,0.444381577859076
3.43,536.902479644702,537.361950413525,0.45947076882328
3.44,537.511470017492,537.977223605874,0.465753588381745
3.45,538.131198255798,538.615905738083,0.484707482285444
3.46,538.763198340407,539.264545587906,0.501347247499325
3.47,539.410538232895,539.93831626996,0.527778037065445
3.48,540.074751914049,540.621035650742,0.546283736693454
3.49,540.760441326234,541.321302060896,0.560860734662015
3.5,541.458402584722,542.039824783483,0.581422198761061
3.51,542.173237631877,542.774480968534,0.601243336657035
3.52,542.908014429274,543.525777500607,0.617763071332547
3.53,543.665800938489,544.293614403643,0.627813465154304
3.54,544.438927255584,545.072530777809,0.633603522225258
3.55,545.225859399769,545.875373374005,0.64951397423647
3.56,546.029665332621,546.696782962662,0.667117630041389
3.57,546.853413015716,547.538379242212,0.684966226495931
3.58,547.694034487477,548.391667091021,0.697632603543639
3.59,548.553063728693,549.267470312286,0.714406583593473
3.6,549.43356870094,550.162149117119,0.728580416178943
3.61,550.337083385004,551.076817478408,0.739734093403854
3.62,551.255937876948,552.004497502971,0.74855962602328
3.63,552.19013217677,552.95601308302,0.765880906249549
3.64,553.145802207623,553.924993493002,0.779191285379056
3.65,554.116812046354,554.915283636346,0.798471589992346
3.66,555.109297616116,555.919399969014,0.810102352898184
3.67,556.126326878485,556.950897465894,0.824570587408971
3.68,557.163297891095,557.992279236627,0.828981345531588
3.69,558.217142692373,559.059932154317,0.842789461943539
3.7,559.289395263105,560.142933953497,0.853538690392156
3.71,560.381589584079,561.252513278174,0.870923694094813
3.72,561.493725655296,562.378860528163,0.885134872866729
3.73,562.631939399908,563.526730896711,0.894791496803464
3.74,563.790094894761,564.68924775635,0.8991528615893
3.75,564.965124178282,565.881078767227,0.915954588944942
3.76,566.160095212045,567.088874306376,0.928779094330594
3.77,567.37500799605,568.321536622066,0.946528626016288
3.78,568.614464472662,569.565816931316,0.951352458654469
3.79,569.879998622667,570.838405655133,0.958407032466084
3.8,571.160872580552,572.123019783415,0.962147202862866
3.81,572.464756250255,573.437664698839,0.97290844858378
3.82,573.785513708624,574.770002330271,0.984488621646847
3.83,575.133882821176,576.12579941919,0.991916598013745
3.84,576.505261645545,577.499696719036,0.994435073491331
3.85,577.893514258582,578.897562146998,1.00404788841638
3.86,579.303242602649,580.316160622599,1.01291801994967
3.87,580.735980658534,581.757111989138,1.02113133060391
3.88,582.196330368601,583.216978755784,1.02064838718252
3.89,583.673553867335,584.701123148056,1.0275692807212
3.9,585.173787077887,586.203579088494,1.02979201060703
3.91,586.693962038682,587.735271947324,1.04130990864178
3.92,588.241748653658,589.283357873931,1.04160922027336
3.93,589.811010999665,590.859065546006,1.04805454634129
3.94,591.400215095915,592.44924755789,1.04903246197512
3.95,593.010894923195,594.069481847206,1.05858692401057
3.96,594.649186404657,595.708644159898,1.05945775524049
3.97,596.307419636361,597.37138867202,1.06396903565894
3.98,597.987128599096,599.050737778776,1.06360917968038
3.99,599.688313292861,600.763483338609,1.07517004574777
4,601.418643621596,602.490510593602,1.07186697200598
4.01,603.167381719786,604.246588257819,1.07920653803251
4.02,604.936061568218,606.017051817858,1.08099024963997
4.03,606.732353070832,607.819603298855,1.08725022802321
4.04,608.553188266052,609.638364623777,1.08517635772523
4.05,610.392431230727,611.480215038189,1.08778380746207
4.06,612.253149926432,613.340503331906,1.08735340547378
4.07,614.143014257107,615.233492746843,1.09047848973591
4.08,616.052820338025,617.143709857878,1.09088951985325
4.09,617.982568169185,619.077730529525,1.09516236033994
4.1,619.939927654527,621.028071449018,1.08814379449109
4.11,621.917228890112,623.012839335905,1.09561044579266
4.12,623.914471875939,625.013526449082,1.09905457314312
4.13,625.939326515948,627.039136115557,1.09980959960888
4.14,627.987190867775,629.081679366803,1.0944884990281
4.15,630.053462989057,631.146012514759,1.09254952570245
4.16,632.145812783733,633.234261206035,1.08844842230201
4.17,634.261172290228,635.346629418108,1.08545712788032
4.18,636.394939566177,637.478769471395,1.08382990521829
4.19,638.554784515519,639.637763132029,1.08297861650988
4.2,640.737639176681,641.811575651419,1.07393647473793
4.21,642.938901607297,644.010828630826,1.07192702352904
4.22,645.166241711307,646.233500894758,1.06725918345103
4.23,647.415057546347,648.479897533268,1.06483998692067
4.24,649.682281150842,650.740411145821,1.05812999497937
4.25,651.977116409519,653.033653968133,1.05653755861442
4.26,654.29035943765,655.343040022351,1.05268058470153
4.27,656.625078196812,657.672818660089,1.04774046327657
4.28,658.985874629368,660.023294758814,1.03742012944633
4.29,661.363544850591,662.400943240922,1.03739839033062
4.3,663.76575876442,664.793425970576,1.02766720615591
4.31,666.189448409279,667.212780588782,1.02333217950343
4.32,668.630011842805,669.648388459119,1.0183766163143
4.33,671.096652949725,672.111983871009,1.01533092128409
4.34,673.580167845312,674.588093179162,1.00792533385049
4.35,676.086692452718,677.086933188104,1.00024073538623
4.36,678.613158810365,679.606077949274,0.992919138908519
4.37,681.158032937467,682.144416265027,0.986383327560134
4.38,683.727450757176,684.700634564875,0.973183807699343
4.39,686.312208384763,687.283432802218,0.971224417454664
4.4,688.918441743381,689.876022341249,0.957580597868287
4.41,691.544616852241,692.499543715379,0.954926863138439
4.42,694.18613176898,695.131342045991,0.945210277011256
4.43,696.852190378325,697.790838240161,0.938647861836216
4.44,699.530520833974,700.465795396727,0.935274562752966
4.45,702.233394982228,703.151561819973,0.918166837744934
4.46,704.950074957574,705.860882847928,0.910807890354249
4.47,707.685162702374,708.587387848404,0.902225146029764
4.48,710.437124235841,711.329257376777,0.892133140936153
4.49,713.204425577186,714.092055617546,0.887630040359568
4.5,715.991668668775,716.872547326848,0.880878658072561
4.51,718.792717587454,719.671239484728,0.878521897274368
4.52,721.615242237163,722.479131264395,0.863889027231949
4.53,724.4469707716,725.305023123809,0.85805235220846
4.54,727.300175037068,728.141330287179,0.841155250111001
4.55,730.16411716805,731.002820977118,0.838703809068079
4.56,733.046467068487,733.867851470206,0.821384401718888
4.57,735.942622796015,736.754122766912,0.81149997089733
4.58,738.854118331422,739.650206735748,0.796088404326269
4.59,741.780953674708,742.566623364968,0.785669690259965
4.6,744.720060864297,745.493158230042,0.773097365745002
4.61,747.672973880977,748.437499218289,0.764525337311625
4.62,750.636624763172,751.393578760565,0.756953997392543
4.63,753.615615453246,754.360082772069,0.744467318823126
4.64,756.603810028047,757.339844101884,0.736034073837118
4.65,759.607344410727,760.326187983747,0.718843573020308
4.66,762.618548697347,763.323565346985,0.705016649637855
4.67,765.643558811057,766.334202200365,0.690643389307866
4.68,768.674704847919,769.355368510467,0.680663662548
4.69,771.72119069266,772.386458137211,0.665267444550636
4.7,774.772278479765,775.429595863265,0.657317383499731
4.71,777.835638113172,778.477095376333,0.641457263161215
4.72,780.903599688943,781.538262492613,0.634662803670267
4.73,783.983833111018,784.599139913192,0.615306802174018
4.74,787.067134494668,787.668628537654,0.601494042986019
4.75,790.161173743833,790.744807183302,0.583633439468485
4.76,793.256746973786,793.829092376498,0.572345402711676
4.77,796.359990107679,796.921080101132,0.561089993452583
4.78,799.466301203148,800.015713561741,0.549412358593372
4.79,802.580282202555,803.11592620092,0.53564399836489
4.8,805.694263201963,806.21807712893,0.523813926967023
4.81,808.814380124523,809.326616939275,0.512236814751532
4.82,811.934497047082,812.439725440985,0.50522839390328
4.83,815.060749892793,815.552750206629,0.492000313835547
4.84,818.183934776928,818.672670354451,0.488735577523016
4.85,821.313255584215,821.787551057412,0.474295473196889
4.86,824.439508429926,824.908619246329,0.469110816402463
4.87,827.568829237212,828.023434310714,0.454605073501625
4.88,830.695082082923,831.143121949102,0.448039866179215
4.89,833.822868909422,834.255241457744,0.432372548321609
4.9,836.944519812769,837.369805828888,0.425286016119117
4.91,840.067704696905,840.477408588395,0.40970389149004
4.92,843.184753657888,843.586646717901,0.401893060013435
4.93,846.300268638084,846.688214831806,0.387946193721518
4.94,849.409647695128,849.789597248355,0.379949553226879
4.95,852.515958790597,852.883106800138,0.36714800954087
4.96,855.614599982126,855.974103709902,0.359503727776428
4.97,858.708639231291,859.056417845982,0.347778614691379
4.98,861.793474595729,862.133386438856,0.339911843126856
4.99,864.870640056228,865.199344888683,0.328704832454719
5,867.938601631999,868.257731408849,0.319129776850104
5.01,870.995825342255,871.304297295772,0.308471953517028
5.02,874.043845167784,874.343997909764,0.300152741979787
5.03,877.079593147009,877.36975248271,0.290159335701105
5.04,880.10460326072,880.387021960617,0.282418699896994
5.05,883.115807547339,883.386702518532,0.270894971193115
5.06,886.116273968444,886.378300725008,0.262026756564069
5.07,889.099866600881,889.352308191512,0.252441590631065
5.08,892.072721367804,892.315601668533,0.242880300728984
5.09,895.025634384484,895.258773722751,0.233139338267279
5.1,897.964741574072,898.190116987536,0.225375413464121
5.11,900.885440994207,901.099718209446,0.214277215238553
5.12,903.79233458725,903.997589412754,0.205254825503744
5.13,906.676218468475,906.873412756634,0.197194288158585
5.14,909.543228561033,909.728805031983,0.185576470949741
5.15,912.388762922561,912.563562495228,0.174799572667325
5.16,915.215889514634,915.378088271925,0.162198757290525
5.17,918.020006394889,918.167829298149,0.147822903260248
5.18,920.801113563326,920.940774455363,0.139660892036659
5.19,923.560745000732,923.6855940465,0.124849045767519
5.2,926.292764783956,926.411389342515,0.118624558559191
5.21,929.004842816938,929.109460313075,0.104617496137507
5.22,931.686241234162,931.786784167281,0.100542933119073
5.23,934.344629939568,934.431424023622,0.0867940840535084
5.24,936.972339029216,937.054503794421,0.0821647652047659
5.25,939.572436464683,939.642367020288,0.0699305556051968
5.26,942.143388265179,942.209070725357,0.0656824601777544
5.27,944.683660449918,944.738025183131,0.0543647332126511
5.28,947.194786999686,947.244905613889,0.0501186142031429
5.29,949.672165972122,949.712009585232,0.0398436131099515
5.3,952.115797367223,952.154304152157,0.0385067849335883
5.31,954.528749146568,954.55469355802,0.0259444114520875
5.32,956.904885387002,956.932089490684,0.0272041036822657
5.33,959.248808030892,959.265957275652,0.0171492447599348
5.34,961.555915135872,961.574905058551,0.0189899226792249
5.35,963.824672721155,963.834048639501,0.00937591834644991
5.36,966.058148748316,966.065738216023,0.00758946770679358
5.37,968.251741274992,968.251967460935,0
5.38,970.405450301184,970.407804230454,0.00235392926958866
5.39,972.522343788466,972.514938525571,-0.00740526289450827
5.4,974.596285813687,974.592888513584,-0.00339730010273342
5.41,976.62574239606,976.622231632745,-0.00351076331514832
5.42,978.616849458736,978.61773209931,0
5.43,980.561937097775,980.558652069811,-0.00328502796378416
5.44,982.462539293965,982.469364460936,0.006825166970998
5.45,984.320190028095,984.323669646056,0.00347961796103391
5.46,986.131821338588,986.144625502979,0.0128041643911274
5.47,987.895899244656,987.911797632294,0.0158983876375487
5.48,989.6124237463,989.639241884223,0.0268181379229873
5.49,991.282928824308,991.313199205438,0.030270381129526
5.5,992.904346517103,992.951670285523,0.0473237684195738
5.51,994.475142843898,994.529061945726,0.0539191018276597
5.52,995.995317804692,996.068229498203,0.0729116935110596
5.53,997.467939361062,997.543073802773,0.075134441710702
5.54,998.886871589857,998.985047626097,0.0981760362395789
5.55,1000.25364847186,1000.36259014249,0.108941670626677
5.56,1001.56673602629,1001.69794957126,0.131213544967977
5.57,1002.82766823393,1002.97220803862,0.144539804689202
5.58,1004.034911114,1004.20518644045,0.170275326446813
5.59,1005.1869306857,1005.37270719783,0.185776512129223
5.6,1006.28372694904,1006.49762538849,0.21389843944894
5.61,1007.32069796165,1007.55475183233,0.2340538706801
5.62,1008.30397964669,1008.56947018988,0.265490543188889
5.63,1009.23203802336,1009.51922116358,0.28718314022251
5.64,1010.10333911088,1010.42230817795,0.31896906707459
5.65,1010.91481494767,1011.25495783028,0.340142882608006
5.66,1011.66799951452,1012.04427316475,0.376273650231269
5.67,1012.36596077301,1012.76385112163,0.397890348624287
5.68,1012.9994948384,1013.43735572847,0.437860890068919
5.69,1013.56860171071,1014.04010326356,0.471501552846348
5.7,1014.07941731308,1014.59788183174,0.518464518660494
5.71,1014.53500960708,1015.08540088742,0.550391280343547
5.72,1014.93077665035,1015.52318880721,0.592412156858018
5.73,1015.26825242369,1015.88787654531,0.619624121621314
5.74,1015.54130100393,1016.20292561964,0.661624615714004
5.75,1015.75145637187,1016.44324744884,0.691791076971185
5.76,1015.89565056593,1016.6390804579,0.743429891970891
5.77,1015.97388358611,1016.75845826437,0.784574678260356
5.78,1015.98768941321,1016.83161917433,0.843929761123604
5.79,1015.94780591272,1016.82922657434,0.881420661624702
5.8,1015.86497095017,1016.77727055596,0.91229960578687
5.81,1015.73918452557,1016.65056140544,0.911376879868158
5.82,1015.56737867733,1016.47812375286,0.910745075530485
5.83,1015.34495146308,1016.23001413867,0.885062675587164
5.84,1015.07036890205,1015.9350548244,0.864685922353942
5.85,1014.74516497502,1015.56906780048,0.823902825461005
5.86,1014.36320375883,1015.15197450052,0.788770741690769
5.87,1013.92141729192,1014.65909088232,0.737673590402778
5.88,1013.41980557429,1014.12379090136,0.703985327070654
5.89,1012.85530064434,1013.51592907642,0.660628432076692
5.9,1012.22330055973,1012.85583131665,0.632530756919209
5.91,1011.52687328203,1012.12205030977,0.595177027740647
5.92,1010.77522269597,1011.34290266376,0.567679967792969
5.93,1009.96528083997,1010.48278068028,0.517499840310165
5.94,1009.09551373324,1009.57040503628,0.474891303040067
5.95,1008.16438739499,1008.58776752586,0.423380130874648
5.96,1007.17036784444,1007.55286775357,0.382499909134935
5.97,1006.11038712001,1006.44597799907,0.335590879060874
5.98,1004.9844452217,1005.29521262647,0.310767404766011
5.99,1003.79867807267,1004.06992044069,0.271242368020467
6,1002.55461965369,1002.79690066918,0.24228101548681
6.01,1001.2492020032,1001.44914324028,0.199941237077724
6.02,999.882425121194,1000.05213240636,0.169707285165828
6.03,998.451221046097,998.586646470287,0.135425424190316
6.04,996.96172570106,997.07452874244,0.112803041380062
6.05,995.413939086084,995.49453476212,0.0805956760360687
6.06,993.807861201167,993.866484887616,0.0586236864492093
6.07,992.141958065523,992.170752963228,0.0287948977047563
6.08,990.41776365994,990.43343053407,0.0156668741301473
6.09,988.636811965205,988.627912689433,-0.00889927577179606
6.1,986.800636962106,986.775031200042,-0.025605762063492
6.11,984.906170689067,984.855160015784,-0.0510106732826898
6.12,982.958015088452,982.89762739925,-0.0603876892016615
6.13,980.959238121837,980.875019606218,-0.0842185156186588
6.14,978.90370386607,978.807763976662,-0.0959398894078731
6.15,976.797548244303,976.683719647291,-0.113828597012002
6.16,974.640771256536,974.520988104909,-0.119783151627189
6.17,972.431838921981,972.294482013195,-0.13735690878616
6.18,970.172285221425,970.033226292974,-0.13905892845105
6.19,967.866712097233,967.716179819688,-0.150532277544698
6.2,965.510517607041,965.356993610872,-0.153523996168929
6.21,963.108303693212,962.945651128933,-0.162652564279142
6.22,960.661604336534,960.500254105546,-0.161350230988091
6.23,958.16888555622,958.002391356013,-0.166494200207012
6.24,955.636283275421,955.472288656726,-0.163994618695028
6.25,953.059195551773,952.891534975405,-0.167660576368007
6.26,950.443758308428,950.277726363413,-0.166031945014652
6.27,947.789971545386,947.619228605357,-0.170742940028845
6.28,945.094767301071,944.928378503085,-0.166388797986087
6.29,942.368883440998,942.196374017412,-0.172509423585666
6.3,939.60311608044,939.441722132874,-0.161393947565671
6.31,936.808203084913,936.645911409749,-0.162291675164056
6.32,933.979542512051,933.825830464437,-0.153712047614363
6.33,931.118668342645,930.96367579355,-0.154992549095027
6.34,928.230182519056,928.083011601189,-0.147170917867015
6.35,925.312551060498,925.168158880663,-0.144392179835222
6.36,922.370375909333,922.235298670227,-0.135077239106181
6.37,919.400589103986,919.268853160419,-0.131735943566582
6.38,916.410860548397,916.285610293587,-0.125250254809998
6.39,913.396588300202,913.27858979463,-0.117998505572473
6.4,910.36544226334,910.253959918237,-0.111482345103241
6.41,907.314354476235,907.213236621162,-0.101117855073312
6.42,904.24946086204,904.157329088509,-0.092131773530582
6.43,901.16615947839,901.08522479152,-0.0809346868703642
6.44,898.072120229224,898.001474168599,-0.0706460606251085
6.45,894.964275152968,894.903648893656,-0.060626259311789
6.46,891.85029415356,891.802368317591,-0.0479258359689538
6.47,888.725575288637,888.691866869288,-0.0337084193484998
6.48,885.597788462138,885.577201203493,-0.0205872586450369
6.49,882.4623317317,882.45695498163,-0.00537675006955851
6.5,879.32840898205,879.333656462005,0.00524747995530106
6.51,876.189884290036,876.210440957296,0.0205566672597115
6.52,873.057495521173,873.086195866649,0.0287003454762953
6.53,869.925106752311,869.967495611894,0.0423888595826156
6.54,866.800387887388,866.851103910335,0.0507160229470855
6.55,863.67873698404,863.744708028194,0.0659710441539119
6.56,860.569357926996,860.644566266634,0.0752083396379248
6.57,857.467648773891,857.558770758892,0.091121985000882
6.58,854.381279428666,854.484085844249,0.102806415582791
6.59,851.308715910531,851.428199420661,0.119483510130522
6.6,848.253026181062,848.38706697241,0.134040791348184
6.61,845.214210240261,845.369388125162,0.155177884900581
6.62,842.19687003049,842.366061376042,0.169191345551667
6.63,839.201005551749,839.388719573217,0.187714021468082
6.64,836.229684765615,836.433622146655,0.203937381040078
6.65,833.284441652874,833.508457807461,0.224016154587162
6.66,830.368344175104,830.60736218725,0.239018012145834
6.67,827.481392332303,827.738428721993,0.257036389689688
6.68,824.626654086048,824.897108102622,0.270454016574149
6.69,821.807197397914,822.098776591424,0.291579193509961
6.7,819.021488287114,819.327456065146,0.305967778031572
6.71,816.277196657586,816.603074370749,0.325877713162527
6.72,813.571254547756,813.910665115772,0.339410568016319
6.73,810.908263899987,811.2681335922,0.359869692213238
6.74,808.289758695066,808.655355096219,0.365596401153311
6.75,805.715738932994,806.102271295586,0.386532362591652
6.76,803.192340536922,803.585926039714,0.393585502792007
6.77,800.716495545274,801.125539932048,0.409044386774326
6.78,798.294339881203,798.704832242466,0.410492361263323
6.79,795.92433956392,796.351317909576,0.426978345655584
6.8,793.609562555,794.039310261566,0.42974770656599
6.81,791.354610796808,791.794604904317,0.439994107509506
6.82,789.157950308556,789.593436935282,0.435486626726174
6.83,787.021115071031,787.465951505304,0.444836434272816
6.84,784.948707026598,785.384338212992,0.435631186394289
6.85,782.93765821368,783.379045871349,0.441387657669452
6.86,780.992570574641,781.425905550012,0.433334975371054
6.87,779.118046051844,779.551219490361,0.433173438516747
6.88,777.311016683715,777.73051542614,0.419498742424935
6.89,775.569948489465,775.993029074385,0.423080584920399
6.9,773.905579334609,774.305994296548,0.400414961939077
6.91,772.313307276784,772.70916604375,0.395858766966285
6.92,770.796200277565,771.168059098498,0.371858820933426
6.93,769.349656394589,769.715854187394,0.366197792805451
6.94,767.984413493371,768.319178577065,0.334765083693696
6.95,766.698937593122,767.01768654894,0.318748955818137
6.96,765.491694713056,765.776994279134,0.285299566078265
6.97,764.362684853172,764.628057668775,0.265372815603087
6.98,763.311908013471,763.546304049905,0.234396036433509
6.99,762.347034097891,762.565319692987,0.218285595096063
7,761.468063106432,761.643236036013,0.175172929581208
7.01,760.674995039095,760.821831872598,0.14683683350313
7.02,759.966295915092,760.066319029438,0.100023114345845
7.03,759.345033695999,759.407350414209,0.0623167182095585
7.04,758.806606439451,758.819645555349,0.0130391158978682
7.05,758.352548126237,758.33355431528,-0.0189938109569994
7.06,757.985926717932,757.91701954622,-0.0689071717117713
7.07,757.705208233749,757.602110542619,-0.103097691129506
7.08,757.510392673687,757.354342543352,-0.156050130334506
7.09,757.404547999323,757.211449050465,-0.19309894885771
7.1,757.384606249081,757.138338613898,-0.246267635183472
7.11,757.435227615081,757.172138030412,-0.263089584668819
7.12,757.5594800589,757.27633988384,-0.283140175059998
7.13,757.757363580537,757.501220446545,-0.256143133991941
7.14,758.030412160781,757.773859443573,-0.256552717208024
7.15,758.378625799631,758.149589014946,-0.229036784685377
7.16,758.805072458663,758.59088996718,-0.214182491483029
7.17,759.320490003392,759.141665784998,-0.178824218393856
7.18,759.920276491456,759.75529427819,-0.164982213265716
7.19,760.612101826792,760.470924692727,-0.141177134064606
7.2,761.383694163099,761.263175699282,-0.12051846381712
7.21,762.244257385102,762.146517037176,-0.0977403479261056
7.22,763.193791492804,763.107502241198,-0.0862892516063312
7.23,764.230762505414,764.162421789938,-0.0683407154758697
7.24,765.342898576631,765.28609611284,-0.0568024637908593
7.25,766.536335629606,766.511605805835,-0.0247298237707128
7.26,767.812607645127,767.809321306473,-0.00328633865387928
7.27,769.176316565558,769.203422290488,0.0271057249301521
7.28,770.627462390897,770.654669693955,0.0272073030578213
7.29,772.152239294056,772.200593767689,0.0483544736332533
7.3,773.758317178972,773.808732344573,0.0504151656012937
7.31,775.442628084071,775.517020564067,0.0743924799959359
7.32,777.211307932503,777.281769175772,0.07046124326871
7.33,779.04901691639,779.136866915101,0.0878499987111354
7.34,780.961890958883,781.046715796931,0.0848248380477798
7.35,782.951464040771,783.049553764126,0.0980897233552014
7.36,785.010066258113,785.106647467664,0.0965812095510046
7.37,787.134629649335,787.239342988218,0.104713338883471
7.38,789.332824118375,789.430551548477,0.0977274301014859
7.39,791.592377818931,791.696562078968,0.104184260036959
7.4,793.913290751001,794.014823779752,0.101533028750623
7.41,796.301698837739,796.411133023906,0.109434186167391
7.42,798.745330232841,798.850498086735,0.105167853894386
7.43,801.247252897883,801.363165162463,0.115912264580061
7.44,803.805932852076,803.917378981093,0.111446129016485
7.45,806.415234172269,806.531146722396,0.11591255012695
7.46,809.076690839251,809.183534999931,0.106844160680112
7.47,811.782632949081,811.893157647456,0.110524698375002
7.48,814.537662444124,814.641710980075,0.104048535951392
7.49,817.334109420439,817.444572110077,0.110462689637643
7.5,820.17043989724,820.275345398395,0.104905501155258
7.51,823.048187855313,823.15942074134,0.111232886026528
7.52,825.958149409933,826.072223113048,0.114073703114627
7.53,828.904926503461,829.01729467337,0.112368169908905
7.54,831.879315251171,831.987860833378,0.108545582207398
7.55,834.885917595427,834.990801373254,0.104883777826672
7.56,837.912461689925,838.011249966014,0.098788276088726
7.57,840.965083457818,841.056490416436,0.0914069586181085
7.58,844.031511052801,844.122276296772,0.0907652439707363
7.59,847.117880398027,847.208507902666,0.0906275046389737
7.6,850.211919647192,850.303554792108,0.0916351449160402
7.61,853.321298704237,853.405495797485,0.084197093247667
7.62,856.433745722857,856.522220850143,0.088475127286415
7.63,859.552328664628,859.632490177482,0.0801615128535786
7.64,862.667843644824,862.751981068035,0.0841374232113594
7.65,865.786426586595,865.860363678533,0.0739370919377507
7.66,868.89580564364,868.969977127109,0.0741714834692857
7.67,872.00058275832,872.0641322852,0.0635495268802515
7.68,875.090020065122,875.153853057933,0.0638329928108305
7.69,878.168719506408,878.221539587154,0.0528200807456187
7.7,881.227477197452,881.279631371952,0.0521541745001741
7.71,884.270895080617,884.314472905446,0.043577824828958
7.72,887.288235290388,887.328692356944,0.0404570665560868
7.73,890.281031807553,890.309139156713,0.0281073491604502
7.74,893.246216670536,893.267645104012,0.0214284334762169
7.75,896.177653956186,896.183979225409,0.00632526922333909
7.76,899.07687764529,899.074928941973,-0.00194870331688435
7.77,901.936217833908,901.916217120877,-0.0200007130314361
7.78,904.755674522042,904.724630667259,-0.0310438547830927
7.79,907.527577805752,907.478724002903,-0.0488538028487255
7.8,910.254995646612,910.196194049746,-0.0588015968659192
7.81,912.927190179109,912.850132961966,-0.0770572171425101
7.82,915.548763345605,915.461372602509,-0.0873907430964209
7.83,918.112045242162,918.002296609706,-0.109748632456331
7.84,920.613967907204,920.494950167786,-0.119017739417927
7.85,923.052997359942,922.914144015113,-0.138853344828817
7.86,925.424531658013,925.280709374894,-0.14382228311888
7.87,927.72703682063,927.566118741711,-0.16091807891894
7.88,929.957444886215,929.800508453682,-0.15693643253303
7.89,932.109619931619,931.941190318858,-0.168429612760747
7.9,934.188163899204,934.019614755652,-0.168549143552355
7.91,936.186940865819,936.011198254438,-0.175742611380656
7.92,938.099814908312,937.933433296573,-0.166381611739098
7.93,939.92985398826,939.756880687009,-0.172973301251091
7.94,941.673990144086,941.518654930807,-0.155335213278704
7.95,943.330689395002,943.1688852877,-0.161804107301577
7.96,944.89228183707,944.751260089108,-0.141021747961986
7.97,946.36490339344,946.224910331407,-0.139993062033454
7.98,947.745486102537,947.629175218494,-0.116310884042946
7.99,949.026360060422,948.908923561439,-0.117436498982897
8,950.209059247882,950.116440589022,-0.0926186588600331
8.01,951.288981722553,951.203169543492,-0.0858121790613495
8.02,952.272263407588,952.215731638504,-0.0565317690842448
8.03,953.157370322198,953.111638894208,-0.0457314279899492
8.04,953.936632562444,953.92577955097,-0.0108530114736141
8.05,954.610050128325,954.611012186106,0
8.06,955.177623019843,955.219925361301,0.0423023414583668
8.07,955.637817256209,955.702141240322,0.0643239841134573
8.08,955.989098856635,956.100942831273,0.111843974637509
8.09,956.223797917181,956.365041442131,0.141243524950255
8.1,956.344982399424,956.550565529276,0.205583129852243
8.11,956.355720264939,956.609160086115,0.253439821176016
8.12,956.275953263969,956.583400100061,0.307446836092367
8.13,956.105681396514,956.426750869358,0.321069472844101
8.14,955.841836700998,956.173594001519,0.331757300521417
8.15,955.481351215844,955.80682845965,0.325477243806176
8.16,955.02729290263,955.359016367895,0.331723465264645
8.17,954.481195742143,954.782814142944,0.301618400801431
8.18,953.841525753595,954.122718480202,0.28119272660706
8.19,953.10521497541,953.334015539199,0.22880056378915
8.2,952.269195446012,952.467574362226,0.19837891621421
8.21,951.333467165402,951.469982783965,0.136515618562953
8.22,950.294962172003,950.398279704374,0.103317532370966
8.23,949.15061250424,949.204110746939,0.053498242698538
8.24,947.901952142902,947.935411938675,0.033459795773183
8.25,946.55358303035,946.548178362433,-0.00540466791653671
8.26,945.107039147374,945.082052053128,-0.0249870942465122
8.27,943.562320493973,943.49656808883,-0.0657524051432574
8.28,941.919427070148,941.837639581984,-0.0817874881636271
8.29,940.181426837473,940.071477868371,-0.109948969101765
8.3,938.352921738314,938.232971648003,-0.119950090310795
8.31,936.433911772669,936.285601416125,-0.148310356544016
8.32,934.427464902114,934.268706201726,-0.158758700388489
8.33,932.335115107438,932.151431066122,-0.183684041315587
8.34,930.162998311792,929.973823567333,-0.189174744459365
8.35,927.909580534388,927.695521596503,-0.214058937885056
8.36,925.57946371759,925.366181614925,-0.213282102665175
8.37,923.175715822973,922.945644541671,-0.230071281302116
8.38,920.701404812113,920.466068899818,-0.235335912294545
8.39,918.159598646587,917.907322296359,-0.252276350227817
8.4,915.553365287969,915.303283505864,-0.25008178210544
8.41,912.885772697836,912.622189224619,-0.263583473217068
8.42,910.162956799339,909.899435505335,-0.263521294004477
8.43,907.38338361169,907.108923578725,-0.274460032965294
8.44,904.556257019617,904.284027133919,-0.27222988569747
8.45,901.678509061544,901.402289227746,-0.276219833797654
8.46,898.762411583773,898.487778767868,-0.274632815905079
8.47,895.803362643942,895.526535257808,-0.276827386134073
8.48,892.812100107565,892.537874388934,-0.274225718631328
8.49,889.787089993854,889.511072736044,-0.276017257809713
8.5,886.737536187537,886.467570632053,-0.269965555483509
8.51,883.663438688615,883.393509877092,-0.269928811523414
8.52,880.570933420237,880.305779735476,-0.26515368476089
8.53,877.464622324769,877.200232255843,-0.26439006892565
8.54,874.347573363785,874.084654434781,-0.262918929004172
8.55,871.222854498862,870.965721206889,-0.257133291972764
8.56,868.096601653151,867.844747234476,-0.251854418674725
8.57,864.971882788228,864.729824059662,-0.242058728565894
8.58,861.853299846457,861.619333772753,-0.233966073703755
8.59,858.7454547702,858.524099321344,-0.221355448856002
8.6,855.652949501823,855.440581671594,-0.212367830229368
8.61,852.5788520029,852.382031804076,-0.196820198823843
8.62,849.527764215795,849.339854062858,-0.187910152936979
8.63,846.505822063661,846.330334161086,-0.175487902575355
8.64,843.514559527284,843.348619399607,-0.16594012767689
8.65,840.561646510604,840.415952507836,-0.145694002767755
8.66,837.647083013621,837.509275585435,-0.137807428186306
8.67,834.781606901851,834.664092934155,-0.117513967695572
8.68,831.963684194505,831.855122285697,-0.108561908807701
8.69,829.202518776311,829.112507964762,-0.0900108115494049
8.7,826.498110647268,826.412384061895,-0.0857265853732088
8.71,823.858129711317,823.787525238345,-0.0706044729722635
8.72,821.285643930033,821.21821321141,-0.0674307186226315
8.73,818.782187284203,818.731357123257,-0.0508301609461341
8.74,816.356963658556,816.300866880351,-0.0560967782045054
8.75,814.006905091515,813.96700321454,-0.0399018769753638
8.76,811.741215467808,811.694674858235,-0.0465406095734124
8.77,809.564496729799,809.525356788279,-0.039139941520034
8.78,807.473680915911,807.424261552202,-0.0494193637086937
8.79,805.476437930083,805.429830271209,-0.0466076588735405
8.8,803.578903695469,803.513546848995,-0.0653568464738328
8.81,801.776476269703,801.715066997918,-0.0614092717852373
8.82,800.076825556726,799.989287017138,-0.0875385395879675
8.83,798.484553498901,798.392551808951,-0.0920016899505072
8.84,796.99812611544,796.878443440702,-0.119682674737987
8.85,795.622145348706,795.495923797116,-0.126221551589651
8.86,794.355077217913,794.197260076646,-0.157817141267515
8.87,793.206125607786,793.036977532638,-0.169148075148428
8.88,792.176824499115,791.95935297064,-0.217471528475244
8.89,791.265639911111,791.023665649912,-0.241974261198948
8.9,790.478707766926,790.177833889663,-0.300873877263371
8.91,789.809892143407,789.484778918194,-0.325113225213158
8.92,789.260727021344,788.878865726526,-0.381861294817895
8.93,788.831212400736,788.427971728439,-0.403240672296761
8.94,788.524416243159,788.066259679943,-0.458156563215766
8.95,788.351076414128,787.857561204625,-0.493515209503016
8.96,788.311192913643,787.746861836497,-0.564331077146221
8.97,788.387891953037,787.777662790761,-0.610229162275687
8.98,788.575037609159,787.907390129493,-0.667647479665789
8.99,788.869561920434,788.20068536569,-0.668876554744315
9,789.266862944496,788.571481811966,-0.69538113252986
9.01,789.765406700559,789.090387258831,-0.675019441727727
9.02,790.372863092561,789.706938544835,-0.665924547725581
9.03,791.095368043656,790.472020679466,-0.623347364189613
9.04,791.942125438568,791.326673998937,-0.615451439630647
9.05,792.903931392573,792.319962197098,-0.583969195474538
9.06,793.985387848032,793.402938736638,-0.582449111394112
9.07,795.186494804947,794.635186753655,-0.551308051291926
9.08,796.501116340165,795.948036425326,-0.553079914839145
9.09,797.923116530535,797.404408066859,-0.518708463675694
9.1,799.45709731842,798.944128061815,-0.512969256605288
9.11,801.104592684609,800.618282375194,-0.48631030941533
9.12,802.859466705951,802.3746876115,-0.484779094451028
9.13,804.714049478504,804.253202050491,-0.460847428012585
9.14,806.668341002271,806.209733424416,-0.458607577855105
9.15,808.726943219613,808.2870729272,-0.439870292412934
9.16,810.874516322653,810.439611065699,-0.43490525695438
9.17,813.11106031139,812.693348145203,-0.417712166186789
9.18,815.441177128189,815.024319100035,-0.416858028154024
9.19,817.849526965169,817.451646249947,-0.397880715221959
9.2,820.33764380312,819.934067977573,-0.40357582554725
9.21,822.903993661252,822.510732278696,-0.393261382555693
9.22,825.536304693264,825.143816493395,-0.392488199869149
9.23,828.242246803094,827.852643718487,-0.389603084606506
9.24,831.003412221288,830.60849336341,-0.39491885787811
9.25,833.827470851786,833.434126846092,-0.393344005693848
9.26,836.699082886708,836.308510403866,-0.390572482842344
9.27,839.619782306842,839.233164643239,-0.386617663602692
9.28,842.583433189037,842.195146252402,-0.388286936635041
9.29,845.582365629353,845.20174042109,-0.380625208262927
9.3,848.613511666216,848.238081673329,-0.375429992887462
9.31,851.670735376472,851.303666358612,-0.367069017860217
9.32,854.749434817758,854.38281877347,-0.366616044287639
9.33,857.843474066923,857.482721292815,-0.360752774108391
9.34,860.948251181604,860.591642351958,-0.35660882964612
9.35,864.05609625786,863.705132129634,-0.350964128225883
9.36,867.165475314904,866.818942785087,-0.346532529816727
9.37,870.268718448797,869.923263106483,-0.345455342314153
9.38,873.361223717175,873.019710770678,-0.341512946497346
9.39,876.436855196885,876.095540724269,-0.341314472615977
9.4,879.494078907141,879.153887056462,-0.340191850678821
9.41,882.52062300164,882.179070759797,-0.341552241842805
9.42,885.519555441956,885.174022735726,-0.345532706230074
9.43,888.480138362576,888.122456162738,-0.357682199837882
9.44,891.40083778271,891.038932903709,-0.36190487900069
9.45,894.272449817632,893.889465231696,-0.382984585935901
9.46,897.091906505765,896.700245570301,-0.391660935463847
9.47,899.850003962384,899.436476390266,-0.4135275721178
9.48,902.542140245123,902.126069050824,-0.416071194299207
9.49,905.165247392408,904.726841681792,-0.438405710616166
9.5,907.71012151951,907.272672383241,-0.437449136268583
9.51,910.17676262643,909.717231530325,-0.459531096105025
9.52,912.552898866865,912.097835430435,-0.455063436430123
9.53,914.836996260027,914.369064031293,-0.46793222873373
9.54,917.029054805915,916.566210182842,-0.462844623072669
9.55,919.116802658227,918.650023041469,-0.466779616757776
9.56,921.101773797752,920.648107981811,-0.453665815941463
9.57,922.982434243699,922.520201742904,-0.462232500795494
9.58,924.748046130556,924.307563928509,-0.440482202046496
9.59,926.397075477533,925.952837126138,-0.444238351395143
9.6,927.931056265418,927.509822342225,-0.421233923192858
9.61,929.343852571061,928.924398569596,-0.419454001465397
9.62,930.629328471309,930.239341668328,-0.389986802980957
9.63,931.781348043011,931.402046966178,-0.379301076833258
9.64,932.804513228531,932.471574742709,-0.332938485821614
9.65,933.700358008656,933.374180523392,-0.326177485264111
9.66,934.464280441023,934.175599501485,-0.288680939537585
9.67,935.091678583269,934.817258979827,-0.274419603442311
9.68,935.579484473816,935.35316142226,-0.226323051555937
9.69,935.926164131878,935.721901601904,-0.204262529974358
9.7,936.128649595879,935.98719187183,-0.141457724048792
9.71,936.191542808183,936.085503037892,-0.106039770291432
9.72,936.124047653516,936.075894629215,-0.0481530243014276
9.73,935.946105882121,935.893522232723,-0.0525836493976612
9.74,935.648513609271,935.609582917557,-0.0389306917138583
9.75,935.22820287339,935.154579913306,-0.0736229600836396
9.76,934.683639693691,934.599811531554,-0.0838281621367969
9.77,934.011756108597,933.879422602924,-0.132333505672705
9.78,933.209484156533,933.056215225946,-0.153268930587046
9.79,932.279891799074,932.071009986826,-0.208881812247569
9.8,931.218377093857,930.985496518738,-0.232880575118884
9.81,930.024940040882,929.74444052537,-0.280499515511906
9.82,928.702648601725,928.40639637092,-0.296252230805408
9.83,927.253036757173,926.916028984679,-0.337007772493735
9.84,925.682240430378,925.330274458971,-0.351965971407253
9.85,923.988725640552,923.594607184014,-0.394118456538422
9.86,922.175560349271,921.773953994743,-0.401606354528099
9.87,920.248880479687,919.812677529479,-0.436202950208099
9.88,918.213287974163,917.7702430972,-0.443044876962858
9.89,916.070316813487,915.597790675396,-0.472526138090871
9.9,913.82610292081,913.353774653727,-0.47232826708273
9.91,911.486782219284,910.990853026789,-0.495929192495396
9.92,909.05235470891,908.554837358446,-0.49751735046425
9.93,906.532024274414,906.019828893108,-0.512195381306242
9.94,903.928858877372,903.419603921085,-0.509254956286895
9.95,901.247460460148,900.723308101353,-0.52415235879505
9.96,898.498566888257,897.976349715224,-0.522217173033255
9.97,895.680644180911,895.151921362529,-0.528722818382334
9.98,892.807498165201,892.284913245836,-0.52258491936459
9.99,889.879128841127,889.349428897997,-0.52969994313014
