0,0,0,0
0.001,0,-2.14564537774009E-05,0
0.002,0,-0.0445356575353356,-0.0445356575353356
0.003,0,0.25314674951246,0.25314674951246
0.004,0,0.187596751128967,0.187596751128967
0.005,0,0.451570304443277,0.451570304443277
0.006,0,0.434006994572017,0.434006994572017
0.007,0,0.713244314253653,0.713244314253653
0.008,0,0.691695802965319,0.691695802965319
0.009,0,0.956605106487753,0.956605106487753
0.01,0,0.928159907823812,0.928159907823812
0.011,0,1.17582265982621,1.17582265982621
0.012,0,1.14093904724511,1.14093904724511
0.013,0,1.37301657876039,1.37301657876039
0.014,0,1.3302353645597,1.3302353645597
0.015,0,1.54598420097242,1.54598420097242
0.016,0,1.495448159788,1.495448159788
0.017,0,1.69523299143936,1.69523299143936
0.018,0,1.63733033829516,1.63733033829516
0.019,0,1.8217580114419,1.8217580114419
0.02,0,1.75634069322263,1.75634069322263
0.021,0,1.92608186464343,1.92608186464343
0.022,0,1.85304512748249,1.85304512748249
0.023,0,2.00888305271844,2.00888305271844
0.024,0,1.92883935136898,1.92883935136898
0.025,0,2.07075997304436,2.07075997304436
0.026,0,1.98388858623858,1.98388858623858
0.027,0,2.11255658522221,2.11255658522221
0.028,0,2.01908920898761,2.01908920898761
0.029,0,2.13523207471436,2.13523207471436
0.03,0,2.03530617880101,2.03530617880101
0.031,0,2.13938485800048,2.13938485800048
0.032,0,2.03287299739419,2.03287299739419
0.033,0,2.12550498178,2.12550498178
0.034,0,2.01293615076296,2.01293615076296
0.035,0,2.09419378312321,2.09419378312321
0.036,0,1.97620349305865,1.97620349305865
0.037,0,2.04630131506428,2.04630131506428
0.038,0,1.92269875906584,1.92269875906584
0.039,0,1.98251479088309,1.98251479088309
0.04,0,1.85318586822879,1.85318586822879
0.041,0,1.90321030573709,1.90321030573709
0.042,0,1.76869979471859,1.76869979471859
0.043,0,1.80907910641434,1.80907910641434
0.044,0,1.66955973288546,1.66955973288546
0.045,0,1.70083910365164,1.70083910365164
0.046,0,1.55651344636162,1.55651344636162
0.047,0,1.57899512742706,1.57899512742706
0.048,0,1.43015395751294,1.43015395751294
0.049,0,1.4443877278951,1.4443877278951
0.05,0,1.29082836498949,1.29082836498949
0.051,0,1.29705686505135,1.29705686505135
0.052,0,1.13920955758592,1.13920955758592
0.053,0,1.13770379321338,1.13770379321338
0.054,0,0.975991753794659,0.975991753794659
0.055,0,0.967002738972204,0.967002738972204
0.056,0,0.801408662026344,0.801408662026344
0.057,0,0.785411417134137,0.785411417134137
0.058,0,0.615881590569789,0.615881590569789
0.059,0,0.593338812502526,0.593338812502526
0.06,0,0.420431006589166,0.420431006589166
0.061,0,0.391341000102158,0.391341000102158
0.062,0,0.215148623930344,0.215148623930344
0.063,0,0.179859547168564,0.179859547168564
0.064,0,0.000471126101423816,0
0.065,0,-0.0405888710724255,-0.0405888710724255
0.066,0,-0.222914070204233,-0.222914070204233
0.067,0,-0.269325189802339,-0.269325189802339
0.068,0,-0.454533214423369,-0.454533214423369
0.069,0,-0.506286840204236,-0.506286840204236
0.07,0,-0.694137177524396,-0.694137177524396
0.071,0,-0.750899396683611,-0.750899396683611
0.072,0,-0.940407550073839,-0.940407550073839
0.073,0,-1.00201699468916,-1.00201699468916
0.074,0.00153398078788564,-0.852541422309193,-0.854075403097079
0.075,0.00613592315154256,-0.995922574161884,-1.00205849731343
0.076,0.0138058270909708,-0.920316509283202,-0.934122336374172
0.077,0.021475731030399,-1.02053739241059,-1.04201312344098
0.078,0.0337475773334841,-0.928328658585189,-0.962076235918673
0.079,0.0460194236365692,-0.99593487828788,-1.04195430192445
0.08,0.0613592315154256,-0.88957857492971,-0.950937806445135
0.081,0.0782330201821677,-1.1022116418192,-1.18044466200137
0.082,0.098174770424681,-1.01236336516513,-1.11053813558981
0.083,0.11965050145508,-1.14927906769407,-1.26892956914915
0.084,0.142660213273365,-1.06955548469463,-1.212215697968
0.085,0.168737886667421,-1.17577966792327,-1.34451755459069
0.086,0.196349540849362,-1.10021622474938,-1.29656576559874
0.087,0.225495175819189,-1.18268235637533,-1.40817753219452
0.088,0.256174791576902,-1.11688407134363,-1.37305886292053
0.089,0.289922368910386,-1.16822718808141,-1.45814955699179
0.09,0.325203927031756,-1.10629528634015,-1.43149921337191
0.091,0.363553446728897,-1.12920700563598,-1.49276045236487
0.092,0.403436947213924,-1.07040948275568,-1.4738464299696
0.093,0.444854428486836,-1.066379336543,-1.51123376502984
0.094,0.487805890547634,-1.00874614671497,-1.49655203726261
0.095,0.533825314184203,-0.976878664128865,-1.51070397831307
0.096,0.581378718608658,-0.917636713701073,-1.49901543230973
0.097,0.632000084608884,-0.859538554270026,-1.49153863887891
0.098,0.684155431396996,-0.80210798841014,-1.48626341980714
0.099,0.737844758972993,-0.721849599501489,-1.45969435847448
0.1,0.793068067336877,-0.661969581767647,-1.45503764910452
0.101,0.851359337276531,-0.558675757581301,-1.41003509485783
0.102,0.911184588004071,-0.499352071829579,-1.41053665983365
0.103,0.974077800307382,-0.372787558813951,-1.34686535912133
0.104,1.03697101261069,-0.313713604216926,-1.35068461682762
0.105,1.10293218648978,-0.168090156630183,-1.27102234311996
0.106,1.17196132194463,-0.103419179540897,-1.27538050148553
0.107,1.24099045739948,0.0646784666198506,-1.17631199077963
0.108,1.31308755443011,0.130144704626348,-1.18294284980376
0.109,1.38825261303651,0.324414685651908,-1.0638379273846
0.11,1.4634176716429,0.393593124943017,-1.06982454669988
0.111,1.54165069182507,0.610715647406245,-0.930935044418825
0.112,1.62141769279512,0.680313258584013,-0.941104434211107
0.113,1.70425265534095,0.913603991783184,-0.790648663557766
0.114,1.78862159867466,0.988622173657829,-0.799999425016831
0.115,1.87452452279625,1.24265988040213,-0.631864642394115
0.116,1.96196142770574,1.31450060933373,-0.64746081837201
0.117,2.05246629419099,1.58449537844567,-0.467970915745317
0.118,2.14450514146413,1.6594203930221,-0.485084748442029
0.119,2.23961195031304,1.95093194619628,-0.28868000411676
0.12,2.33625273994983,2.03277767567825,-0.303475064271575
0.121,2.43442751037451,2.34424082691529,-0.0901866834592218
0.122,2.53413626158708,2.42912293249101,-0.105013329096068
0.123,2.63691297437542,2.7613907550315,0.124477780656083
0.124,2.74122366795164,2.85178064465077,0.110556976699135
0.125,2.84246639995209,2.96783746414546,0.125371064193368
0.126,2.94217515116466,2.98552372504387,0.0433485738792054
0.127,3.03728196001357,3.11895741529928,0.0816754552857071
0.128,3.13085478807459,3.11071677302958,-0.0201380150450112
0.129,3.22135965455985,3.23470436970997,0.0133447151501191
0.13,3.30879655946933,3.18929315562964,-0.119503403839695
0.131,3.39469948359092,3.29646871458958,-0.09823076900134
0.132,3.47753444613675,3.33567264314748,-0.141861802989272
0.133,3.5573014471068,3.51385828036404,-0.0434431667427626
0.134,3.63553446728897,3.53964469155065,-0.0958897757383173
0.135,3.71069952589537,3.7282297600057,0.0175302341103283
0.136,3.78433060371388,3.73309074725101,-0.0512398564628667
0.137,3.85489371995662,3.92347835363073,0.0685846336741074
0.138,3.92238887462358,3.90904131478955,-0.0133475598340325
0.139,3.98835004850267,4.10281730044114,0.114467251938469
0.14,4.05124326080598,4.06630107933081,0.0150578185248271
0.141,4.11106851153352,4.26092532595027,0.149856814416748
0.142,4.16935978147317,4.20306086688133,0.0337010854081559
0.143,4.22458308983706,4.39743139455607,0.172848304719009
0.144,4.27827241741305,4.31956073589088,0.0412883184778297
0.145,4.32889378341328,4.51352941364158,0.184635630228298
0.146,4.37644718783773,4.41584131760915,0.0393941297714155
0.147,4.4224666114743,4.60902868590189,0.186562074427592
0.148,4.4654180735351,4.49256970853984,0.0271516350047403
0.149,4.50530157402013,4.68470033943565,0.179398765415518
0.15,4.54365109371727,4.55026685319778,0.00661575948051141
0.151,4.57893265183864,4.7412508867163,0.162318234877658
0.152,4.61268022917212,4.58983294418725,-0.02284728498487
0.153,4.64335984492984,4.77973616192821,0.136376316998374
0.154,4.67097149911178,4.6123523457228,-0.0586191533889764
0.155,4.69704917250583,4.80034539079403,0.1032962182882
0.156,4.72005888432412,4.61787135936262,-0.102187524961503
0.157,4.74153461535452,4.80428815992005,0.0627535445655294
0.158,4.75994238480914,4.6072298477878,-0.15271253702134
0.159,4.77681617347589,4.79202298195692,0.0152068084810297
0.16,4.78908801977897,4.58053903571698,-0.208548984061989
0.161,4.80135986608206,4.76361628207863,-0.037743584003433
0.162,4.81056375080937,4.53900901338521,-0.271554737424165
0.163,4.81669967396091,4.72016490183163,-0.0965347721292797
0.164,4.81976763553668,4.48284742250649,-0.336920213030188
0.165,4.82130161632457,4.66235910923657,-0.158942507087998
0.166,4.82130161632457,4.41262356863831,-0.408678047686258
0.167,4.8182336547488,4.59043489993817,-0.227798754810627
0.168,4.81209773159726,4.32873288185932,-0.483364849737941
0.169,4.80442782765783,4.50411014141877,-0.300317686239056
0.17,4.79522394293051,4.23205299922156,-0.563170943708948
0.171,4.78295209662743,4.40556901570767,-0.377383080919757
0.172,4.76914626953646,4.12320390794066,-0.645942361595802
0.173,4.75227248086972,4.29430706277395,-0.457965418095766
0.174,4.73386471141509,4.00205838282921,-0.731806328585878
0.175,4.71392296117258,4.17174551580989,-0.542177445362693
0.176,4.69091324935429,3.87046709861009,-0.820446150744202
0.177,4.66636955674812,4.03804964191758,-0.628319914830537
0.178,4.63875790256618,3.72786874314721,-0.910889159418966
0.179,4.60961226759635,3.89269459981811,-0.716917667778238
0.18,4.57893265183864,3.57496066479578,-1.00397198704286
0.181,4.54518507450515,3.73783410002731,-0.807350974477842
0.182,4.50990351638379,3.41181445795374,-1.09808905843005
0.183,4.47308797747453,3.57264245681296,-0.900445520661573
0.184,4.4332044769895,3.23904301503511,-1.19416146195439
0.185,4.39178699571659,3.39804743520988,-0.993739560506715
0.186,4.34730155286791,3.05749970650248,-1.28980184636543
0.187,4.30128212923134,3.21452232734807,-1.08675980188327
0.188,4.25372872480688,2.86723386736075,-1.38649485744613
0.189,4.20310735880666,3.02179008414178,-1.18131727466488
0.19,4.15095201201855,2.66881968233434,-1.48213232968421
0.191,4.09572870365466,2.82120718702595,-1.27452151662871
0.192,4.04050539529078,2.46241332319554,-1.57809207209525
0.193,3.98221412535112,2.61283322438761,-1.36938090096351
0.194,3.9208548938357,2.24851500169486,-1.67233989214084
0.195,3.85796168153239,2.39702837679901,-1.46093330473338
0.196,3.79353448844119,2.02800284301531,-1.76553164542588
0.197,3.72757331456211,2.17444740782087,-1.55312590674124
0.198,3.65854417910725,1.80120774273987,-1.85733643636738
0.199,3.58644708207663,1.94537075173558,-1.64107633034105
0.2,3.514349985046,1.56795533877079,-1.94639464627521
0.201,3.43918492643961,1.71002844924135,-1.72915647719826
0.202,3.36248588704533,1.32825767923997,-2.03422820780536
0.203,3.28271888607527,1.46915064713364,-1.81356823894163
0.204,3.20141790431733,1.08352202715927,-2.11789587715806
0.205,3.11704896098362,1.22252332248685,-1.89452563849677
0.206,3.03268001764991,0.833280173889423,-2.19939984376049
0.207,2.94524311274043,0.970973763160723,-1.97426934957971
0.208,2.85473824625518,0.578648796721895,-2.27608944953329
0.209,2.76269939898204,0.714440561011584,-2.04825883797046
0.21,2.66912657092102,0.319062570264629,-2.35006400065639
0.211,2.57248578128422,0.453466087812139,-2.11901969347208
0.212,2.47431101085954,0.0557864762543898,-2.41852453460515
0.213,2.37460225964697,0.188208084474209,-2.18639417517276
0.214,2.27335952764652,-0.211820446720702,-2.48517997436722
0.215,2.1690488340703,-0.0809014725759972,-2.2499503066463
0.216,2.06320415970619,-0.483113977641609,-2.5463181373478
0.217,1.95429152376631,-0.353291606649747,-2.30758313041606
0.218,1.84384490703854,-0.757475375710909,-2.60132028274945
0.219,1.73186430952289,-0.629467571796021,-2.36133188131891
0.22,1.61834973121935,-1.03506124066667,-2.65341097188602
0.221,1.50176719134004,-0.90847879557011,-2.41024598691015
0.222,1.38365067067285,-1.3157222119316,-2.69937288260445
0.223,1.26400016921777,-1.19014413219741,-2.45414430141518
0.224,1.14128170618692,-1.59900244478697,-2.74028415097389
0.225,1.01702926236818,-1.474570062471,-2.49159932483918
0.226,0.891242837761558,-1.88414279267143,-2.77538563043299
0.227,0.762388451579164,-1.76105622287866,-2.52344467445782
0.228,0.632000084608884,-2.17165077768626,-2.80365086229515
0.229,0.498543756062833,-2.04958330837537,-2.54812706443821
0.23,0.365087427516783,-2.46081059480318,-2.82589802231997
0.231,0.227029156607075,-2.34002883560678,-2.56705799221386
0.232,0.0889708856973672,-2.75173607839959,-2.84070696409696
0.233,-0.0521553467881118,-2.63196076667091,-2.57980541988279
0.234,-0.194815560061476,-3.04378052601349,-2.84896496595201
0.235,-0.340543734910612,-2.92496612366729,-2.58442238875667
0.236,-0.487805890547634,-3.33684148990878,-2.84903559936115
0.237,-0.636602026972541,-3.21900469496672,-2.58240266799417
0.238,-0.786932144185334,-3.63051010239024,-2.84357795820491
0.239,-0.940330222973898,-3.51385998607573,-2.57352976310184
0.24,-1.09526228255035,-3.92562840245141,-2.83036611990106
0.241,-1.25172832291468,-3.80984206897124,-2.55811374605656
0.242,-1.41126232485479,-4.22120775284711,-2.80994542799232
0.243,-1.57233030758278,-4.10614211166858,-2.5338118040858
0.244,-1.73493227109866,-4.51728393639729,-2.78235166529863
0.245,-1.89906821540242,-4.4034368959627,-2.50436868056028
0.246,-2.06627212128196,-4.81355721831747,-2.74728509703551
0.247,-2.23654398873726,-4.70024941993842,-2.46370543120116
0.248,-2.40681585619257,-5.10976227963463,-2.70294642344206
0.249,-2.58015568522365,-4.99707169805537,-2.41691601283172
0.25,-2.75502949504261,-5.40588857052993,-2.65085907548732
0.251,-2.93143728564946,-5.29401305964726,-2.3625757739978
0.252,-3.11091303783208,-5.70162742794882,-2.59071439011674
0.253,-3.29192277080259,-5.59052855328377,-2.29860578248118
0.254,-3.47446648456098,-5.99687439501406,-2.52240791045308
0.255,-3.66007815989514,-5.88597105434684,-2.22589289445169
0.256,-3.84722381601719,-6.2918007563355,-2.44457694031831
0.257,-4.03743743371501,-6.18121867394571,-2.1437812402307
0.258,-4.22918503220071,-6.58583467618021,-2.3566496439795
0.259,-4.4224666114743,-6.47555713142428,-2.05309051994998
0.26,-4.61728217153578,-6.87913144934733,-2.26184927781155
0.261,-4.81363171238514,-6.76925292079742,-1.95562120841228
0.262,-5.01304921481028,-7.17132315934453,-2.15827394453425
0.263,-5.21553467881118,-7.06221149908253,-1.84667682027135
0.264,-5.41802014281209,-7.46215589347458,-2.04413575066249
0.265,-5.62357356838876,-7.35324254929885,-1.72966898091009
0.266,-5.83066097475332,-7.75211801282456,-1.92145703807124
0.267,-6.04081634269366,-7.64332502779913,-1.60250868510547
0.268,-6.25250569142187,-8.04077359491628,-1.78826790349441
0.269,-6.46572902093798,-7.93219760331211,-1.46646858237413
0.27,-6.68202031202985,-8.32770826841022,-1.64568795638037
0.271,-6.89984558390961,-8.21975701172792,-1.31991142781831
0.272,-7.11920483657726,-8.61326455028304,-1.49405971370578
0.273,-7.34009807003279,-8.50544046546878,-1.16534239543599
0.274,-7.5640592650641,-8.89734435002975,-1.33328508496565
0.275,-7.78955444088329,-8.78927024639606,-0.99971580551277
0.276,-8.01658359749036,-9.17967673413555,-1.16309313664519
0.277,-8.24668071567321,-9.07107415953809,-0.824393443864885
0.278,-8.47677783385605,-9.45951014498751,-0.982732311131461
0.279,-8.71147689440256,-9.35124127290047,-0.639764378497912
0.28,-8.94617595494906,-9.73774362484884,-0.791567669899779
0.281,-9.18394297707133,-9.62973446337253,-0.445791486301196
0.282,-9.42324397998149,-10.0136344074798,-0.590390427498285
0.283,-9.66407896367954,-9.9055724716956,-0.241493508016065
0.284,-9.90798190895336,-10.2879705681186,-0.379988659165257
0.285,-10.1534188350151,-10.1801695330184,-0.0267506980033261
0.286,-10.4003897418646,-10.5601609552748,-0.159771213410238
0.287,-10.65042861029,-10.4521090752542,0.198319535035802
0.288,-10.9020014595033,-10.8299549792309,0.0720464802723644
0.289,-11.1551082895044,-10.7217822240455,0.43332606545893
0.29,-11.4112830810813,-11.0972897257432,0.313993355338113
0.291,-11.6689918534461,-10.9893234525862,0.679668400859928
0.292,-11.9282346065987,-11.3625370031024,0.565697603496343
0.293,-12.1890113405393,-11.2551370168178,0.933874323721486
0.294,-12.4528560360556,-11.6262936426719,0.826562393383702
0.295,-12.7182347123599,-11.5189333949105,1.19930131744936
0.296,-12.985147369452,-11.8886090752518,1.09653829420022
0.297,-13.2535940073319,-11.7813924888789,1.472201518453
0.298,-13.5251086067877,-12.148744302629,1.37636430415866
0.299,-13.7966232062435,-12.0420501873112,1.75457301893229
0.3,-14.0696717864871,-12.4071458182613,1.66252596822576
0.301,-14.3442543475186,-12.300295440433,2.04395890708559
0.302,-14.620370889338,-12.6634878245069,1.95688306483115
0.303,-14.8995553927332,-12.5562544017447,2.34330099098851
0.304,-15.1787398961284,-12.9175574798977,2.26118241623072
0.305,-15.4579243995236,-12.8108316106595,2.64709278886413
0.306,-15.734040941343,-13.216478308541,2.51756263280196
0.307,-16.0055555407988,-13.1091880051986,2.89636753560023
0.308,-16.2724681978909,-13.5026150100266,2.76985318786434
0.309,-16.5378468741951,-13.4002297735949,3.1376171006002
0.31,-16.8001575889235,-13.7941989991747,3.00595858974877
0.311,-17.0594003420762,-13.6968870795286,3.36251326254761
0.312,-17.3155751336531,-14.0911087713686,3.22446636228445
0.313,-17.5686819636542,-13.9739231831614,3.59475878049284
0.314,-17.8187208320796,-14.3584736772294,3.4602471548502
0.315,-18.0672257197171,-14.249537043226,3.81768867649106
0.316,-18.3111286649909,-14.6312541129211,3.6798745520698
0.317,-18.5550316102647,-14.5260993940661,4.02893221619858
0.318,-18.7943326131749,-14.906158264951,3.88817434822388
0.319,-19.0320996352972,-14.8040760630679,4.22802357222927
0.32,-19.2667986958437,-15.1814672778576,4.08533141798605
0.321,-19.4984297948144,-15.0829334212373,4.41549637357706
0.322,-19.7285269129972,-15.4579964349194,4.27053047807784
0.323,-19.9555560696043,-15.3631185063371,4.59243756326717
0.324,-20.1795172646356,-15.7363901019684,4.44312716266723
0.325,-20.401944478879,-15.6448007080976,4.75714377078144
0.326,-20.6213037315467,-16.0152528984708,4.60605083307592
0.327,-20.8375950226385,-15.9267574384863,4.91083758415224
0.328,-21.0523523329425,-16.2956241322632,4.75672820067935
0.329,-21.2640416816708,-16.2103962004534,5.05364548121742
0.33,-21.4741970496111,-16.5769395718518,4.8972574777593
0.331,-21.6797504751878,-16.4934391013727,5.18631137381506
0.332,-21.8837699199766,-16.8578026598107,5.02596726016589
0.333,-22.0862553839775,-16.777495264269,5.30876011970846
0.334,-22.2856728864026,-17.1391016750805,5.14657121132215
0.335,-22.482022427252,-17.0604988918752,5.42152353537679
0.336,-22.6768379873134,-17.4203116388477,5.25652634846575
0.337,-22.8685855857991,-17.3437329888318,5.52485259696733
0.338,-23.058799203497,-17.7008260138767,5.35797318962033
0.339,-23.245944859619,-17.6270724042438,5.61887245537519
0.34,-23.4300225541653,-17.9813790162186,5.44864353794667
0.341,-23.6110322871358,-17.9088319590088,5.702200328127
0.342,-23.7905080393184,-18.261921659942,5.52858637937639
0.343,-23.9684498107131,-18.190730009521,5.77771980119214
0.344,-24.1417896397442,-18.5409326576017,5.60085698214251
0.345,-24.3135954879874,-18.4726458326424,5.84094965534501
0.346,-24.4838673554427,-18.8194549048636,5.66441245057908
0.347,-24.6510712613223,-18.7529093043657,5.89816195695656
0.348,-24.815207205626,-19.09795344192,5.71725376370597
0.349,-24.9778091691419,-19.0322745507439,5.945534618398
0.35,-25.137343171082,-19.3748560226287,5.76248714845334
0.351,-25.2953431922342,-19.3098012929877,5.9855418992465
0.352,-25.4502752518107,-19.6504463773601,5.79982887445061
0.353,-25.6021393498114,-19.5866642483992,6.01547510141224
0.354,-25.7524694670241,-19.9248373898173,5.8276320772068
0.355,-25.8997316226612,-19.8619488352415,6.03778278741967
0.356,-26.0439258167224,-20.1980265335885,5.84589928313395
0.357,-26.1865860299958,-20.13574828627,6.05083774372581
0.358,-26.3261782816934,-20.4700411924414,5.85613708925197
0.359,-26.4642365526031,-20.4084096807114,6.05582687189174
0.36,-26.599226861937,-20.740310542898,5.858916319039
0.361,-26.7311492096952,-20.6791879525109,6.05196125718432
0.362,-26.8600035958776,-21.0086169473018,5.85138664857583
0.363,-26.9873240012721,-20.9482452806196,6.03907872065253
0.364,-27.1131104258787,-21.2755509227935,5.83755950308521
0.365,-27.2358288889096,-21.2158813239818,6.01994756492781
0.366,-27.3554793903646,-21.5406678042538,5.81481158611078
0.367,-27.4720619302439,-21.4814033833849,5.99065854685903
0.368,-27.5871104893354,-21.8038238383362,5.78328665099922
0.369,-27.7006250676389,-21.7452559978276,5.95536906981135
0.37,-27.8095377035788,-22.0648274841349,5.74471021944395
0.371,-27.9169163587308,-22.00725978274,5.90965657599079
0.372,-28.0227610330949,-22.3237399410178,5.69902109207709
0.373,-28.1255377458832,-22.2667439597046,5.85879378617863
0.374,-28.2252464970958,-22.5807412323435,5.64450526475226
0.375,-28.3234212675205,-22.5240777486257,5.79934351889477
0.376,-28.4185280763694,-22.8352069560823,5.58332112028715
0.377,-28.5121009044304,-22.7794397809088,5.73266112352156
0.378,-28.6026057709157,-23.0876729822719,5.51493278864377
0.379,-28.6900426758251,-23.0324252605788,5.65761741524629
0.38,-28.7759455999467,-23.3378800836619,5.43806551628477
0.381,-28.8603145432805,-23.2830348114045,5.57727973187599
0.382,-28.9400815442505,-23.5855980002649,5.35448354398558
0.383,-29.0198485452206,-23.5316348142092,5.48821373101137
0.384,-29.095013603827,-23.8316029399131,5.2634106639139
0.385,-29.1686446816455,-23.7773381817758,5.3913064998697
0.386,-29.2392077978882,-24.0748565931513,5.16435120473688
0.387,-29.3082369333431,-24.0206427237461,5.28759420959702
0.388,-29.3741981072221,-24.3156147567119,5.05858335051017
0.389,-29.4386253003133,-24.261909810209,5.17671549010434
0.39,-29.4999845318288,-24.5535344868254,4.94645004500342
0.391,-29.5582758017684,-24.4987905781583,5.05948522361015
0.392,-29.6150330909202,-24.787329631172,4.82770345974821
0.393,-29.6702563992841,-24.7321974182004,4.93805898108372
0.394,-29.7224117460722,-25.017387111122,4.70502463495019
0.395,-29.7730331120724,-24.9610867949926,4.81194631707975
0.396,-29.8221204972848,-25.2429740816678,4.57914641561703
0.397,-29.8696739017092,-25.1860855831164,4.68358831859277
0.398,-29.9141593445579,-25.4651632302591,4.44899611429877
0.399,-29.9571108066187,-25.4077568557979,4.54935395082078
0.4,-30.0000622686795,-25.6837131755594,4.31634909312011
0.401,-30.0399457691645,-25.625634601398,4.41431116776647
0.402,-30.0798292696495,-25.8984175303546,4.18141173929489
0.403,-30.1166448085588,-25.8396956882918,4.276949120267
0.404,-30.153460347468,-26.1089895638469,4.04447078362113
0.405,-30.1872079248015,-26.0492661500075,4.13794177479398
0.406,-30.220955502135,-26.3153226857617,3.90563281637328
0.407,-30.2531690986806,-26.2553448550123,3.99782424366834
0.408,-30.2853826952262,-26.5179458601973,3.76743683502888
0.409,-30.3160623109839,-26.4572468258513,3.8588154851326
0.41,-30.3452079459538,-26.7171416498088,3.628066296145
0.411,-30.3728196001357,-26.6558994031429,3.71692019699276
0.412,-30.3988972735298,-26.9128158675986,3.48608140593124
0.413,-30.4249749469238,-26.85081792033,3.57415702659376
0.414,-30.44951863953,-27.1047583096381,3.34476032989188
0.415,-30.4740623321361,-27.0418938495814,3.43216848255466
0.416,-30.4970720439544,-27.2923462348291,3.20472580912532
0.417,-30.5185477749848,-27.2284664530123,3.29008132197251
0.418,-30.5384895252273,-27.4758934827362,3.0625960424911
0.419,-30.5584312754699,-27.4106447032606,3.1477865722093
0.42,-30.5783730257124,-27.6549764063777,2.92339661933471
0.421,-30.596780795167,-27.5881878571361,3.00859293803092
0.422,-30.6136545838337,-27.8293336820989,2.7843209017348
0.423,-30.6305283725005,-27.7616258935342,2.86890247896632
0.424,-30.6458681803793,-27.9995647570989,2.64630342328041
0.425,-30.6612079882582,-27.9309427718852,2.73026521637295
0.426,-30.6750138153492,-28.1658097764357,2.50920403891351
0.427,-30.6888196424401,-28.0960149392794,2.59280470316068
0.428,-30.7010914887432,-28.3280220712475,2.37306941749573
0.429,-30.7133633350463,-28.2570112750785,2.45635205996783
0.43,-30.7256351813494,-28.4860229679746,2.23961221337482
0.431,-30.7363730468646,-28.4137530215023,2.32262002536228
0.432,-30.7471109123798,-28.639838317005,2.10727259537481
0.433,-30.757848777895,-28.5663589698321,2.19148980806291
0.434,-30.7670526626223,-28.7893148596277,1.97773780299461
0.435,-30.7762565473496,-28.7146999386149,2.0615566087347
0.436,-30.783926451289,-28.9345654727794,1.84936097850955
0.437,-30.7915963552285,-28.8589186922321,1.93267766299642
0.438,-30.7992662591679,-29.0759989536274,1.7232673055405
0.439,-30.8069361631073,-28.9989118825885,1.80802428051882
0.44,-30.8130720862589,-29.2131630892494,1.59990899700954
0.441,-30.8192080094104,-29.1348035852714,1.68440442413899
0.442,-30.825343932562,-29.3462751274838,1.47906880507819
0.443,-30.8299458749256,-29.2670212324028,1.56292464252278
0.444,-30.8345478172893,-29.4754999133508,1.35904790393847
0.445,-30.8406837404408,-29.3951274132468,1.44555632719395
0.446,-30.8437517020166,-29.6007819550496,1.242969746967
0.447,-30.8483536443802,-29.5193007151977,1.32905292918246
0.448,-30.851421605956,-29.7222469110942,1.12917469486181
0.449,-30.8560235483197,-29.6396358439786,1.21638770434113
0.45,-30.8590915098954,-29.8399696079788,1.01912190191662
0.451,-30.8606254906833,-29.7560922983968,1.10453319228654
0.452,-30.8636934522591,-29.95366732835,0.910026123909134
0.453,-30.8667614138349,-29.8688446367252,0.997916777109719
0.454,-30.8682953946228,-30.0637151333427,0.804580261280055
0.455,-30.8698293754106,-29.9779358359507,0.89189353945989
0.456,-30.8713633561985,-30.1702149599183,0.701148396280242
0.457,-30.8728973369864,-30.0831714261347,0.789725910851704
0.458,-30.8744313177743,-30.2728639108957,0.601567406878551
0.459,-30.8759652985622,-30.1847539259236,0.691211372638648
0.46,-30.8759652985622,-30.3718855536256,0.5040797449366
0.461,-30.8759652985622,-30.2830238314472,0.592941467115043
0.462,-30.8759652985622,-30.4675130328362,0.40845226572597
0.463,-30.8774992793501,-30.3774997980282,0.499999481321904
0.464,-30.8774992793501,-30.5595518407554,0.317947438594661
0.465,-30.8774992793501,-30.4686659517368,0.408833327613252
0.466,-30.8759652985622,-30.6482233926525,0.227741905909653
0.467,-30.8759652985622,-30.556541216646,0.319424081916154
0.468,-30.8759652985622,-30.7339030641845,0.1420622343777
0.469,-30.8759652985622,-30.6411102280583,0.234855070503944
0.47,-30.8744313177743,-30.8159427687406,0.0584885490337292
0.471,-30.8744313177743,-30.7225885592433,0.151842758530982
0.472,-30.8728973369864,-30.8948782574835,-0.0219809204970787
0.473,-30.8728973369864,-30.8009211746128,0.071976162373609
0.474,-30.8713633561985,-30.9710726154123,-0.0997092592137534
0.475,-30.8713633561985,-30.8759176479108,-0.00455429171234201
0.476,-30.8698293754106,-31.0438960438301,-0.17406666841952
0.477,-30.8698293754106,-30.9480509321057,-0.0782215566951194
0.478,-30.8682953946228,-31.1136063545473,-0.245310959924478
0.479,-30.8682953946228,-31.0175384614142,-0.149243066791371
0.48,-30.8667614138349,-31.1806698898274,-0.313908475992505
0.481,-30.8667614138349,-31.0837571702597,-0.216995756424819
0.482,-30.865227433047,-31.2448343670675,-0.379606934020504
0.483,-30.865227433047,-31.1472896599232,-0.282062226876249
0.484,-30.865227433047,-31.3063497573458,-0.441122324298767
0.485,-30.8636934522591,-31.2081682134787,-0.344474761219619
0.486,-30.8636934522591,-31.3652126475277,-0.501519195268639
0.487,-30.8636934522591,-31.2665365337871,-0.40284308152799
0.488,-30.8636934522591,-31.4212826182581,-0.557589165998955
0.489,-30.8621594714712,-31.3222677273639,-0.460108255892735
0.49,-30.8621594714712,-31.4749271065546,-0.61276763508338
0.491,-30.8621594714712,-31.375467566739,-0.513308095267778
0.492,-30.8621594714712,-31.5262945485104,-0.664135077039155
0.493,-30.8621594714712,-31.4260369974422,-0.563877525970998
0.494,-30.8621594714712,-31.5750456999413,-0.712886228470126
0.495,-30.8621594714712,-31.4741531745436,-0.611993703072393
0.496,-30.8621594714712,-31.6212900850347,-0.759130613563471
0.497,-30.8621594714712,-31.5201456198137,-0.657986148342488
0.498,-30.8621594714712,-31.6652157463802,-0.803056274908982
0.499,-30.8621594714712,-31.5636020139455,-0.701442542474311
0.5,-30.8621594714712,-31.7068440597946,-0.844684588323414
0.501,-30.8621594714712,-31.6048377972485,-0.742678325777277
0.502,-30.8621594714712,-31.7464140699493,-0.884254598478133
0.503,-30.8621594714712,-31.6439872868859,-0.781827815414733
0.504,-30.8621594714712,-31.7839952629974,-0.921835791526167
0.505,-30.8621594714712,-31.6810495359035,-0.818890064432313
0.506,-30.8621594714712,-31.8193639939196,-0.957204522448368
0.507,-30.8621594714712,-31.7162440909182,-0.854084619446969
0.508,-30.8621594714712,-31.8527937620579,-0.990634290586669
0.509,-30.8621594714712,-31.7494481304634,-0.887288658992222
0.51,-30.8621594714712,-31.884332232906,-1.02217276143476
0.511,-30.8621594714712,-31.7805345889071,-0.918375117435907
0.512,-30.8621594714712,-31.9139327342486,-1.05177326277741
0.513,-30.8621594714712,-31.8097371812713,-0.947577709800083
0.514,-30.8621594714712,-31.9416329084785,-1.07947343700727
0.515,-30.8621594714712,-31.8373252380588,-0.97516576658758
0.516,-30.8621594714712,-31.9674797333461,-1.10532026187485
0.517,-30.8621594714712,-31.862887457391,-1.00072798591976
0.518,-30.8621594714712,-31.9915350372389,-1.12937556576775
0.519,-30.8621594714712,-31.8868224575784,-1.02466298610718
0.52,-30.8621594714712,-32.0138751161354,-1.1517156446642
0.521,-30.8621594714712,-31.9090511228989,-1.0468916514277
0.522,-30.8621594714712,-32.0347852049796,-1.17262573350841
0.523,-30.8621594714712,-31.9296660858928,-1.06750661442159
0.524,-30.8621594714712,-32.053973154226,-1.19181368275476
0.525,-30.8621594714712,-31.9487566161448,-1.08659714467363
0.526,-30.8621594714712,-32.071744097664,-1.20958462619275
0.527,-30.8621594714712,-31.9665549062683,-1.10439543479709
0.528,-30.8621594714712,-32.088098725066,-1.22593925359475
0.529,-30.8621594714712,-31.9826114742555,-1.12045200278427
0.53,-30.8621594714712,-32.102823314075,-1.2406638426038
0.531,-30.8621594714712,-31.9972511708723,-1.13509169940114
0.532,-30.8621594714712,-32.1161904434084,-1.25403097193723
0.533,-30.8621594714712,-32.010687210975,-1.14852773950376
0.534,-30.8621594714712,-32.128146355102,-1.26598688363084
0.535,-30.8621594714712,-32.0223684449168,-1.16020897344561
0.536,-30.8621594714712,-32.138846186663,-1.27668671519181
0.537,-30.8621594714712,-32.0329558508663,-1.17079637939512
0.538,-30.8621594714712,-32.1481699058897,-1.28601043441852
0.539,-30.8621594714712,-32.0423799004694,-1.18022042899817
0.54,-30.8621594714712,-32.1562251945757,-1.29406572310454
0.541,-30.8621594714712,-32.0505444497587,-1.18838497828749
0.542,-30.8621594714712,-32.1631074991594,-1.30094802768821
0.543,-30.8621594714712,-32.0575514058762,-1.19539193440496
0.544,-30.8621594714712,-32.1690420486191,-1.30688257714792
0.545,-30.8621594714712,-32.0634462780081,-1.20128680653691
0.546,-30.8621594714712,-32.1738471691204,-1.31168769764919
0.547,-30.8621594714712,-32.0681102501657,-1.20595077869446
0.548,-30.8621594714712,-32.1774784211627,-1.31531894969146
0.549,-30.8621594714712,-32.0718516196532,-1.20969214818199
0.55,-30.8621594714712,-32.1799380364031,-1.31777856493193
0.551,-30.8621594714712,-32.0747188205077,-1.21255934903651
0.552,-30.8621594714712,-32.1815139607987,-1.31935448932747
0.553,-30.8621594714712,-32.0761936688921,-1.21403419742092
0.554,-30.8621594714712,-32.1821957680964,-1.32003629662524
0.555,-30.8621594714712,-32.076773788419,-1.21461431694778
0.556,-30.8621594714712,-32.1819105805064,-1.3197511090352
0.557,-30.8621594714712,-32.0765326871067,-1.21437321563555
0.558,-30.8621594714712,-32.180650087005,-1.31849061553385
0.559,-30.8621594714712,-32.0754380242504,-1.21327855277922
0.56,-30.8621594714712,-32.1784018615502,-1.31624239007896
0.561,-30.8621594714712,-32.0735998459386,-1.21144037446743
0.562,-30.8621594714712,-32.1756088448345,-1.31344937336328
0.563,-30.8621594714712,-32.0709503558294,-1.20879088435823
0.564,-30.8621594714712,-32.1721156183563,-1.30995614688508
0.565,-30.8621594714712,-32.0673225931714,-1.20516312170018
0.566,-30.8621594714712,-32.1677175435265,-1.30555807205527
0.567,-30.8621594714712,-32.0630429268082,-1.200883455337
0.568,-30.8621594714712,-32.1625545594953,-1.30039508802414
0.569,-30.8621594714712,-32.0583267195116,-1.19616724804045
0.57,-30.8621594714712,-32.1566266611133,-1.29446718964209
0.571,-30.8621594714712,-32.0526334161362,-1.19047394466496
0.572,-30.8621594714712,-32.150054877516,-1.28789540604484
0.573,-30.8621594714712,-32.0462858608703,-1.18412638939906
0.574,-30.8621594714712,-32.1428743808739,-1.28071490940268
0.575,-30.8621594714712,-32.0392222535396,-1.17706278206844
0.576,-30.8621594714712,-32.1350469654357,-1.27288749396445
0.577,-30.8621594714712,-32.0315003904349,-1.16934091896367
0.578,-30.8621594714712,-32.1263855726665,-1.26422610119527
0.579,-30.8621594714712,-32.02334323757,-1.16118376609881
0.58,-30.8621594714712,-32.1173768603514,-1.25521738888016
0.581,-30.8621594714712,-32.0147291029825,-1.15256963151125
0.582,-30.8621594714712,-32.1078935503374,-1.24573407886619
0.583,-30.8621594714712,-32.0053642826389,-1.14320481116773
0.584,-30.8621594714712,-32.0979036231775,-1.23574415170633
0.585,-30.8621594714712,-31.9955182314312,-1.13335875996
0.586,-30.8621594714712,-32.0873081002864,-1.22514862881518
0.587,-30.8621594714712,-31.985386934806,-1.12322746333478
0.588,-30.8621594714712,-32.076237779207,-1.2140783077358
0.589,-30.8621594714712,-31.9745395354534,-1.11238006398217
0.59,-30.8621594714712,-32.0647158961094,-1.20255642463823
0.591,-30.8621594714712,-31.9633346913679,-1.10117521989666
0.592,-30.8621594714712,-32.0528306072608,-1.19067113578962
0.593,-30.8621594714712,-31.9517963498568,-1.08963687838556
0.594,-30.8621594714712,-32.0403782986326,-1.17821882716142
0.595,-30.8621594714712,-31.9396577853599,-1.07749831388867
0.596,-30.8621594714712,-32.0275185320499,-1.16535906057871
0.597,-30.8621594714712,-31.9272128553768,-1.06505338390559
0.598,-30.8621594714712,-32.0145318524046,-1.15237238093344
0.599,-30.8621594714712,-31.9145098494479,-1.05235037797666
0.6,-30.8621594714712,-32.0011315657428,-1.13897209427162
0.601,-30.8621594714712,-31.9014613920942,-1.03930192062297
0.602,-30.8621594714712,-31.98739241088,-1.12523293940876
0.603,-30.8621594714712,-31.8881129397098,-1.02595346823863
0.604,-30.8621594714712,-31.9733574142226,-1.11119794275136
0.605,-30.8621594714712,-31.874647801333,-1.01248832986185
0.606,-30.8621594714712,-31.9591212941649,-1.09696182269371
0.607,-30.8621594714712,-31.8605254341338,-0.998365962662554
0.608,-30.8621594714712,-31.9446209474662,-1.08246147599497
0.609,-30.8621594714712,-31.8463890289618,-0.984229557490632
0.61,-30.8621594714712,-31.9298980491492,-1.06773857767804
0.611,-30.8621594714712,-31.8320322920968,-0.969872820625632
0.612,-30.8621594714712,-31.9147555291874,-1.05259605771615
0.613,-30.8621594714712,-31.817279962519,-0.955120491047825
0.614,-30.8621594714712,-31.899317576108,-1.03715810463684
0.615,-30.8621594714712,-31.8023587663642,-0.940199294893006
0.616,-30.8621594714712,-31.8839207035946,-1.02176123212341
0.617,-30.8621594714712,-31.7873391097526,-0.925179638281417
0.618,-30.8621594714712,-31.8683662538821,-1.00620678241089
0.619,-30.8621594714712,-31.7719935001797,-0.909834028708506
0.62,-30.8621594714712,-31.852602958513,-0.990443487041816
0.621,-30.8621594714712,-31.756705506441,-0.894546034969764
0.622,-30.8621594714712,-31.8366602712309,-0.974500799759682
0.623,-30.8621594714712,-31.7413959875901,-0.879236516118873
0.624,-30.8621594714712,-31.8204995195801,-0.95834004810888
0.625,-30.8621594714712,-31.7256467702277,-0.863487298756517
0.626,-30.8621594714712,-31.8044218205593,-0.942262349088146
0.627,-30.8621594714712,-31.7099441137472,-0.847784642275993
0.628,-30.8621594714712,-31.7881456799858,-0.925986208514605
0.629,-30.8621594714712,-31.6940318929381,-0.831872421466898
0.63,-30.8621594714712,-31.7716614199844,-0.909501948513213
0.631,-30.8621594714712,-31.6780632667009,-0.815903795229701
0.632,-30.8621594714712,-31.7550113551242,-0.892851883652952
0.633,-30.8621594714712,-31.6619338936469,-0.799774422175716
0.634,-30.8621594714712,-31.7383858836035,-0.876226412132343
0.635,-30.8621594714712,-31.6457866505412,-0.783627179070042
0.636,-30.8621594714712,-31.7218142109282,-0.859654739456982
0.637,-30.8621594714712,-31.6295366021653,-0.767377130694143
0.638,-30.8621594714712,-31.7051342147538,-0.842974743282596
0.639,-30.8621594714712,-31.6132019884365,-0.751042516965263
0.64,-30.8621594714712,-31.6883755680763,-0.826216096605105
0.641,-30.8621594714712,-31.5971235898639,-0.73496411839265
0.642,-30.8621594714712,-31.6716446812654,-0.809485209794246
0.643,-30.8621594714712,-31.5807315360331,-0.718572064561936
0.644,-30.8621594714712,-31.6548487241301,-0.792689252658889
0.645,-30.8621594714712,-31.5643796064352,-0.702220134963948
0.646,-30.8621594714712,-31.6380650387587,-0.775905567287534
0.647,-30.8621594714712,-31.5480691077559,-0.685909636284737
0.648,-30.8621594714712,-31.6212230385101,-0.759063567038861
0.649,-30.8621594714712,-31.5315872543232,-0.669427782851972
0.65,-30.8621594714712,-31.604260295386,-0.742100823914814
0.651,-30.8621594714712,-31.5152080416906,-0.653048570219404
0.652,-30.8621594714712,-31.5875366307444,-0.725377159273215
0.653,-30.8621594714712,-31.4989073193762,-0.636747847904992
0.654,-30.8621594714712,-31.5707935095591,-0.708634038087872
0.655,-30.8621594714712,-31.4825408057753,-0.620381334304117
0.656,-30.8621594714712,-31.5540589601948,-0.691899488723603
0.657,-30.8621594714712,-31.4662661989866,-0.604106727515351
0.658,-30.8621594714712,-31.5373872031901,-0.675227731718905
0.659,-30.8621594714712,-31.4502355011812,-0.588076029710027
0.66,-30.8621594714712,-31.5207850802727,-0.658625608801476
0.661,-30.8621594714712,-31.4340236261967,-0.571864154725475
0.662,-30.8621594714712,-31.5043507848692,-0.642191313398044
0.663,-30.8621594714712,-31.4179476787203,-0.555788207249069
0.664,-30.8621594714712,-31.4878998547357,-0.62574038326445
0.665,-30.8621594714712,-31.4019308047279,-0.539771333256702
0.666,-30.8621594714712,-31.4714232570758,-0.609263785604615
0.667,-30.8621594714712,-31.3860199384393,-0.523860466968131
0.668,-30.8621594714712,-31.4549257051811,-0.592766233709931
0.669,-30.8621594714712,-31.3700100049546,-0.50785053348342
0.67,-30.8621594714712,-31.4387729126364,-0.576613441165247
0.671,-30.8621594714712,-31.3542439284475,-0.492084456976308
0.672,-30.8621594714712,-31.4226773846686,-0.56051791319738
0.673,-30.8621594714712,-31.3385158422076,-0.476356370736362
0.674,-30.8621594714712,-31.4065773891005,-0.544417917629271
0.675,-30.8621594714712,-31.3229657453838,-0.460806273912556
0.676,-30.8621594714712,-31.3905772647705,-0.528417793299337
0.677,-30.8621594714712,-31.3076786896701,-0.44551921819891
0.678,-30.8621594714712,-31.3747525254228,-0.51259305395163
0.679,-30.8621594714712,-31.2922534668052,-0.430093995334012
0.68,-30.8621594714712,-31.3591444232882,-0.49698495181698
0.681,-30.8621594714712,-31.2769977011451,-0.414838229673855
0.682,-30.8621594714712,-31.3436272936801,-0.481467822208906
0.683,-30.8621594714712,-31.2619773483266,-0.399817876855359
0.684,-30.8621594714712,-31.3280958262107,-0.465936354739544
0.685,-30.8621594714712,-31.2469039253465,-0.384744453875324
0.686,-30.8621594714712,-31.3123088216235,-0.450149350152344
0.687,-30.8621594714712,-31.231850472926,-0.369691001454775
0.688,-30.8621594714712,-31.2970350450249,-0.434875573553654
0.689,-30.8621594714712,-31.2169709578457,-0.354811486374459
0.69,-30.8621594714712,-31.2818738832913,-0.419714411820131
0.691,-30.8621594714712,-31.2020860806422,-0.339926609170952
0.692,-30.8621594714712,-31.2668593076137,-0.404699836142449
0.693,-30.8621594714712,-31.1875923005656,-0.325432829094378
0.694,-30.8621594714712,-31.2519928851504,-0.389833413679156
0.695,-30.8621594714712,-31.173414240963,-0.311254769491786
0.696,-30.8621594714712,-31.237246173356,-0.375086701884754
0.697,-30.8621594714712,-31.1590824038886,-0.296922932417441
0.698,-30.8621594714712,-31.2227030955648,-0.360543624093626
0.699,-30.8621594714712,-31.1449060622659,-0.282746590794673
0.7,-30.8621594714712,-31.2083049171932,-0.346145445722037
0.701,-30.8621594714712,-31.1308981368968,-0.268738665425609
0.702,-30.8621594714712,-31.1939915571197,-0.331832085648536
0.703,-30.8621594714712,-31.1169436538371,-0.254784182365889
0.704,-30.8621594714712,-31.1797693030217,-0.317609831550474
0.705,-30.8621594714712,-31.1031964486651,-0.241036977193929
0.706,-30.8621594714712,-31.1657252301553,-0.303565758684101
0.707,-30.8621594714712,-31.0896015192975,-0.227442047826322
0.708,-30.8621594714712,-31.1518282623787,-0.289668790907495
0.709,-30.8621594714712,-31.076043328263,-0.213883856791828
0.71,-30.8621594714712,-31.138155243598,-0.275995772126834
0.711,-30.8621594714712,-31.0625741268298,-0.200414655358614
0.712,-30.8621594714712,-31.1245246694454,-0.26236519797418
0.713,-30.8621594714712,-31.0496552615682,-0.187495790097021
0.714,-30.8621594714712,-31.1108756642101,-0.248716192738915
0.715,-30.8621594714712,-31.0365770075091,-0.174417536037868
0.716,-30.8621594714712,-31.0976718719728,-0.235512400501577
0.717,-30.8621594714712,-31.0237571708143,-0.161597699343055
0.718,-30.8621594714712,-31.0846316750575,-0.222472203586321
0.719,-30.8621594714712,-31.011262295572,-0.149102824100783
0.72,-30.8621594714712,-31.071593221466,-0.209433749994801
0.721,-30.8621594714712,-30.9988089466397,-0.136649475168479
0.722,-30.8621594714712,-31.0588502927941,-0.19669082132285
0.723,-30.8621594714712,-30.9863663327697,-0.124206861298507
0.724,-30.8621594714712,-31.0463612341185,-0.184201762647323
0.725,-30.8621594714712,-30.9742277523327,-0.112068280861536
0.726,-30.8621594714712,-31.0338582692159,-0.17169879774465
0.727,-30.8621594714712,-30.9621524072355,-0.0999929357643019
0.728,-30.8621594714712,-31.0214815940467,-0.159322122575499
0.729,-30.8621594714712,-30.9502987175477,-0.0881392460765262
0.73,-30.8621594714712,-31.0093722949597,-0.14721282348847
0.731,-30.8621594714712,-30.9388276616757,-0.0766681902045327
0.732,-30.8621594714712,-30.9975440396251,-0.135384568153906
0.733,-30.8621594714712,-30.9271786797163,-0.0650192082450971
0.734,-30.8621594714712,-30.9859323248296,-0.123772853358375
0.735,-30.8621594714712,-30.915996479243,-0.0538370077717616
0.736,-30.8621594714712,-30.9744787220232,-0.112319250552019
0.737,-30.8621594714712,-30.9050128312902,-0.0428533598190448
0.738,-30.8621594714712,-30.9628608670414,-0.100701395570216
0.739,-30.8621594714712,-30.8939908623793,-0.0318313909080636
0.74,-30.8621594714712,-30.9515698947613,-0.0894104232901363
0.741,-30.8621594714712,-30.883128634798,-0.0209691633268001
0.742,-30.8621594714712,-30.9405464113027,-0.0783869398314536
0.743,-30.8621594714712,-30.8723499616674,-0.0101904901961838
0.744,-30.8621594714712,-30.9296421559525,-0.0674826844812841
0.745,-30.8621594714712,-30.8617351011553,0
0.746,-30.8621594714712,-30.9188380438783,-0.0566785724070975
0.747,-30.8621594714712,-30.8513618344181,0.0107976370530984
0.748,-30.8621594714712,-30.90805186771,-0.0458923962388411
0.749,-30.8621594714712,-30.8414052054044,0.020754266066767
0.75,-30.8621594714712,-30.8976782356901,-0.0355187642188994
0.751,-30.8621594714712,-30.8312806116366,0.0308788598346119
0.752,-30.8621594714712,-30.887576473978,-0.0254170025067531
0.753,-30.8621594714712,-30.8213828891381,0.0407765823330948
0.754,-30.8621594714712,-30.8776737494179,-0.0155142779466537
0.755,-30.8621594714712,-30.8118865975117,0.0502728739595284
0.756,-30.8621594714712,-30.8677352968642,-0.00557582539297385
0.757,-30.8621594714712,-30.8023991686364,0.0597603028348139
0.758,-30.8621594714712,-30.8578819396902,0.00427753178095713
0.759,-30.8621594714712,-30.7931193760736,0.0690400953975789
0.76,-30.8621594714712,-30.8484919086427,0.0136675628284912
0.761,-30.8621594714712,-30.7838999564951,0.078259514976093
0.762,-30.8621594714712,-30.8390803970656,0.0230790744056044
0.763,-30.8621594714712,-30.7747248043434,0.0874346671277699
0.764,-30.8621594714712,-30.8298394052452,0.0323200662260135
0.765,-30.8621594714712,-30.7657237064701,0.09643576500115
0.766,-30.8621594714712,-30.8206308873956,0.0415285840755786
0.767,-30.8621594714712,-30.7571661529842,0.10499331848705
0.768,-30.8621594714712,-30.8117021585861,0.0504573128851185
0.769,-30.8621594714712,-30.7486540870353,0.113505384435925
0.77,-30.8621594714712,-30.8031317871703,0.0590276843009399
0.771,-30.8621594714712,-30.7402955299494,0.121863941521852
0.772,-30.8621594714712,-30.7946903958838,0.067469075587443
0.773,-30.8621594714712,-30.7322471677725,0.129912303698678
0.774,-30.8621594714712,-30.786407728248,0.0757517432232291
0.775,-30.8621594714712,-30.7242376239171,0.137921847554129
0.776,-30.8621594714712,-30.778022168098,0.0841373033732502
0.777,-30.8621594714712,-30.7163188065846,0.145840664886652
0.778,-30.8621594714712,-30.7700246500216,0.0921348214496014
0.779,-30.8621594714712,-30.7086998590453,0.153459612425912
0.78,-30.8621594714712,-30.7620060810123,0.100153390458946
0.781,-30.8621594714712,-30.7008971310462,0.161262340425022
0.782,-30.8621594714712,-30.7540732547649,0.108086216706283
0.783,-30.8621594714712,-30.6933316880718,0.168827783399433
0.784,-30.8621594714712,-30.7463333872819,0.115826084189298
0.785,-30.8621594714712,-30.6861457876147,0.176013683856464
0.786,-30.8621594714712,-30.738743107509,0.123416363962161
0.787,-30.8621594714712,-30.6788848133977,0.183274658073547
0.788,-30.8621594714712,-30.7315446546055,0.130614816865741
0.789,-30.8621594714712,-30.672032930142,0.190126541329246
0.79,-30.8621594714712,-30.7244368043345,0.137722667136686
0.791,-30.8621594714712,-30.6653500488916,0.196809422579644
0.792,-30.8621594714712,-30.7173002606462,0.144859210825029
0.793,-30.8621594714712,-30.6586681147376,0.203491356733579
0.794,-30.8621594714712,-30.7103510674706,0.151808404000647
0.795,-30.8621594714712,-30.6520029849047,0.210156486566472
0.796,-30.8621594714712,-30.7036560805,0.158503390971241
0.797,-30.8621594714712,-30.6455717432374,0.216587728233765
0.798,-30.8621594714712,-30.6969941114522,0.165165360019035
0.799,-30.8621594714712,-30.6392005974912,0.222958873980026
0.8,-30.8621594714712,-30.6903652943668,0.171794177104424
0.801,-30.8621594714712,-30.6329284334348,0.229231038036403
0.802,-30.8621594714712,-30.6838418013878,0.178317670083416
0.803,-30.8621594714712,-30.6270003999878,0.23515907148342
0.804,-30.8621594714712,-30.6775588659929,0.184600605478348
0.805,-30.8621594714712,-30.6209555038677,0.241203967603543
0.806,-30.8621594714712,-30.671540024179,0.190619447292214
0.807,-30.8621594714712,-30.6152585790117,0.246900892459475
0.808,-30.8621594714712,-30.6657072484616,0.19645222300959
0.809,-30.8621594714712,-30.6097943991392,0.25236507233204
0.81,-30.8621594714712,-30.6598365879993,0.202322883471918
0.811,-30.8621594714712,-30.6043216677644,0.257837803706753
0.812,-30.8621594714712,-30.6540817219836,0.208077749487646
0.813,-30.8621594714712,-30.5989994309374,0.263160040533762
0.814,-30.8621594714712,-30.6486255351376,0.21353393633359
0.815,-30.8621594714712,-30.5938172092357,0.268342262235517
0.816,-30.8621594714712,-30.6432460044197,0.218913467051532
0.817,-30.8621594714712,-30.5885823392576,0.273577132213568
0.818,-30.8621594714712,-30.6379213301129,0.224238141358285
0.819,-30.8621594714712,-30.5835535179663,0.278605953504911
0.82,-30.8621594714712,-30.6326870834417,0.229472388029471
0.821,-30.8621594714712,-30.5788636717602,0.283295799710977
0.822,-30.8621594714712,-30.6275499857772,0.234609485693962
0.823,-30.8621594714712,-30.5740469135097,0.288112557961533
0.824,-30.8621594714712,-30.6226673798992,0.239492091571972
0.825,-30.8621594714712,-30.5695198993126,0.292639572158642
0.826,-30.8621594714712,-30.6180253754647,0.244134096006508
0.827,-30.8621594714712,-30.5652281632722,0.296931308198989
0.828,-30.8621594714712,-30.6133428263049,0.248816645166304
0.829,-30.8621594714712,-30.5608763128905,0.301283158580734
0.83,-30.8621594714712,-30.6087665397029,0.253392931768293
0.831,-30.8621594714712,-30.5567276375903,0.305431833880856
0.832,-30.8621594714712,-30.604415093727,0.257744377744164
0.833,-30.8621594714712,-30.5526693522668,0.309490119204444
0.834,-30.8621594714712,-30.6001034075936,0.262056063877594
0.835,-30.8621594714712,-30.5485679346228,0.313591536848353
0.836,-30.8621594714712,-30.595830830307,0.266328641164161
0.837,-30.8621594714712,-30.5445727893653,0.317586682105926
0.838,-30.8621594714712,-30.5915833055373,0.270576165933932
0.839,-30.8621594714712,-30.5408367943054,0.321322677165838
0.84,-30.8621594714712,-30.5875593730048,0.274600098466429
0.841,-30.8621594714712,-30.5369705003225,0.325188971148723
0.842,-30.8621594714712,-30.5836879338624,0.27847153760883
0.843,-30.8621594714712,-30.533413379892,0.328746091579237
0.844,-30.8621594714712,-30.5799233938871,0.282236077584109
0.845,-30.8621594714712,-30.530092583678,0.3320668877932
0.846,-30.8621594714712,-30.5762314218419,0.285928049629291
0.847,-30.8621594714712,-30.5266575424306,0.335501929040625
0.848,-30.8621594714712,-30.5725445887084,0.289614882762809
0.849,-30.8621594714712,-30.5233147350202,0.338844736451044
0.85,-30.8621594714712,-30.5691963074305,0.292963164040749
0.851,-30.8621594714712,-30.5200987088249,0.342060762646256
0.852,-30.8621594714712,-30.5657755473465,0.296383924124701
0.853,-30.8621594714712,-30.5168616297902,0.34529784168101
0.854,-30.8621594714712,-30.5623296678885,0.299829803582742
0.855,-30.8621594714712,-30.513820437917,0.348339033554229
0.856,-30.8621594714712,-30.5588925513767,0.303266920094455
0.857,-30.8621594714712,-30.5108822594772,0.351277211993999
0.858,-30.8621594714712,-30.5556671970293,0.306492274441926
0.859,-30.8621594714712,-30.5077689455848,0.354390525886402
0.86,-30.8621594714712,-30.552621412678,0.309538058793198
0.861,-30.8621594714712,-30.5049249036405,0.357234567830666
0.862,-30.8621594714712,-30.5496359469208,0.312523524550418
0.863,-30.8621594714712,-30.5023615458791,0.359797925592126
0.864,-30.8621594714712,-30.5466732228503,0.315486248620935
0.865,-30.8621594714712,-30.499747463497,0.362412007974203
0.866,-30.8621594714712,-30.543694443871,0.318465027600247
0.867,-30.8621594714712,-30.4972375115532,0.364921959918032
0.868,-30.8621594714712,-30.5410904644588,0.321069007012419
0.869,-30.8621594714712,-30.494808753444,0.367350718027183
0.87,-30.8621594714712,-30.5384611178167,0.323698353654542
0.871,-30.8621594714712,-30.492161099576,0.369998371895196
0.872,-30.8621594714712,-30.5357786021531,0.326380869318058
0.873,-30.8621594714712,-30.489845648675,0.372313822796176
0.874,-30.8621594714712,-30.5330408092135,0.329118662257702
0.875,-30.8621594714712,-30.487686315573,0.374473155898212
0.876,-30.8621594714712,-30.5303889087117,0.33177056275948
0.877,-30.8621594714712,-30.4853289953106,0.376830476160599
0.878,-30.8621594714712,-30.5281657800239,0.333993691447315
0.879,-30.8621594714712,-30.4831569582213,0.379002513249894
0.88,-30.8621594714712,-30.5259251457463,0.336234325724853
0.881,-30.8621594714712,-30.4811837245123,0.380975746958946
0.882,-30.8621594714712,-30.5237225626044,0.338436908866839
0.883,-30.8621594714712,-30.4792964457091,0.382863025762077
0.884,-30.8621594714712,-30.5214049332605,0.3407545382107
0.885,-30.8621594714712,-30.4773937134204,0.384765758050793
0.886,-30.8621594714712,-30.5194097985498,0.342749672921407
0.887,-30.8621594714712,-30.4757966785987,0.38636279287255
0.888,-30.8621594714712,-30.5175321245817,0.344627346889546
0.889,-30.8621594714712,-30.4738694496425,0.388290021828666
0.89,-30.8621594714712,-30.5155914552574,0.346568016213801
0.891,-30.8621594714712,-30.4721199502325,0.390039521238656
0.892,-30.8621594714712,-30.5136850108088,0.348474460662366
0.893,-30.8621594714712,-30.4706427998273,0.391516671643938
0.894,-30.8621594714712,-30.5116300831554,0.350529388315824
0.895,-30.8621594714712,-30.4689085556498,0.393250915821355
0.896,-30.8621594714712,-30.5097457995822,0.352413671888975
0.897,-30.8621594714712,-30.4673327039958,0.394826767475443
0.898,-30.8621594714712,-30.508112254447,0.354047217024203
0.899,-30.8621594714712,-30.4658722786557,0.396287192815507
0.9,-30.8621594714712,-30.5065044151007,0.35565505637048
0.901,-30.8621594714712,-30.4644458452358,0.397713626235415
0.902,-30.8621594714712,-30.5048762127869,0.357283258684305
0.903,-30.8621594714712,-30.4632551293466,0.398904342124609
0.904,-30.8621594714712,-30.5035379699178,0.358621501553436
0.905,-30.8621594714712,-30.4621273862851,0.400032085186059
0.906,-30.8621594714712,-30.502165931502,0.35999353996916
0.907,-30.8621594714712,-30.4608419430281,0.401317528443119
0.908,-30.8621594714712,-30.5007833431959,0.361376128275289
0.909,-30.8621594714712,-30.4596287277259,0.40253074374526
0.91,-30.8621594714712,-30.4993805566698,0.362778914801449
0.911,-30.8621594714712,-30.4586356390481,0.403523832423087
0.912,-30.8621594714712,-30.4980697016182,0.364089769852999
0.913,-30.8621594714712,-30.4574500900795,0.404709381391655
0.914,-30.8621594714712,-30.4968652655426,0.365294205928603
0.915,-30.8621594714712,-30.4564375563107,0.405721915160495
0.916,-30.8621594714712,-30.4956846292335,0.366474842237668
0.917,-30.8621594714712,-30.4556339138314,0.406525557639796
0.918,-30.8621594714712,-30.4944213436327,0.367738127838482
0.919,-30.8621594714712,-30.454669632487,0.407489838984166
0.92,-30.8621594714712,-30.4932903419119,0.368869129559325
0.921,-30.8621594714712,-30.4537868294155,0.408372642055706
0.922,-30.8621594714712,-30.492448035602,0.369711435869188
0.923,-30.8621594714712,-30.4530470583994,0.409112413071803
0.924,-30.8621594714712,-30.4914706718243,0.370688799646853
0.925,-30.8621594714712,-30.4523303105059,0.409829160965288
0.926,-30.8621594714712,-30.4905439191379,0.371615552333292
0.927,-30.8621594714712,-30.4516616988506,0.41049777262058
0.928,-30.8621594714712,-30.4895575214175,0.372601950053664
0.929,-30.8621594714712,-30.4510765064977,0.411082964973549
0.93,-30.8621594714712,-30.4886891464262,0.373470325045002
0.931,-30.8621594714712,-30.4502644941655,0.411894977305749
0.932,-30.8621594714712,-30.4878078677366,0.37435160373456
0.933,-30.8621594714712,-30.449521039327,0.412638432144153
0.934,-30.8621594714712,-30.4868908739904,0.375268597480776
0.935,-30.8621594714712,-30.4489416420735,0.413217829397695
0.936,-30.8621594714712,-30.4859998300614,0.376159641409814
0.937,-30.8621594714712,-30.4483551136063,0.413804357864947
0.938,-30.8621594714712,-30.4851038673865,0.377055604084749
0.939,-30.8621594714712,-30.4477978688181,0.414361602653113
0.94,-30.8621594714712,-30.4845103331407,0.377649138330497
0.941,-30.8621594714712,-30.4473823088294,0.414777162641808
0.942,-30.8621594714712,-30.4839592127773,0.378200258693887
0.943,-30.8621594714712,-30.446803746269,0.415355725202197
0.944,-30.8621594714712,-30.4832861498435,0.378873321627712
0.945,-30.8621594714712,-30.446397222674,0.415762248797208
0.946,-30.8621594714712,-30.4825939840463,0.379565487424884
0.947,-30.8621594714712,-30.4461352815595,0.416024189911656
0.948,-30.8621594714712,-30.4818675817322,0.380291889738974
0.949,-30.8621594714712,-30.4455422661395,0.416617205331676
0.95,-30.8621594714712,-30.4812452247554,0.380914246715761
0.951,-30.8621594714712,-30.4450713900088,0.417088081462424
0.952,-30.8621594714712,-30.4806207952735,0.381538676197742
0.953,-30.8621594714712,-30.4446675478888,0.417491923582354
0.954,-30.8621594714712,-30.4800153735855,0.382144097885718
0.955,-30.8621594714712,-30.4443072204667,0.417852251004508
0.956,-30.8621594714712,-30.4794028040142,0.382756667456999
0.957,-30.8621594714712,-30.4440480089483,0.418111462522923
0.958,-30.8621594714712,-30.4789870450497,0.383172426421531
0.959,-30.8621594714712,-30.443863379172,0.41829609229918
0.96,-30.8621594714712,-30.4785295819294,0.38362988954178
0.961,-30.8621594714712,-30.4435147656304,0.418644705840848
0.962,-30.8621594714712,-30.4781398582132,0.384019613258037
0.963,-30.8621594714712,-30.4432640887088,0.418895382762408
0.964,-30.8621594714712,-30.4777128677353,0.38444660373586
0.965,-30.8621594714712,-30.4432855680454,0.418873903425755
0.966,-30.8621594714712,-30.4773693533683,0.384790118102895
0.967,-30.8621594714712,-30.4430677709309,0.419091700540317
0.968,-30.8621594714712,-30.4771395035582,0.385019967912999
0.969,-30.8621594714712,-30.4429407554774,0.419218715993789
0.97,-30.8621594714712,-30.4768971319724,0.38526233949883
0.971,-30.8621594714712,-30.4429373315233,0.419222139947927
0.972,-30.8621594714712,-30.4765403943076,0.385619077163629
0.973,-30.8621594714712,-30.4428525736782,0.419306897793028
0.974,-30.8621594714712,-30.4762568407689,0.385902630702347
0.975,-30.8621594714712,-30.4428055601647,0.419353911306516
0.976,-30.8621594714712,-30.4762392826086,0.385920188862613
0.977,-30.8621594714712,-30.4429305878596,0.419228883611606
0.978,-30.8621594714712,-30.4761803706787,0.385979100792547
0.979,-30.8621594714712,-30.4430295829276,0.419129888543587
0.98,-30.8621594714712,-30.4761120817831,0.386047389688066
0.981,-30.8621594714712,-30.4430727347264,0.419086736744809
0.982,-30.8621594714712,-30.4759482256948,0.38621124577643
0.983,-30.8621594714712,-30.4434104853654,0.418748986105815
0.984,-30.8621594714712,-30.4759123674852,0.386247103986005
0.985,-30.8621594714712,-30.4433856158635,0.418773855607736
0.986,-30.8621594714712,-30.4758783205268,0.386281150944424
0.987,-30.8621594714712,-30.4434189451966,0.418740526274579
0.988,-30.8621594714712,-30.4758902020089,0.386269269462339
0.989,-30.8621594714712,-30.4436163378536,0.418543133617629
0.99,-30.8621594714712,-30.4757039943001,0.386455477171058
0.991,-30.8621594714712,-30.4436443911715,0.41851508029967
0.992,-30.8621594714712,-30.4755089281479,0.386650543323253
0.993,-30.8621594714712,-30.4437959058268,0.418363565644452
0.994,-30.8621594714712,-30.4757084848035,0.386450986667665
0.995,-30.8621594714712,-30.4440196391425,0.418139832328752
0.996,-30.8621594714712,-30.4758214179682,0.386338053502961
0.997,-30.8621594714712,-30.4441317149606,0.418027756510593
0.998,-30.8621594714712,-30.4759187015317,0.38624076993948
0.999,-30.8621594714712,-30.444328901262,0.417830570209155
