0,-5.85367068657161,0,5.85367068657161
0.01,-8.98759343622197,-0.111094989297971,8.876498446924
0.02,-12.1230501666602,-0.111114142218063,12.0119360244421
0.03,-15.2569729163106,-2.13819291179693,13.1187800045137
0.04,-18.3939636275367,-2.49963808173213,15.8943255458046
0.05,-21.5278863771871,-3.30868977440554,18.2191966027816
0.06,-24.6648770884132,-5.88010015392466,18.7847769344885
0.07,-27.7987998380636,-6.87412188363397,20.9246779544296
0.08,-30.9342565685018,-8.20362676028748,22.7306298082143
0.09,-34.0681793181522,-11.2725895181487,22.7955898000035
0.1,-37.2051700293783,-12.7322350864718,24.4729349429065
0.11,-40.3390927790287,-14.4966971469884,25.8423956320403
0.12,-43.474549509467,-17.9455307351148,25.5290187743522
0.13,-46.6084722591173,-19.7824527164721,26.8260195426452
0.14,-49.7423950087677,-21.888733295406,27.8536617133617
0.15,-52.8763177584181,-25.637324400532,27.2389933578861
0.16,-56.0102405080684,-27.7744227050326,28.2358178030358
0.17,-59.141095296143,-30.1519155995773,28.9891796965657
0.18,-62.2704161034297,-34.1353352073815,28.1350808960482
0.19,-65.1404941575638,-36.3476859679334,28.7928081896304
0.2,-67.6884362462418,-38.9392539427194,28.7491823035224
0.21,-69.9602617931004,-42.297309491284,27.6629523018164
0.22,-71.9851164331095,-43.8441957103077,28.1409207228018
0.23,-73.7645341470568,-45.028331542164,28.7362026048928
0.24,-75.2923790117909,-47.4253380031672,27.8670410086237
0.25,-76.5732529696754,-47.8978256708949,28.6754272987805
0.26,-77.6071560207104,-48.1952117891214,29.411944231589
0.27,-78.3986901072594,-49.6916343502689,28.7070557569905
0.28,-78.9493892101103,-49.3862792843883,29.563109925722
0.29,-79.2607873100511,-48.9385075006619,30.3222798093892
0.3,-79.3267484839302,-49.7396476006874,29.5871008832428
0.31,-79.1641465204143,-48.8049470565861,30.3591994638282
0.32,-78.7898552081702,-47.7733274282458,31.0165277799244
0.33,-78.216146393501,-48.0158200103658,30.2003263831352
0.34,-77.4414860956187,-46.5855154029881,30.8559706926306
0.35,-76.4674082953113,-45.08957691941,31.3778313759013
0.36,-75.2923790117909,-44.8867948421833,30.4055841696076
0.37,-73.9210001874212,-43.0637626147204,30.8572375727008
0.38,-72.353271822202,-41.2000850305086,31.1531867916934
0.39,-70.8714463811045,-40.8047201226193,30.0667262584852
0.4,-69.6411937892202,-38.672209260228,30.9689845289922
0.41,-68.665582008125,-37.3246201692931,31.3409618388319
0.42,-67.9415430762429,-37.4924664876542,30.4490765885887
0.43,-67.4690769935742,-36.6805601490663,30.7885168445079
0.44,-67.243581817755,-36.1836527661356,31.0599290516194
0.45,-67.2589216256338,-37.3280056432573,29.9309159823765
0.46,-67.4951546669682,-37.3254795055085,30.1696751614597
0.47,-67.9415430762429,-37.6380547326039,30.303488343639
0.48,-68.598086853458,-39.4815036363795,29.1165832170785
0.49,-69.4647859986134,-40.1654334907816,29.2993525078318
0.5,-70.5370385693454,-41.0955699195128,29.4414686498326
0.51,-71.8133105848663,-43.5060220709084,28.3072885139579
0.52,-73.2966700067517,-44.7270722896705,28.5695977170812
0.53,-74.9809809118501,-46.1553418246823,28.8256390871678
0.54,-76.8693112617374,-49.0093845805745,27.8599266811629
0.55,-78.9585930948376,-50.6610961736131,28.2974969212245
0.56,-81.2488264111509,-52.4828015339075,28.7660248772434
0.57,-83.7400112106772,-55.6874071970533,28.0526040136239
0.58,-86.4306135126286,-57.6811645940245,28.7494489186041
0.59,-89.2914876820353,-59.8163115602995,29.4751761217358
0.6,-92.2781482760486,-63.2968669444514,28.9812813315972
0.61,-95.3108282936985,-65.5666046541117,29.7442236395868
0.62,-98.3757219078941,-67.9550589088473,30.4206629990468
0.63,-101.460557272332,-71.6651865759639,29.7953706963681
0.64,-104.560732444649,-74.1676359732765,30.3930964713725
0.65,-107.670111501693,-76.7736038002184,30.8965077014746
0.66,-110.788694443465,-80.6700660786984,30.1186283647667
0.67,-113.9118793276,-83.3631212180435,30.5487581095565
0.68,-117.039666154099,-86.1418965553158,30.8977695987832
0.69,-120.168986961385,-90.1854334900231,29.9835534713619
0.7,-123.302909711036,-93.0314558394521,30.2714538715839
0.71,-126.435298479898,-95.9485294259757,30.4867690539223
0.72,-129.572289191124,-100.106651206983,29.4656379841406
0.73,-132.707745921563,-103.074944999684,29.6328009218793
0.74,-135.846270613577,-106.101670757205,29.7445998563716
0.75,-138.983261324803,-110.347465243593,28.6357960812103
0.76,-142.121786016817,-113.412834991362,28.7089510254546
0.77,-145.260310708831,-116.525912483615,28.7343982252165
0.78,-148.398835400845,-120.837996664001,27.5608387368441
0.79,-151.537360092859,-123.980651235369,27.5567088574899
0.8,-154.677418765661,-127.161341463333,27.5160773023279
0.81,-157.814409476887,-131.52302339972,26.2913860771667
0.82,-160.954468149689,-134.726618733875,26.2278494158139
0.83,-164.091458860915,-137.960599701384,26.1308591595313
0.84,-167.231517533717,-142.357921696284,24.8735958374332
0.85,-170.368508244943,-145.609806404515,24.7587018404285
0.86,-173.508566917745,-148.884844207703,24.6237227100415
0.87,-176.647091609759,-153.307105895752,23.339985714007
0.88,-179.785616301773,-156.597106453587,23.1885098481856
0.89,-182.922607012999,-159.904002975141,23.0186040378583
0.9,-186.062665685801,-164.34279330496,21.7198723808408
0.91,-189.198122416239,-167.662738157539,21.5353842587
0.92,-192.338181089041,-170.994097575102,21.3440835139388
0.93,-195.473637819479,-175.442639698052,20.0309981214271
0.94,-198.613696492281,-178.785846452855,19.8278500394263
0.95,-201.74915322272,-182.135669975836,19.6134832468843
0.96,-204.889211895521,-186.588038835988,18.301173059533
0.97,-208.02466862596,-189.949525996332,18.0751426296279
0.98,-211.15859137561,-193.312591561299,17.845999814311
0.99,-214.030203410532,-197.601538380072,16.4286650304603
1,-216.575077537634,-200.975307218291,15.5997703193433
1.01,-218.848437065281,-203.541061435314,15.3073756299674
1.02,-220.870223743714,-206.970175368826,13.9000483748882
1.03,-222.645039515298,-208.777994584424,13.8670449308742
1.04,-224.17441836082,-210.249032916228,13.925385444592
1.05,-225.452224357128,-212.446974059242,13.005250297886
1.06,-226.484593427376,-213.242169219584,13.2424242077924
1.07,-227.276127513924,-213.708937971246,13.5671895426778
1.08,-227.820690693624,-215.000257563159,12.8204331304652
1.09,-228.122884908837,-214.94925210765,13.1736328011872
1.1,-228.185778121141,-214.64205512863,13.5437229925109
1.11,-228.023176157625,-215.19715031692,12.8260258407047
1.12,-227.653486787744,-214.482818237233,13.1706685505108
1.13,-227.078243992287,-213.556857811,13.5213861812874
1.14,-226.298981752041,-213.527769940204,12.771211811837
1.15,-225.321835990158,-212.286272660248,13.0355633299102
1.16,-224.14527272585,-210.869413072561,13.2758596532887
1.17,-222.769291959116,-210.374280717686,12.3950112414297
1.18,-221.198495632322,-208.715133278192,12.48336235413
1.19,-219.715136210436,-207.073406150629,12.6417300598069
1.2,-218.48641759934,-206.206315259705,12.2801023396354
1.21,-217.506203875881,-205.024018743028,12.4821851328526
1.22,-216.774495040059,-203.920833558446,12.8536614816126
1.23,-216.295893034239,-204.32080168412,11.9750913501186
1.24,-216.071931839208,-203.954691414906,12.1172404243025
1.25,-216.09187358945,-203.813654171728,12.278219417722
1.26,-216.335776534724,-204.976079876485,11.3596966582386
1.27,-216.792902809514,-205.395331666167,11.3975711433473
1.28,-217.46325241382,-205.942595440879,11.5206569729407
1.29,-218.339155443703,-207.752244065545,10.5869113781578
1.3,-219.419077918374,-208.773097728445,10.6459801899287
1.31,-220.70608779941,-209.882018772457,10.8240690269535
1.32,-222.195583144447,-212.196567428685,9.99901571576237
1.33,-223.892165895849,-213.700106179914,10.1920597159349
1.34,-225.789700130463,-215.25356280987,10.5361373205933
1.35,-227.889719829079,-217.968085443942,9.92163438513711
1.36,-230.190691010907,-219.854123386461,10.3365676244461
1.37,-232.691079695161,-221.76090974351,10.9301699516513
1.38,-235.39088588184,-224.790360992229,10.6005248896108
1.39,-237.977177490215,-226.824302680902,11.1528748093134
1.4,-240.270478768104,-229.005199925953,11.2652788421507
1.41,-242.313741177567,-231.50975746811,10.8039837094568
1.42,-244.110032680182,-232.942401979587,11.167630700595
1.43,-245.65628531437,-233.811724131884,11.8445611824858
1.44,-246.957101022497,-235.412311349585,11.544789672912
1.45,-248.010945823775,-235.835875835954,12.1750699878206
1.46,-248.820887679778,-235.872389761436,12.9484979183417
1.47,-249.38539260972,-236.632868205672,12.7525244040476
1.48,-249.705994594388,-236.322056768405,13.3839378259829
1.49,-249.784227614571,-235.660265595796,14.1239620187745
1.5,-249.633897497358,-235.772703138248,13.8611943591103
1.51,-249.273412012205,-234.867589288599,14.4058227236064
1.52,-248.705839120687,-233.658062362907,15.0477767577798
1.53,-247.93424678438,-233.250462286068,14.6837844983117
1.54,-246.966304907225,-231.876197928818,15.0901069784067
1.55,-245.798945527644,-230.231481767681,15.5674637599626
1.56,-244.433702626425,-229.410090648102,15.0236119783233
1.57,-242.87057620357,-227.664147472326,15.2064287312442
1.58,-241.108032278289,-225.674774761319,15.4332575169698
1.59,-239.149138812159,-224.523766689884,14.625372122275
1.6,-236.995429785968,-222.4839263739,14.511503412068
1.61,-234.645371218927,-220.222221842363,14.4231493765643
1.62,-232.126574765219,-218.808287997154,13.3182867680655
1.63,-229.463584117449,-216.535956753385,12.9276273640635
1.64,-226.684010929801,-214.057078086992,12.626932842809
1.65,-223.810864914091,-212.429310444219,11.3815544698721
1.66,-220.857951897411,-209.966630330988,10.8913215664226
1.67,-217.849815572367,-207.308423876075,10.5413916962923
1.68,-214.797193804475,-205.501804397939,9.295389406536
1.69,-211.721562324764,-202.883034800624,8.83852752414046
1.7,-208.622921133235,-200.077402554764,8.5455185784711
1.71,-205.515076056979,-198.123507328244,7.39156872873519
1.72,-202.394959134419,-195.376478116453,7.01848101796637
1.73,-199.271774250284,-192.45178327125,6.81999097903363
1.74,-196.139385481422,-190.376706251732,5.76267922968975
1.75,-193.006996712559,-187.527209733493,5.47978697906581
1.76,-189.868472020545,-184.508568260199,5.35990376034576
1.77,-186.731481309319,-182.335117884608,4.39636342471132
1.78,-183.592956617305,-179.406707263895,4.18624935340975
1.79,-180.630839715898,-176.479002027678,4.15183768821979
1.8,-177.926431586856,-174.228465520501,3.69796606635549
1.81,-175.482800191754,-172.055410486241,3.42738970551332
1.82,-173.295343588229,-169.932327464895,3.36301612333386
1.83,-171.362527795493,-169.207312371589,2.15521542390363
1.84,-169.685886794334,-168.086253102428,1.59963369190598
1.85,-168.26695456554,-167.145837702753,1.12111686278723
1.86,-167.098061205171,-167.389408574041,-0.29134736887022
1.87,-166.179206713227,-167.241852210206,-1.0626454969792
1.88,-165.513459051285,-167.164797477674,-1.65133842638878
1.89,-165.099284238556,-168.219818385525,-3.12053414696857
1.9,-164.933614313464,-168.820170353244,-3.88655603978015
1.91,-165.007245391283,-169.4439624161,-4.43671702481745
1.92,-165.298701740981,-171.136419499736,-5.83771775875482
1.93,-165.80031345862,-172.336139875373,-6.53582641675331
1.94,-166.512080544198,-173.517506124686,-7.00542558048787
1.95,-167.434002997718,-175.713145816321,-8.2791428186033
1.96,-168.558410915238,-177.39140057333,-8.83298965809172
1.97,-169.888372258335,-179.014249092524,-9.12587683418948
1.98,-171.42235304622,-181.608912483231,-10.1865594370109
1.99,-173.160353278895,-183.495628006123,-10.3352747272284
2,-175.10083897557,-185.46835338148,-10.3675144059099
2.01,-177.240742174671,-187.539819041788,-10.2990768671172
2.02,-179.583130837772,-188.84513358512,-9.26200274734836
2.03,-182.124937003299,-189.469910675543,-7.34497367224435
2.04,-184.668277149613,-190.666387433987,-5.99811028437355
2.05,-186.93396677332,-190.963662443029,-4.02969566970853
2.06,-188.946549567026,-190.770535616027,-1.82398604900126
2.07,-190.712161453882,-191.165456624259,-0.45329517037689
2.08,-192.233870395465,-190.769268231503,1.46460216396162
2.09,-193.50707444941,-189.944171114141,3.56290333526886
2.1,-194.533307596505,-189.739491690315,4.79381590618968
2.11,-195.315637798327,-188.798461237345,6.51717656098222
2.12,-195.854065054875,-187.468668810287,8.38539624458798
2.13,-196.147055385361,-186.787883994215,9.35917139114633
2.14,-196.197676751361,-185.414013496092,10.7836632552692
2.15,-196.02433692233,-183.684709381512,12.3396275408184
2.16,-195.640841725359,-182.624766550638,13.0160751747206
2.17,-195.051793102811,-180.907922756991,14.1438703458199
2.18,-194.26179299705,-178.862428896672,15.3993641003785
2.19,-193.390491909531,-177.670444180837,15.7200477286937
2.2,-192.750821920982,-175.675324683122,17.07549723786
2.21,-192.356588858496,-174.218619325478,18.1379695330181
2.22,-192.207792722071,-173.635576636714,18.572216085357
2.23,-192.296763607768,-173.019290667931,19.2774729398373
2.24,-192.60049180377,-172.427640260571,20.1728515431989
2.25,-193.111307406135,-172.863895523077,20.2474118830579
2.26,-193.829210414866,-173.073262934946,20.7559474799199
2.27,-194.754200829961,-173.315844795577,21.4383560343842
2.28,-195.887812632208,-174.4790927727,21.4087198595078
2.29,-197.223909898457,-175.3883581102,21.8355517882571
2.3,-198.768628551858,-176.269775186947,22.4988533649112
2.31,-200.514298688472,-178.022645640568,22.4916530479037
2.32,-202.462454289086,-179.481620819926,22.9808334691604
2.33,-204.611561372914,-180.875226997723,23.736334375191
2.34,-206.963153920743,-183.093436343113,23.8697175776295
2.35,-209.512629990209,-184.990190331299,24.5224396589102
2.36,-212.2615235621,-186.790515586547,25.4710079755531
2.37,-215.169951135931,-189.377614640518,25.7923364954126
2.38,-218.170417557035,-191.623376716783,26.5470408402522
2.39,-221.2138354402,-193.749615467006,27.4642199731938
2.4,-224.291000900699,-196.636814122561,27.6541867781385
2.41,-227.386574130652,-199.171386279442,28.2151878512097
2.42,-230.50055513006,-201.572662109157,28.9278930209032
2.43,-233.622206033407,-204.70598996751,28.9162160658974
2.44,-236.753060821482,-207.476922348145,29.2761384733373
2.45,-239.886983571132,-210.097774924218,29.7892086469142
2.46,-243.027042243934,-213.427409551607,29.5996326923272
2.47,-246.167100916736,-216.386122541643,29.7809783750926
2.48,-249.310227551114,-219.182321535081,30.1279060160329
2.49,-252.453354185492,-222.666621042217,29.7867331432746
2.5,-255.601082762233,-225.774596472856,29.8264862893768
2.51,-258.745743377398,-228.710101820939,30.0356415564589
2.52,-261.89347195414,-232.315270092445,29.5782018616946
2.53,-265.039666550093,-235.541009692965,29.4986568571277
2.54,-268.187395126835,-238.586352320467,29.6010428063683
2.55,-271.333589722788,-242.285378075564,29.0482116472239
2.56,-274.482852280317,-245.60353737166,28.8793149086566
2.57,-277.629046876271,-248.735267910075,28.8937789661957
2.58,-280.7783094338,-252.506241976964,28.2720674568364
2.59,-283.926038010541,-255.896451383506,28.0295866270354
2.6,-287.07530056807,-259.09575304284,27.9795475252303
2.61,-290.221495164024,-262.921582434663,27.2999127293609
2.62,-293.372291702341,-266.368031448866,27.0042602534748
2.63,-296.518486298294,-269.620321186238,26.898165112056
2.64,-299.669282836612,-273.487525963512,26.1817568731004
2.65,-302.815477432565,-276.97752250362,25.8379549289448
2.66,-305.966273970882,-280.271064711158,25.6952092597239
2.67,-309.114002547623,-284.168969418365,24.9450331292579
2.68,-312.264799085941,-287.692575098684,24.5722239872567
2.69,-315.412527662682,-291.018151773426,24.3943758892564
2.7,-318.563324200999,-294.938093312979,23.6252308880204
2.71,-321.71105277774,-298.48726954593,23.22378323181
2.72,-324.86031533527,-301.837548067766,23.0227672675038
2.73,-328.008043912011,-305.772836692695,22.235207219316
2.74,-331.158840450328,-309.341476179076,21.8173642712519
2.75,-334.306569027069,-312.710547248243,21.5960217788265
2.76,-337.455831584599,-316.656179000138,20.7996525844607
2.77,-340.60356016134,-320.239134836023,20.3644253253173
2.78,-343.748220776505,-323.62276675206,20.1254540244452
2.79,-346.627502715367,-327.410448087059,19.2170546283077
2.8,-349.172376842469,-331.002725992724,18.1696508497448
2.81,-351.438066466176,-333.588142799312,17.849923666864
2.82,-353.455251202246,-336.522087207919,16.9331639943269
2.83,-355.223931050678,-338.542609668369,16.6813213823092
2.84,-356.74563999226,-340.033779240066,16.7118607521944
2.85,-358.01577608463,-341.7404635498,16.2753125348302
2.86,-359.042009231725,-342.743386979864,16.2986222518605
2.87,-359.822805452759,-343.229153628402,16.5936518243573
2.88,-360.361232709307,-344.03301738599,16.3282153233171
2.89,-360.658824982157,-344.185576180492,16.4732488016651
2.9,-360.715582271309,-343.896348551649,16.8192337196601
2.91,-360.549912346217,-343.968945615,16.5809667312172
2.92,-360.175621033973,-343.453230222569,16.7223908114041
2.93,-359.59731027694,-342.544395144324,17.0529151326164
2.94,-358.814980075118,-342.037300707372,16.7776793677461
2.95,-357.833232370871,-340.989550020422,16.8436823504487
2.96,-356.653601144987,-339.589657227624,17.0639439173631
2.97,-355.274552416678,-338.620601353792,16.6539510628856
2.98,-353.697620166732,-337.150974649763,16.5466455169686
2.99,-351.924338375936,-335.362038988135,16.5622993878013
3,-349.953173063503,-334.026086921053,15.9270861424498
3.01,-347.78565821022,-332.222783481588,15.5628747286323
3.02,-345.424861777664,-330.125832034663,15.2990297430013
3.03,-342.892259496865,-328.498208673654,14.394050823211
3.04,-340.215463022005,-326.429691626513,13.7857713954918
3.05,-337.426685949629,-324.087546826517,13.3391391231116
3.06,-334.539734106828,-322.223793252052,12.3159408547757
3.07,-331.579151186209,-319.939259259041,11.6398919271676
3.08,-328.557209034074,-317.395018351492,11.1621906825818
3.09,-325.499985323818,-315.336153326309,10.163831997509
3.1,-322.412081997804,-312.872642302278,9.53943969552597
3.11,-319.310372844699,-310.162442425405,9.14793041929357
3.12,-316.191789902928,-307.941877116979,8.24991278594939
3.13,-313.068605018793,-305.33283807853,7.73576694026326
3.14,-309.934682269142,-302.489747122926,7.44493514621598
3.15,-306.800759519492,-300.138279923597,6.66247959589515
3.16,-303.659166865902,-297.414514495462,6.24465237044012
3.17,-300.5191081931,-294.465313466456,6.05379472664407
3.18,-297.37751553951,-292.010679546079,5.36683599343138
3.19,-294.41079669574,-289.360879988717,5.04991670702344
3.2,-291.703320605121,-286.330187310641,5.37313329447977
3.21,-289.255087267656,-284.608917551614,4.64616971604164
3.22,-287.064562702555,-282.750332592177,4.31423011037776
3.23,-285.127144967456,-281.241178623278,3.88596634417769
3.24,-283.447436004721,-280.554962095745,2.89247390897583
3.25,-282.023901833563,-279.865499684536,2.15840214902715
3.26,-280.851940511618,-279.325584887455,1.52635562416253
3.27,-279.930018058099,-279.596025346871,0.333992711228007
3.28,-279.256600492217,-279.760646984351,-0.50404649213425
3.29,-278.839357717912,-280.033298375441,-1.19394065752863
3.3,-278.669085850457,-281.038157081752,-2.36907123129481
3.31,-278.741182947488,-281.894097270856,-3.15291432336778
3.32,-279.02957133561,-282.806616563041,-3.77704522743142
3.33,-279.531183053249,-284.399062413699,-4.86787936044971
3.34,-280.244484119616,-285.804188545862,-5.55970442624579
3.35,-281.161804630771,-287.224818243302,-6.06301361253139
3.36,-282.284678567504,-289.281212027271,-6.99653345976702
3.37,-283.613105929813,-291.12238500895,-7.50927907913689
3.38,-285.14555273691,-292.946906268971,-7.80135353206083
3.39,-286.883552969585,-295.372393349979,-8.48884038039421
3.4,-288.820970704684,-297.559097662301,-8.73812695761723
3.41,-290.960873903785,-299.704586824126,-8.74371292034084
3.42,-293.301728586098,-302.421121602069,-9.1193930159713
3.43,-295.842000770837,-304.882044356039,-9.04004358520223
3.44,-298.578622496425,-307.28205487176,-8.7034323753345
3.45,-301.465574339226,-310.228917434922,-8.76334309569597
3.46,-304.435361144572,-312.908147291343,-8.4727861467706
3.47,-307.458837277495,-315.512850216436,-8.05401293894147
3.48,-310.519128949327,-318.649277669128,-8.13014871980113
3.49,-313.603964313765,-321.513659578872,-7.90969526510685
3.5,-316.705673466869,-324.295477649732,-7.58980418286262
3.51,-319.821188447065,-327.590885262234,-7.76969681516903
3.52,-322.9443733312,-330.60844020877,-7.66406687757024
3.53,-326.076762100063,-333.533685570082,-7.45692347001858
3.54,-329.210684849713,-336.955963969159,-7.7452791194462
3.55,-332.350743522515,-340.096980574864,-7.74623705234887
3.56,-335.490802195317,-343.135934388654,-7.64513219333696
3.57,-338.633928829695,-346.659243326657,-8.02531449696193
3.58,-341.772453521709,-349.896681778128,-8.12422825641943
3.59,-344.650201479782,-352.863038029454,-8.21283654967164
3.6,-347.187405702945,-356.462219252705,-9.27481354975998
3.61,-349.448493384288,-358.968065747887,-9.5195723635992
3.62,-351.459542197207,-361.148125792372,-9.68858359516503
3.63,-353.222086122487,-363.229056711796,-10.0069705893088
3.64,-354.73612516013,-364.692553976659,-9.95642881652878
3.65,-356.004727271712,-365.701298862795,-9.69657159108255
3.66,-357.024824495656,-366.805912416867,-9.78108792121105
3.67,-357.799484793538,-367.304245128935,-9.50476033539695
3.68,-358.33484408851,-367.45589654671,-9.12105245820027
3.69,-358.63243636136,-367.740536926125,-9.10810056476521
3.7,-358.692261612087,-367.496476201252,-8.80421458916499
3.71,-358.528125667784,-366.952995913742,-8.42487024595818
3.72,-358.158436297903,-366.594183982006,-8.43574768410269
3.73,-357.589329425598,-365.755542888681,-8.16621346308324
3.74,-356.820805050867,-364.663430139387,-7.84262508851953
3.75,-355.851329192923,-363.79112888805,-7.93979969512736
3.76,-354.679367870979,-362.482010897289,-7.80264302631036
3.77,-353.312590988972,-360.954033041047,-7.64144205207475
3.78,-351.749464566117,-359.673936465787,-7.92447189966953
3.79,-350.273775048171,-358.155049108457,-7.88127406028627
3.8,-349.049658379438,-356.281069150188,-7.23141077075002
3.81,-348.075580579131,-355.484574995662,-7.40899441653107
3.82,-347.356143589612,-354.517986773899,-7.16184318428668
3.83,-346.886745468519,-353.935870825896,-7.04912535737668
3.84,-346.664318254276,-353.962070299417,-7.29775204514101
3.85,-346.684260004519,-353.96793624318,-7.2836762386612
3.86,-346.922027026641,-354.17107996876,-7.24905294211857
3.87,-347.366881455128,-354.985224790103,-7.61834333497461
3.88,-348.023425232343,-355.688601714645,-7.6651764823016
3.89,-348.88859039671,-356.559239601977,-7.67064920526684
3.9,-349.960842967442,-357.975368793932,-8.0145258264904
3.91,-351.235581002175,-359.246720383905,-8.01113938172961
3.92,-352.714338481697,-360.639277668588,-7.92493918689115
3.93,-354.397115406008,-362.536172807716,-8.1390574017077
3.94,-356.285445755895,-364.256303252399,-7.97085749650392
3.95,-358.373193608207,-366.064126534425,-7.69093292621835
3.96,-360.661892943733,-368.341339152299,-7.67944620856628
3.97,-363.153077743259,-370.41783494882,-7.26475720556147
3.98,-365.834476160483,-372.555287605793,-6.72081144530972
3.99,-368.371680383646,-374.97231111065,-6.60063072700393
4,-370.623564180262,-377.329860442322,-6.70629626205999
4.01,-372.623875127665,-378.932538830183,-6.30866370251852
4.02,-374.378749149006,-380.741432391643,-6.36268324263739
4.03,-375.88511828271,-381.767400641507,-5.88228235879677
4.04,-377.144516509564,-382.490622437525,-5.34610592796122
4.05,-378.158477810356,-383.280860815402,-5.12238300504572
4.06,-378.923934223511,-383.478794175254,-4.55485995174291
4.07,-379.44702167218,-383.372599088193,-3.9255774160132
4.08,-379.727740156363,-383.424479094444,-3.69673893808096
4.09,-379.770691618424,-382.924616227978,-3.15392460955394
4.1,-379.591215866241,-382.18208196441,-2.59086609816876
4.11,-379.204652707694,-381.634788876549,-2.43013616885503
4.12,-378.615604085146,-380.58773388153,-1.97212979638374
4.13,-377.822536017809,-379.336300103384,-1.51376408557479
4.14,-376.830050448047,-378.314524660347,-1.48447421229986
4.15,-375.639681356648,-376.832282889105,-1.19260153245745
4.16,-374.249894762824,-375.177925979472,-0.928031216647582
4.17,-372.660690666574,-373.779023144248,-1.11833247767373
4.18,-370.878204991051,-371.951839581583,-1.07363459053192
4.19,-369.186224182013,-370.142197756098,-0.95597357408451
4.2,-367.745816222188,-368.443210282962,-0.697394060773604
4.21,-366.556981111577,-367.150989637765,-0.594008526187508
4.22,-365.622786811755,-365.93733940476,-0.314552593004521
4.23,-364.93709739957,-365.566851497256,-0.629754097685975
4.24,-364.502980836598,-365.139196548905,-0.636215712307489
4.25,-364.321971103628,-364.932992165275,-0.611021061646625
4.26,-364.387932277507,-365.374893721161,-0.986961443653911
4.27,-364.674786684841,-365.771110466779,-1.09632378193783
4.28,-365.17639840248,-366.289396837188,-1.11299843470817
4.29,-365.885097526483,-367.419591290262,-1.53449376377887
4.3,-366.799350076063,-368.443999455372,-1.64464937930876
4.31,-367.922224012795,-369.551641980788,-1.62941796799288
4.32,-369.249117394316,-371.220117402302,-1.97100000798616
4.33,-370.778496239838,-372.748712271363,-1.97021603152461
4.34,-372.511894530149,-374.323417194846,-1.81152266469661
4.35,-374.449312265249,-376.419271192608,-1.96995892735947
4.36,-376.587681483561,-378.348002607609,-1.76032112404778
4.37,-378.925468204299,-380.293597352675,-1.36812914837634
4.38,-381.467274369825,-382.727851198668,-1.26057682884334
4.39,-384.197760172262,-384.974259710681,-0.776499538418818
4.4,-387.080110072699,-387.214423836404,-0.134313763705507
4.41,-390.042226974106,-389.917767061922,0.124459912184363
4.42,-393.062635145453,-392.419055362515,0.643579782938104
4.43,-396.121392836497,-394.900791814221,1.22060102227618
4.44,-399.209296162511,-397.828224631505,1.38107153100646
4.45,-402.314073277191,-400.545232796831,1.7688404803605
4.46,-405.434190199751,-403.227925068072,2.20626513167912
4.47,-408.56197702625,-406.33834989879,2.22362712746008
4.48,-411.6958997759,-409.229875616578,2.46602415932205
4.49,-414.835958448702,-412.074686195426,2.76127225327593
4.5,-417.979085083079,-415.331289823015,2.64779526006384
4.51,-421.123745698245,-418.361448288286,2.76229740995871
4.52,-424.271474274986,-421.335189839234,2.93628443575204
4.53,-427.420736832516,-424.70617652146,2.71456031105635
4.54,-430.569999390045,-427.846030038859,2.72396935118616
4.55,-433.720795928362,-430.921254193841,2.7995417345212
4.56,-436.871592466679,-434.381896835184,2.48969563149495
4.57,-440.022389004996,-437.608008177058,2.41438082793849
4.58,-443.174719524101,-440.763360861964,2.41135866213659
4.59,-446.325516062418,-444.293483300464,2.03203276195416
4.6,-449.477846581523,-447.587589831209,1.89025675031411
4.61,-452.62864311984,-450.805601700855,1.82304141898533
4.62,-455.780973638945,-454.389620492392,1.39135314655334
4.63,-458.93330415805,-457.73622585842,1.1970782996305
4.64,-462.085634677155,-461.003237094652,1.08239758250289
4.65,-465.23796519626,-464.627255656369,0.610709539891445
4.66,-468.390295715365,-468.014405338499,0.375890376865755
4.67,-471.54262623447,-471.318206189127,0.22442004534264
4.68,-474.696490734363,-474.972183910202,-0.275693175838796
4.69,-477.848821253468,-478.38955185057,-0.54073059710197
4.7,-481.002685753361,-481.721694066272,-0.719008312911058
4.71,-484.155016272466,-485.396951679796,-1.24193540732989
4.72,-487.308880772359,-488.837497273697,-1.52861650133775
4.73,-490.461211291464,-492.190404727428,-1.72919343596357
4.74,-493.616609772145,-495.880974659757,-2.26436488761175
4.75,-496.76894029125,-499.338063609851,-2.5691233186011
4.76,-499.92433877193,-502.706943048815,-2.78260427688531
4.77,-503.076669291035,-506.407550367383,-3.33088107634819
4.78,-506.232067771716,-509.877382965133,-3.64531519341688
4.79,-509.384398290821,-513.25775642826,-3.87335813743886
4.8,-512.539796771502,-516.964986024278,-4.42518925277568
4.81,-515.693661271395,-520.443641865139,-4.74998059374366
4.82,-518.849059752076,-523.832481439162,-4.98342168708609
4.83,-522.004458232756,-527.54317819101,-5.53871995825409
4.84,-525.159856713437,-531.028061856018,-5.86820514258068
4.85,-528.31372121333,-534.422682405443,-6.10896119211293
4.86,-531.467585713223,-538.13453371101,-6.66694799778747
4.87,-534.621450213116,-541.623566486677,-7.00211627356077
4.88,-537.776848693797,-545.021470714578,-7.24462202078132
4.89,-540.930713193689,-548.732499299343,-7.80178610565417
4.9,-544.08611167437,-552.222560233906,-8.13644855953623
4.91,-547.239976174263,-555.621885744794,-8.38190957053064
4.92,-550.393840674156,-559.329138521376,-8.93529784722034
4.93,-553.547705174049,-562.818916019056,-9.27121084500675
4.94,-556.701569673942,-566.217269757996,-9.51570008405395
4.95,-559.855434173835,-569.920019549435,-10.0645853756001
4.96,-563.009298673727,-573.407690547145,-10.3983918734183
4.97,-566.16316317362,-576.804632885627,-10.6414697120071
4.98,-569.31242573115,-580.501471525684,-11.1890457945339
4.99,-572.196309612375,-583.822827672155,-11.62651805978
5,-574.741183739477,-587.215777098479,-12.4745933590018
5.01,-577.008407343972,-590.097038833086,-13.0886314891142
5.02,-579.022524118466,-592.557416157634,-13.5348920391676
5.03,-580.78966998611,-594.367741603042,-13.5780716169317
5.04,-582.311378927692,-596.139814863494,-13.8284359358017
5.05,-583.581515020062,-597.369497446729,-13.7879824266665
5.06,-584.604680205582,-598.154010408114,-13.5493302025322
5.07,-585.387010407403,-598.908340183996,-13.5213297765927
5.08,-585.923903683163,-599.233823223806,-13.3099195406428
5.09,-586.219961975225,-599.160510818246,-12.9405488430212
5.1,-586.273651302801,-599.129083780072,-12.8554324772708
5.11,-586.10031147377,-598.721742481713,-12.6214310079434
5.12,-585.719884238374,-597.975277865296,-12.2553936269218
5.13,-585.132369596614,-597.314621718939,-12.1822521223246
5.14,-584.343903471641,-596.328046954455,-11.9841434828143
5.15,-583.357553825031,-595.045912790253,-11.6883589652221
5.16,-582.171786675995,-593.886019250699,-11.7142325747044
5.17,-580.785068043746,-592.439669670072,-11.6546016263264
5.18,-579.201999870648,-590.733160325837,-11.5311604551894
5.19,-577.421048175913,-589.176952107621,-11.7559039317083
5.2,-575.442212959541,-587.365971236311,-11.9237582767701
5.21,-573.267028202319,-585.322871650913,-12.0558434485944
5.22,-570.901629827399,-583.451983225117,-12.5503533977184
5.23,-568.358289681085,-581.351319858805,-12.9930301777196
5.24,-565.675357283073,-579.041718640353,-13.3663613572799
5.25,-562.878910306757,-576.918682013404,-14.0397717066472
5.26,-559.984288560017,-574.585750495805,-14.6014619357882
5.27,-557.016035735458,-572.057457845571,-15.0414221101129
5.28,-553.98949164096,-569.727349593594,-15.7378579526345
5.29,-550.929199969128,-567.201599706029,-16.2723997369014
5.3,-547.841296643114,-564.495280678591,-16.6539840354769
5.31,-544.741121470797,-561.994652060011,-17.2535305892141
5.32,-541.624072509814,-559.312213370477,-17.6881408606633
5.33,-538.503955587254,-556.46017810985,-17.9562225225964
5.34,-535.37310079918,-553.821358452813,-18.4482576536328
5.35,-532.242246011105,-551.012204631669,-18.7699586205639
5.36,-529.105255299879,-548.044341133406,-18.9390858335273
5.37,-525.969798569441,-545.294317808352,-19.3245192389113
5.38,-522.828205915851,-542.385502177863,-19.5572962620124
5.39,-519.689681223837,-539.325293125864,-19.6356119020268
5.4,-516.546554589459,-536.488398149616,-19.9418435601574
5.41,-513.406495916657,-533.499893413084,-20.0933974964266
5.42,-510.261835301492,-530.369011143408,-20.1071758419164
5.43,-507.120242647902,-527.46221113659,-20.3419684886883
5.44,-503.974048051949,-524.413211290564,-20.4391632386153
5.45,-500.832455398359,-521.225891028833,-20.3934356304742
5.46,-497.684726821617,-518.266143341791,-20.5814165201735
5.47,-494.54160018724,-515.168654957005,-20.6270547697647
5.48,-491.393871610498,-511.939726319569,-20.5458547090707
5.49,-488.250744976121,-508.937220552362,-20.6864755762408
5.5,-485.103016399379,-505.804099776615,-20.7010833772359
5.51,-481.959889765002,-502.542214016841,-20.5823242518392
5.52,-478.81216118826,-499.507990955211,-20.6958297669507
5.53,-475.669034553883,-496.346790076229,-20.677755522346
5.54,-472.521305977141,-493.061276679241,-20.5399707021004
5.55,-469.376645361976,-490.001997399797,-20.6253520378208
5.56,-466.227382804447,-486.820601719201,-20.5932189147542
5.57,-463.082722189281,-483.517238415493,-20.4345162262125
5.58,-459.936527593328,-480.439651989913,-20.5031243965848
5.59,-456.968274768769,-477.408832522728,-20.4405577539587
5.6,-454.256196735787,-474.093980924822,-19.8377841890352
5.61,-451.803361455958,-471.820695058079,-20.0173336021207
5.62,-449.608234948494,-469.642426528305,-20.0341915798111
5.63,-447.667749251818,-467.910559931925,-20.2428106801067
5.64,-445.984972327508,-466.727039867921,-20.7420675404134
5.65,-444.556836213986,-465.769604934799,-21.2127687208132
5.66,-443.380272949678,-465.050314165768,-21.6700412160898
5.67,-442.453748553795,-464.870736707308,-22.4169881535126
5.68,-441.780330987913,-464.806492999408,-23.0261620114954
5.69,-441.358486271245,-464.937779170982,-23.5792928997374
5.7,-441.183612461426,-465.530787636142,-24.3471751747156
5.71,-441.251107616093,-466.192291064113,-24.9411834480201
5.72,-441.533360081064,-466.990348820626,-25.4569887395617
5.73,-442.025767913975,-468.202190541982,-26.1764226280073
5.74,-442.729865095614,-469.436030670558,-26.7061655749437
5.75,-443.642583664406,-470.767276581463,-27.1246929170571
5.76,-444.760855658775,-472.467294766857,-27.7064391080822
5.77,-446.081613117144,-474.156111383751,-28.0744982666072
5.78,-447.607924001091,-475.908246487987,-28.3003224868963
5.79,-449.33518636825,-477.825698264029,-28.4905118957788
5.8,-451.266468180198,-479.875742281653,-28.6092741014549
5.81,-453.395633513783,-481.122464022396,-27.726830508613
5.82,-455.725750330581,-482.465004499859,-26.7392541692782
5.83,-458.029789473986,-483.17348844995,-25.1436989759637
5.84,-460.073051883449,-483.568105439501,-23.4950535560519
5.85,-461.870877366851,-483.902398218973,-22.0315208521218
5.86,-463.423265924192,-483.828243977528,-20.4049780533362
5.87,-464.727149593894,-483.436908731328,-18.7097591374339
5.88,-465.787130318323,-483.102980492161,-17.3158501738382
5.89,-466.600140135903,-482.379402955714,-15.7792628198113
5.9,-467.166179046633,-481.405534828366,-14.2393557817328
5.91,-467.489848992876,-480.518725086649,-13.0288760937733
5.92,-467.57421793621,-479.291779218544,-11.7175612823344
5.93,-467.433091703725,-477.848587331346,-10.4154956276212
5.94,-467.083344084087,-476.526362708888,-9.44301862480131
5.95,-466.531111000448,-474.897873834368,-8.36676283392035
5.96,-465.773324491232,-473.083951760841,-7.31062726960857
5.97,-464.816120479592,-471.4154280461,-6.59930756650846
5.98,-463.665634888678,-469.469069632586,-5.80343474390787
5.99,-462.593382317945,-467.524949251967,-4.93156693402193
6,-461.769634634851,-465.581792695752,-3.81215806090108
6.01,-461.198993781757,-464.190477700816,-2.99148391905914
6.02,-460.879925777877,-462.863539236575,-1.98361345869756
6.03,-460.809362661635,-462.267952210189,-1.45858954855402
6.04,-460.970430644363,-461.76008462931,-0.78965398494671
6.05,-461.344721956607,-461.455047999739,-0.110326043132318
6.06,-461.932236598367,-461.691033407679,0.241203190687713
6.07,-462.729906608067,-462.019530141847,0.710376466220055
6.08,-463.730062081769,-462.456399186862,1.27366289490703
6.09,-464.935770981047,-463.394471458355,1.54129952269176
6.1,-466.34856728669,-464.364772597443,1.98379468924696
6.11,-467.963849056333,-465.402531558467,2.56131749786624
6.12,-469.784684251553,-466.890014488497,2.8946697630559
6.13,-471.804936949199,-468.373566213214,3.43137073598473
6.14,-474.026141130057,-469.885974442025,4.14016668803225
6.15,-476.449830774917,-471.810400829568,4.63942994534892
6.16,-479.071403941413,-473.700087400318,5.37131654109453
6.17,-481.867850917729,-475.590098299641,6.27775261808841
6.18,-484.771676549196,-477.860773647368,6.9109029018278
6.19,-487.75066723927,-480.075005789798,7.67566144947222
6.2,-490.778745314556,-482.270628401853,8.50811691270292
6.21,-493.84517290954,-484.825412035296,9.01976087424396
6.22,-496.933076235553,-487.310189634628,9.6228866009252
6.23,-500.04092131181,-489.758580049173,10.282341262637
6.24,-503.159504253581,-492.545864753186,10.6136395003954
6.25,-506.288825060868,-495.248567814182,11.0402572466859
6.26,-509.422747810518,-497.900811782425,11.5219360280934
6.27,-512.56280648332,-500.87369056726,11.68911591606
6.28,-515.70439913691,-503.751342783679,11.9530563532306
6.29,-518.850593732864,-506.565901902301,12.2846918305629
6.3,-521.996788328817,-509.686127403171,12.3106609256465
6.31,-525.144516905558,-512.701903835395,12.4426130701629
6.32,-528.293779463088,-515.645241976101,12.6485374869868
6.33,-531.443042020617,-518.8810967962,12.5619452244172
6.34,-534.592304578146,-522.005975196108,12.5863293820381
6.35,-537.743101116463,-525.050559011031,12.6925421054319
6.36,-540.892363673992,-528.376988698988,12.5153749750039
6.37,-544.043160212309,-531.587006560364,12.4561536519449
6.38,-547.193956750627,-534.711386161187,12.4825705894395
6.39,-550.344753288944,-538.107343069597,12.2374102193469
6.4,-553.495549827261,-541.38412517007,12.1114246571915
6.41,-556.647880346366,-544.569837395028,12.0780429513378
6.42,-559.798676884683,-548.019701953029,11.7789749316539
6.43,-562.951007403788,-551.347270458925,11.6037369448632
6.44,-566.101803942105,-554.580907998811,11.520895943294
6.45,-569.25413446121,-558.070962321622,11.1831721395877
6.46,-572.406464980315,-561.437818208595,10.9686467717198
6.47,-575.55879549942,-564.707647274459,10.8511482249613
6.48,-578.711126018525,-568.228373106264,10.4827529122607
6.49,-581.864990518418,-571.624740325896,10.2402501925218
6.5,-585.017321037523,-574.922858838019,10.0944621995044
6.51,-588.169651556628,-578.466129084127,9.70352247250139
6.52,-591.321982075733,-581.885387656267,9.43659441946591
6.53,-594.475846575626,-585.204848223445,9.27099835218064
6.54,-597.626643113943,-588.76480609902,8.86183701492337
6.55,-600.780507613836,-592.200935348804,8.57957226503186
6.56,-603.931304152153,-595.536523555751,8.39478059640203
6.57,-607.085168652046,-599.1080580057,7.97711064634586
6.58,-610.232897228787,-602.55648917675,7.67640805203666
6.59,-613.115247129224,-605.740016620701,7.37523050852303
6.6,-615.653985333175,-609.317761490812,6.33622384236321
6.61,-617.910471072155,-611.965339313665,5.94513175848954
6.62,-619.919985904285,-614.299366889789,5.62061901449579
6.63,-621.677927887202,-616.30156611882,5.37636176838225
6.64,-623.188898963269,-617.852098298432,5.33680066483657
6.65,-624.451365151699,-618.964260821628,5.48710433007091
6.66,-625.469928394855,-619.945344923659,5.52458347119637
6.67,-626.246122673525,-620.487705117796,5.7584175557289
6.68,-626.775346045346,-620.702108850698,6.07323719464785
6.69,-627.06220045268,-620.829213710807,6.23298674187311
6.7,-627.108219876317,-620.593743148298,6.5144767280193
6.71,-626.930278104922,-620.081218097595,6.84906000732678
6.72,-626.543714946375,-619.53683589093,7.00687905544453
6.73,-625.951598362251,-618.679043097976,7.27255526427484
6.74,-625.153928352551,-617.591860030851,7.56206832169994
6.75,-624.158374821213,-616.512370529376,7.64600429183736
6.76,-622.966471749026,-615.161594558079,7.80487719094742
6.77,-621.575151174413,-613.617800773761,7.95735040065154
6.78,-619.985947078164,-612.114119926736,7.87182715142762
6.79,-618.197325479489,-610.372099554248,7.82522592524083
6.8,-616.213888320753,-608.46669746287,7.7471908578832
6.81,-614.035635601955,-606.625893461428,7.40974214052744
6.82,-611.659499361521,-604.574070413327,7.08542894819414
6.83,-609.111557272843,-602.381601245274,6.72995602756907
6.84,-606.417887009315,-600.273657588578,6.14422942073747
6.85,-603.607634205909,-597.974524170514,5.63311003539525
6.86,-600.703808574441,-595.551554368704,5.15225420573745
6.87,-597.721749922792,-593.225247751478,4.49650217131398
6.88,-594.687535924354,-590.722319677341,3.96521624701313
6.89,-591.613438425431,-588.109829503473,3.50360892195829
6.9,-588.517865195478,-585.602546724555,2.91531847092278
6.91,-585.402350215282,-582.933415303365,2.46893491191656
6.92,-582.279165331147,-580.164478255864,2.11468707528263
6.93,-579.145242581497,-577.510443172723,1.63479940877414
6.94,-576.009785851058,-574.705828839362,1.30395701169653
6.95,-572.866659216681,-571.81136570041,1.05529351627081
6.96,-569.723532582303,-569.039853709405,0.683678872897644
6.97,-566.575804005562,-566.12724206416,0.448561941401636
6.98,-563.434211351972,-563.134307522149,0.299903829822711
6.99,-560.461356585049,-560.435359512782,0.025997072267046
7,-557.752346513643,-557.438587286111,0.313759227532387
7.01,-555.299511233814,-555.188691200218,0.110820033596156
7.02,-553.10438472635,-553.279325979009,-0.174941252658869
7.03,-551.16696699125,-551.809262009195,-0.642295017944775
7.04,-549.482656086152,-550.597899018642,-1.11524293248988
7.05,-548.056053953418,-549.858453598155,-1.80239964473719
7.06,-546.87949068911,-549.355488276069,-2.47599758695924
7.07,-545.957568235591,-549.106037222905,-3.14846898731446
7.08,-545.288752612073,-549.219486894392,-3.93073428231924
7.09,-544.868441876192,-549.528258952888,-4.65981707669596
7.1,-544.695102047161,-550.021167672935,-5.32606562577371
7.11,-544.757995259464,-550.826969922081,-6.06897466261739
7.12,-545.037179762859,-551.775696402787,-6.73851663992809
7.13,-545.524985653407,-552.861281229439,-7.33629557603194
7.14,-546.221412931107,-554.214700901579,-7.99328797047224
7.15,-547.127995576747,-555.670841959125,-8.54284638237755
7.16,-548.240131647965,-557.226632031875,-8.9865003839102
7.17,-549.55628716397,-559.014857303597,-9.45857013962723
7.18,-551.079530086341,-560.872707639508,-9.79317755316697
7.19,-552.803724491924,-562.802072620187,-9.99834812826305
7.2,-554.731938342297,-564.933587397029,-10.2016490547323
7.21,-556.861103675882,-567.110888643296,-10.2497849674144
7.22,-559.189686511892,-569.335727415506,-10.1460409036135
7.23,-561.719220831116,-571.73966533106,-10.0204444999437
7.24,-564.438968768037,-574.169815514153,-9.73084674611562
7.25,-567.292173033504,-576.629476916542,-9.33730388303843
7.26,-570.234348184669,-579.249603467825,-9.01525528315551
7.27,-573.237882567349,-581.884295519535,-8.6464129521861
7.28,-576.287436373666,-584.537317902642,-8.24988152897572
7.29,-579.364601834164,-587.341289365586,-7.97668753142239
7.3,-582.466310987269,-590.148993937733,-7.6826829504638
7.31,-585.578758005889,-592.964573417773,-7.38581541188444
7.32,-588.7050108516,-595.918669627179,-7.21365877557878
7.33,-591.835865639674,-598.866758258318,-7.03089261864375
7.34,-594.975924312476,-601.812878777583,-6.83695446510683
7.35,-598.115982985278,-604.886398196729,-6.77041521145145
7.36,-601.262177581232,-607.94582652688,-6.68364894564786
7.37,-604.408372177185,-610.995094783158,-6.58672260597348
7.38,-607.553032792351,-614.162893165426,-6.60986037307521
7.39,-610.429246769636,-617.14616799256,-6.71692122292347
7.4,-612.966450992799,-620.275299915436,-7.30884892263748
7.41,-615.222936731779,-622.707351942264,-7.48441521048517
7.42,-617.227849621545,-624.901440553288,-7.67359093174332
7.43,-618.985791604462,-626.51401645245,-7.52822484798776
7.44,-620.495228699742,-627.900234892933,-7.40500619319084
7.45,-621.754626926596,-628.919900946272,-7.16527401967608
7.46,-622.770122208176,-629.558456102628,-6.78833389445208
7.47,-623.541714544483,-629.978451063931,-6.43673651944835
7.48,-624.067869954727,-630.138512780895,-6.07064282616773
7.49,-624.353190381274,-629.962073824137,-5.60888344286309
7.5,-624.397675824123,-629.637029128676,-5.23935330455333
7.51,-624.219734052728,-629.101319801686,-4.8815857489576
7.52,-623.834704874969,-628.284870463818,-4.45016558884902
7.53,-623.245656252421,-627.363943363587,-4.11828711116641
7.54,-622.454122165872,-626.277671594623,-3.82354942875122
7.55,-621.463170576898,-624.951787034894,-3.48861645799616
7.56,-620.274335466286,-623.558469438354,-3.2841339720685
7.57,-618.884548872462,-622.034772286496,-3.1502234140338
7.58,-617.303014680152,-620.304854047048,-3.00183936689609
7.59,-615.804315450388,-618.699991127545,-2.89567567715687
7.6,-614.5617910122,-616.828769538761,-2.26697852656116
7.61,-613.570839423226,-615.58626311893,-2.01542369570427
7.62,-612.826858741102,-614.533065519225,-1.70620677812303
7.63,-612.335984888978,-613.953835995351,-1.61785110637322
7.64,-612.098217866856,-613.541736755247,-1.44351888839105
7.65,-612.107421751583,-613.460311868678,-1.35289011709517
7.66,-612.340586831342,-613.66920025831,-1.32861342696754
7.67,-612.790043202192,-614.048062068426,-1.25801886623424
7.68,-613.452722902559,-614.665780602572,-1.21305770001254
7.69,-614.317888066926,-615.538448014957,-1.22055994803065
7.7,-615.387072676083,-616.523795900881,-1.13672322479761
7.71,-616.664878672391,-617.708226069938,-1.04334739754745
7.72,-618.145170132701,-619.102309784664,-0.957139651962621
7.73,-619.831015018587,-620.573228801653,-0.742213783066404
7.74,-621.719345368475,-622.205936791961,-0.486591423486402
7.75,-623.810161182363,-624.015301109894,-0.205139927530809
7.76,-626.101928479464,-625.871254185445,0.230674294018741
7.77,-628.59311327899,-627.859957071853,0.733156207136972
7.78,-631.274511696214,-629.998541587785,1.27597010842862
7.79,-633.793308149922,-631.997834838717,1.795473311205
7.8,-636.028318157872,-634.267537613423,1.7607805444494
7.81,-638.013289297396,-635.866468260228,2.14682103716802
7.82,-639.749755549282,-637.260024045155,2.48973150412689
7.83,-641.239250894319,-638.191370110351,3.04788078396825
7.84,-642.484843294083,-638.909593776639,3.57524951744381
7.85,-643.483464786996,-639.285315949598,4.19814883739843
7.86,-644.242785276999,-639.388448996511,4.85433628048759
7.87,-644.758202821729,-639.274765635386,5.48343718634317
7.88,-645.029717421185,-638.916398525833,6.11331889535188
7.89,-645.055795094579,-638.319265026479,6.73653006810025
7.9,-644.856377592154,-637.568092142116,7.2882854500383
7.91,-644.448338702576,-636.613138685424,7.83520001715181
7.92,-643.837814348998,-635.467807197488,8.37000715150998
7.93,-643.027872492994,-634.20618159213,8.8216909008645
7.94,-642.018513134565,-632.780385089146,9.23812804541876
7.95,-640.809736273711,-631.198190185068,9.61154608864331
7.96,-639.40307589122,-629.532364042443,9.87071184877755
7.97,-637.796998006304,-627.732175682653,10.0648223236508
7.98,-635.994570580538,-625.804154464088,10.1904161164503
7.99,-633.995793613923,-623.817316998262,10.1784766156612
8,-631.799133125671,-621.72074908173,10.0783840439409
8.01,-629.409191058145,-619.518251926462,9.89093913168335
8.02,-626.848977123164,-617.277180028774,9.57179709438958
8.03,-624.141501032546,-614.945084455426,9.19641657711952
8.04,-621.3235783252,-612.524485568191,8.79909275700936
8.05,-618.407480847429,-610.077725088498,8.32975575893056
8.06,-615.41775229184,-607.553458010783,7.86429428105737
8.07,-612.375868389463,-604.951331760447,7.42453662901642
8.08,-609.298702928965,-602.335272542958,6.96343038600696
8.09,-606.19699377586,-599.651231360757,6.54576241510313
8.1,-603.081478795664,-596.900225598786,6.18125319687817
8.11,-599.953691969165,-594.143735883083,5.80995608608168
8.12,-596.818235238727,-591.329305132824,5.48893010590302
8.13,-593.676642585137,-588.457210114831,5.21943247030629
8.14,-590.53351595076,-585.587598386652,4.94591756410807
8.15,-587.387321354806,-582.669298402834,4.71802295197153
8.16,-584.238058797277,-579.700673118668,4.53738567860898
8.17,-581.088796239748,-576.742177070508,4.34661916923972
8.18,-577.939533682218,-573.741441676323,4.19809200589498
8.19,-574.788737143901,-570.697607172266,4.09112997163527
8.2,-571.636406624796,-567.668736091416,3.9676705333801
8.21,-568.485610086479,-564.604069095734,3.88154099074518
8.22,-565.334813548162,-561.501126722956,3.83368682520575
8.23,-562.182483029057,-558.417927913711,3.76455511534618
8.24,-559.03168649074,-555.303342543113,3.7283439476272
8.25,-555.880889952423,-552.155041210638,3.7258487417854
8.26,-552.728559433318,-549.029745228405,3.69881420491311
8.27,-549.576228914213,-545.8769407339,3.69928818031315
8.28,-546.423898395108,-542.693954965203,3.72994342990546
8.29,-543.270033895215,-539.536515318225,3.73351857698981
8.3,-540.11770337611,-536.354902422081,3.76280095402944
8.31,-536.963838876217,-533.145724408873,3.81811446734366
8.32,-533.809974376324,-529.964382032075,3.84559234424921
8.33,-530.656109876431,-526.76101698692,3.89509288951115
8.34,-527.502245376539,-523.532727586885,3.96951778965376
8.35,-524.348380876646,-520.333280206254,4.01510067039214
8.36,-521.194516376753,-517.114395470252,4.0801209065005
8.37,-518.039117896072,-513.871735446125,4.16738244994735
8.38,-514.888321357755,-510.659676066514,4.22864529124132
8.39,-511.909330667681,-507.595482460038,4.31384820764254
8.4,-509.18958273076,-504.343260227126,4.84632250363444
8.41,-506.729077546991,-501.943093428011,4.78598411898031
8.42,-504.523213174012,-499.734783079023,4.78843009498871
8.43,-502.575057573397,-498.069261983346,4.50579559005058
8.44,-500.883076764359,-496.762863031258,4.12021373310063
8.45,-499.444202785322,-495.776240188099,3.66796259722298
8.46,-498.256901655499,-495.124863353617,3.13203830188229
8.47,-497.324241336464,-494.822659460143,2.50158187632081
8.48,-496.638551924279,-494.731548360419,1.90700356385952
8.49,-496.207503322884,-494.929330825903,1.27817249698052
8.5,-496.029561551489,-495.402632871773,0.626928679715661
8.51,-496.095522725368,-496.035707534691,0.059815190676602
8.52,-496.380843151915,-496.900294548353,-0.519451396437546
8.53,-496.882454869553,-497.992943403828,-1.11048853427485
8.54,-497.592687974344,-499.199457434389,-1.60676946004543
8.55,-498.506940523924,-500.595400842821,-2.08846031889743
8.56,-499.629814460656,-502.17932037523,-2.5495059145735
8.57,-500.956707842177,-503.841774228206,-2.88506638602945
8.58,-502.486086687699,-505.659852038153,-3.17376535045395
8.59,-504.221018958798,-507.63365239363,-3.41263343483178
8.6,-506.158436693898,-509.658281719028,-3.49984502512973
8.61,-508.298339892998,-511.810793663553,-3.51245377055511
8.62,-510.636126613736,-514.094013014893,-3.45788640115723
8.63,-513.177932779262,-516.405333723939,-3.22740094467667
8.64,-515.903816639335,-518.823055659488,-2.9192390201531
8.65,-518.761622847166,-521.351781560189,-2.59015871302313
8.66,-521.705331979119,-523.890982166173,-2.18565018705431
8.67,-524.71500228495,-526.523181978898,-1.80817969394832
8.68,-527.767624052843,-529.253153453428,-1.48552940058482
8.69,-530.850925436493,-531.986059710781,-1.13513427428848
8.7,-533.955702551173,-534.798461583324,-0.842759032150866
8.71,-537.075819473733,-537.697773336066,-0.621953862333385
8.72,-540.203606300232,-540.588353859965,-0.384747559733455
8.73,-543.340597011458,-543.547623523211,-0.207026511752815
8.74,-546.48065568426,-546.582523509406,-0.10186782514586
8.75,-549.622248337849,-549.599513593519,0.022734744330478
8.76,-552.768442933803,-552.675244947215,0.0931979865885069
8.77,-555.914637529756,-555.817655990691,0.0969815390644726
8.78,-559.062366106498,-558.934533909635,0.127832196862869
8.79,-562.211628664027,-562.10207824197,0.109550422057396
8.8,-565.362425202344,-565.328678564896,0.0337466374483029
8.81,-568.513221740661,-568.523938905914,-0.0107171652525722
8.82,-571.665552259766,-571.763304929921,-0.0977526701551596
8.83,-574.817882778871,-575.055723142514,-0.237840363643386
8.84,-577.971747278764,-578.312356664802,-0.340609386037727
8.85,-581.124077797869,-581.607655060957,-0.483577263087795
8.86,-584.277942297762,-584.951432290981,-0.673489993218936
8.87,-587.431806797655,-588.255683465786,-0.823876668130993
8.88,-590.587205278336,-591.594650474617,-1.00744519628142
8.89,-593.741069778228,-594.977668412259,-1.23659863403088
8.9,-596.896468258909,-598.318909338779,-1.42244107986983
8.91,-600.050332758802,-601.690519725764,-1.64018696696212
8.92,-603.205731239483,-605.103642054155,-1.89791081467183
8.93,-606.361129720164,-608.471995372628,-2.11086565246376
8.94,-609.516528200844,-611.868515281544,-2.35198708070038
8.95,-612.671926681525,-615.303036037075,-2.63110935554982
8.96,-615.825791181418,-618.691888857164,-2.86609767574578
8.97,-618.979655681311,-622.105944426753,-3.12628874544225
8.98,-622.12891823884,-625.556396920622,-3.42747868178196
8.99,-625.011268139277,-628.795795090352,-3.78452695107467
9,-627.551540324016,-632.221572050117,-4.67003172610112
9.01,-629.80495810142,-634.873155772353,-5.06819767093282
9.02,-631.811404971974,-637.265589812755,-5.4541848407813
9.03,-633.569346954891,-639.120002519566,-5.55065556467468
9.04,-635.080318030959,-640.676611141144,-5.59629311018489
9.05,-636.344318200176,-641.848140627852,-5.50382242767614
9.06,-637.362881443332,-642.685004450825,-5.32212300749256
9.07,-638.139075722003,-643.235296414449,-5.09622069244608
9.08,-638.674435016975,-643.510116848392,-4.83568183141699
9.09,-638.962823405097,-643.496840299621,-4.53401689452369
9.1,-639.008842828734,-643.270100902768,-4.261258074034
9.11,-638.827833095763,-642.819627860022,-3.99179476425923
9.12,-638.436667994852,-642.138124945991,-3.70145695113854
9.13,-637.838415487577,-641.290539771783,-3.45212428420598
9.14,-637.042279458664,-640.266030406756,-3.22375094809206
9.15,-636.046725927327,-639.052863525094,-3.00613759776661
9.16,-634.851754893564,-637.712820613846,-2.86106572028166
9.17,-633.458900338163,-636.232630968479,-2.77373063031598
9.18,-631.87276420349,-634.597508804605,-2.72474460111482
9.19,-630.367929050574,-633.030464665978,-2.66253561540429
9.2,-629.119268689235,-631.188154289838,-2.06888560060315
9.21,-628.122181177109,-630.026377436461,-1.90419625935192
9.22,-627.378200494985,-628.998225724386,-1.62002522940054
9.23,-626.885792662073,-628.437062560231,-1.5512698981579
9.24,-626.6418897168,-628.090929284449,-1.4490395676487
9.25,-626.638821755224,-628.026675718888,-1.3878539636637
9.26,-626.858181007892,-628.23965247017,-1.38147146227811
9.27,-627.289229609287,-628.67938451677,-1.39015490748295
9.28,-627.928899597836,-629.304192676971,-1.37529307913451
9.29,-628.780258935112,-630.176824841441,-1.3965659063291
9.3,-629.837171697965,-631.215385792255,-1.37821409429
9.31,-631.098103905607,-632.401715477698,-1.30361157209131
9.32,-632.566123519614,-633.790367478657,-1.22424395904329
9.33,-634.235094616834,-635.308663466757,-1.07356884992259
9.34,-636.108085158842,-636.937852995116,-0.829767836274527
9.35,-638.183561164851,-638.736899792509,-0.55333862765815
9.36,-640.458454673286,-640.635058867724,-0.176604194437573
9.37,-642.934299664933,-642.616113337936,0.318186326997306
9.38,-645.600358274278,-644.740479671212,0.859878603065908
9.39,-648.103814920108,-646.777988265206,1.3258266549019
9.4,-650.326553081754,-649.036385058591,1.29016802316289
9.41,-652.302320336551,-650.618486312274,1.68383402427719
9.42,-654.028048722922,-652.046362026986,1.98168669593599
9.43,-655.508340183232,-652.964788248613,2.54355193461936
9.44,-656.741660736692,-653.663661850322,3.07799888636964
9.45,-657.72954436409,-654.071654226577,3.65789013751271
9.46,-658.470457084639,-654.159902262137,4.31055482250156
9.47,-658.965932879126,-654.025639472266,4.9402934068595
9.48,-659.222107670703,-653.69703902326,5.5250686474435
9.49,-659.238981459369,-653.083952206353,6.15502925301632
9.5,-659.039563956944,-652.310477737383,6.72908621956083
9.51,-658.633059048155,-651.383819312194,7.24923973596151
9.52,-658.024068675364,-650.221054055002,7.80301462036209
9.53,-657.209524876997,-648.9362246831,8.27330019389717
9.54,-656.195563576204,-647.536640324646,8.65892325155801
9.55,-654.983718753775,-645.936384073883,9.0473346798924
9.56,-653.573990409708,-644.246118295476,9.32787211423192
9.57,-651.967912524792,-642.471062600704,9.49684992408777
9.58,-650.165485099026,-640.524145670133,9.64133942889305
9.59,-648.453562539746,-638.677034136481,9.77652840326527
9.6,-646.994746810466,-636.604186459154,10.3905603513119
9.61,-645.790571891976,-635.192255959066,10.5983159329103
9.62,-644.836435841911,-633.940486247417,10.8959495944939
9.63,-644.130804679484,-633.199987835625,10.9308168438592
9.64,-643.678280347058,-632.653433561472,11.024846785586
9.65,-643.48039682542,-632.407095926126,11.0733008992945
9.66,-643.524882268269,-632.48485662063,11.0400256476393
9.67,-643.793328906149,-632.758637545185,11.0346913609635
9.68,-644.274998873545,-633.237780039651,11.0372188338939
9.69,-644.968358189669,-634.00504563922,10.9633125504492
9.7,-645.864202969795,-634.907670595195,10.9565323746003
9.71,-646.967135156284,-635.975534355363,10.991600800921
9.72,-648.275620768351,-637.28311187716,10.9925088911914
9.73,-649.786591844418,-638.689984688746,11.0966071556725
9.74,-651.506184307638,-640.223360062345,11.2828242452933
9.75,-653.423660292495,-641.96248161542,11.4611786770752
9.76,-655.545155722141,-643.768529260345,11.7766264617959
9.77,-657.869136615788,-645.671878235753,12.1972583800346
9.78,-660.391001031072,-647.752354326746,12.6386467043257
9.79,-663.104613044841,-649.874938775296,13.2296742695455
9.8,-665.950147406369,-652.072444337165,13.8777030692044
9.81,-668.890788576746,-654.423701507644,14.4670870691025
9.82,-671.897390921002,-656.802713683409,15.0946772375935
9.83,-674.951546669682,-659.240344061092,15.7112026085896
9.84,-678.037916014908,-661.819044849819,16.2188711650891
9.85,-681.144227110377,-664.410712627307,16.7335144830697
9.86,-684.267411994512,-667.047888868167,17.2195231263452
9.87,-687.399800763374,-669.811319453484,17.5884813098895
9.88,-690.541393416964,-672.576248471042,17.9651449459218
9.89,-693.68605403213,-675.373371059248,18.3126829728818
9.9,-696.836850570447,-678.285610702883,18.5512398675638
9.91,-699.987647108764,-681.187813187967,18.7998339207966
9.92,-703.143045589444,-684.113318654804,19.0297269346398
9.93,-706.296910089337,-687.142064800701,19.1548452886365
9.94,-709.455376531594,-690.15380519187,19.3015713397242
9.95,-712.610775012275,-693.179060640379,19.4317143718964
9.96,-715.769241454531,-696.300056414043,19.4691850404879
9.97,-718.926173916,-699.396359498451,19.5298144175492
9.98,-722.084640358256,-702.500539435766,19.5841009224896
9.99,-725.243106800513,-705.692435203519,19.550671596994
